ISO-10303-21;
HEADER;
/* Generated by software containing ST-Developer
 * from STEP Tools, Inc. (www.steptools.com) 
 */
/* OPTION: using custom renumber hook */

FILE_DESCRIPTION(
/* description */ ('STEP AP242 Edition 2',
'CAx-IF Rec.Pracs.---Representation and Presentation of Product Manufa
cturing Information (PMI)---4.0---2014-10-13',
'CAx-IF Rec.Pracs.---3D Tessellated Geometry---0.4---2014-09-14','2;1',
'CAx-IF Rec.Pracs.---User Defined Attributes---1.5---2016-08-15'),
/* implementation_level */ '2;1');

FILE_NAME(
/* name */ 'Straight Tenon C-Sweep v0.1',
/* time_stamp */ '2026-08-29T09:53:51Z',
/* author */ (''),
/* organization */ (''),
/* preprocessor_version */ 'ST-DEVELOPER v20',
/* originating_system */ 'ONSHAPE BY PTC INC, 1.220',
/* authorisation */ '  ');

FILE_SCHEMA (('AP242_MANAGED_MODEL_BASED_3D_ENGINEERING_MIM_LF { 1 0 10303 442 3 1 4 }'));
ENDSEC;

DATA;
#10=SHAPE_REPRESENTATION_RELATIONSHIP('','',#6932,#15);
#11=SHAPE_REPRESENTATION_RELATIONSHIP('','',#6933,#16);
#12=SHAPE_REPRESENTATION_RELATIONSHIP('','',#6934,#17);
#13=SHAPE_REPRESENTATION_RELATIONSHIP('','',#6935,#18);
#14=SHAPE_REPRESENTATION_RELATIONSHIP('','',#6936,#19);
#15=ADVANCED_BREP_SHAPE_REPRESENTATION('',(#6922),#12262);
#16=ADVANCED_BREP_SHAPE_REPRESENTATION('',(#6923),#12263);
#17=ADVANCED_BREP_SHAPE_REPRESENTATION('',(#6924),#12264);
#18=ADVANCED_BREP_SHAPE_REPRESENTATION('',(#6925),#12265);
#19=ADVANCED_BREP_SHAPE_REPRESENTATION('',(#6926),#12266);
#20=CYLINDRICAL_SURFACE('',#6980,0.00035);
#21=CYLINDRICAL_SURFACE('',#6983,0.00035);
#22=CYLINDRICAL_SURFACE('',#6986,0.00035);
#23=CYLINDRICAL_SURFACE('',#6989,0.00035);
#24=CYLINDRICAL_SURFACE('',#6992,0.00035);
#25=CYLINDRICAL_SURFACE('',#6995,0.00035);
#26=CYLINDRICAL_SURFACE('',#6998,0.00035);
#27=CYLINDRICAL_SURFACE('',#7001,0.00035);
#28=CYLINDRICAL_SURFACE('',#7004,0.00035);
#29=CYLINDRICAL_SURFACE('',#7007,0.00035);
#30=CYLINDRICAL_SURFACE('',#7010,0.00035);
#31=CYLINDRICAL_SURFACE('',#7013,0.00035);
#32=CYLINDRICAL_SURFACE('',#7016,0.00035);
#33=CYLINDRICAL_SURFACE('',#7019,0.00035);
#34=CYLINDRICAL_SURFACE('',#7022,0.00035);
#35=CYLINDRICAL_SURFACE('',#7025,0.00035);
#36=CYLINDRICAL_SURFACE('',#7028,0.00035);
#37=CYLINDRICAL_SURFACE('',#7031,0.00035);
#38=CYLINDRICAL_SURFACE('',#7034,0.00035);
#39=CYLINDRICAL_SURFACE('',#7037,0.00035);
#40=CYLINDRICAL_SURFACE('',#7040,0.00035);
#41=CYLINDRICAL_SURFACE('',#7043,0.00035);
#42=CYLINDRICAL_SURFACE('',#7046,0.00035);
#43=CYLINDRICAL_SURFACE('',#7049,0.00035);
#44=CYLINDRICAL_SURFACE('',#7052,0.00035);
#45=CYLINDRICAL_SURFACE('',#7055,0.00035);
#46=CYLINDRICAL_SURFACE('',#7058,0.00035);
#47=CYLINDRICAL_SURFACE('',#7061,0.00035);
#48=CYLINDRICAL_SURFACE('',#7064,0.00035);
#49=CYLINDRICAL_SURFACE('',#7067,0.00035);
#50=CYLINDRICAL_SURFACE('',#7115,0.00035);
#51=CYLINDRICAL_SURFACE('',#7118,0.00035);
#52=CYLINDRICAL_SURFACE('',#7121,0.00035);
#53=CYLINDRICAL_SURFACE('',#7124,0.00035);
#54=CYLINDRICAL_SURFACE('',#7127,0.00035);
#55=CYLINDRICAL_SURFACE('',#7130,0.00035);
#56=CYLINDRICAL_SURFACE('',#7133,0.00035);
#57=CYLINDRICAL_SURFACE('',#7136,0.00035);
#58=CYLINDRICAL_SURFACE('',#7139,0.00035);
#59=CYLINDRICAL_SURFACE('',#7142,0.00035);
#60=CYLINDRICAL_SURFACE('',#7145,0.00035);
#61=CYLINDRICAL_SURFACE('',#7148,0.00035);
#62=CYLINDRICAL_SURFACE('',#7151,0.00035);
#63=CYLINDRICAL_SURFACE('',#7154,0.00035);
#64=CYLINDRICAL_SURFACE('',#7157,0.00035);
#65=CYLINDRICAL_SURFACE('',#7160,0.00035);
#66=CYLINDRICAL_SURFACE('',#7163,0.00035);
#67=CYLINDRICAL_SURFACE('',#7166,0.00035);
#68=CYLINDRICAL_SURFACE('',#7169,0.00035);
#69=CYLINDRICAL_SURFACE('',#7172,0.00035);
#70=CYLINDRICAL_SURFACE('',#7175,0.00035);
#71=CYLINDRICAL_SURFACE('',#7178,0.00035);
#72=CYLINDRICAL_SURFACE('',#7181,0.00035);
#73=CYLINDRICAL_SURFACE('',#7184,0.00035);
#74=CYLINDRICAL_SURFACE('',#7187,0.00035);
#75=CYLINDRICAL_SURFACE('',#7190,0.00035);
#76=CYLINDRICAL_SURFACE('',#7193,0.00035);
#77=CYLINDRICAL_SURFACE('',#7196,0.00035);
#78=CYLINDRICAL_SURFACE('',#7199,0.00035);
#79=CYLINDRICAL_SURFACE('',#7202,0.00035);
#80=CYLINDRICAL_SURFACE('',#7205,0.00035);
#81=CYLINDRICAL_SURFACE('',#7208,0.00035);
#82=CYLINDRICAL_SURFACE('',#7364,0.00035);
#83=CYLINDRICAL_SURFACE('',#7367,0.00035);
#84=CYLINDRICAL_SURFACE('',#7370,0.00035);
#85=CYLINDRICAL_SURFACE('',#7373,0.00035);
#86=CYLINDRICAL_SURFACE('',#7376,0.00035);
#87=CYLINDRICAL_SURFACE('',#7379,0.00035);
#88=CYLINDRICAL_SURFACE('',#7382,0.00035);
#89=CYLINDRICAL_SURFACE('',#7385,0.00035);
#90=CYLINDRICAL_SURFACE('',#7388,0.00035);
#91=CYLINDRICAL_SURFACE('',#7391,0.00035);
#92=CYLINDRICAL_SURFACE('',#7394,0.00035);
#93=CYLINDRICAL_SURFACE('',#7397,0.00035);
#94=CYLINDRICAL_SURFACE('',#7400,0.00035);
#95=CYLINDRICAL_SURFACE('',#7403,0.00035);
#96=CYLINDRICAL_SURFACE('',#7406,0.00035);
#97=CYLINDRICAL_SURFACE('',#7409,0.00035);
#98=CYLINDRICAL_SURFACE('',#7412,0.00035);
#99=CYLINDRICAL_SURFACE('',#7415,0.00035);
#100=CYLINDRICAL_SURFACE('',#7418,0.00035);
#101=CYLINDRICAL_SURFACE('',#7421,0.00035);
#102=CYLINDRICAL_SURFACE('',#7424,0.00035);
#103=CYLINDRICAL_SURFACE('',#7427,0.00035);
#104=CYLINDRICAL_SURFACE('',#7430,0.00035);
#105=CYLINDRICAL_SURFACE('',#7433,0.00035);
#106=CYLINDRICAL_SURFACE('',#7436,0.00035);
#107=CYLINDRICAL_SURFACE('',#7439,0.00035);
#108=CYLINDRICAL_SURFACE('',#7442,0.00035);
#109=CYLINDRICAL_SURFACE('',#7445,0.00035);
#110=CYLINDRICAL_SURFACE('',#7448,0.00035);
#111=CYLINDRICAL_SURFACE('',#7451,0.00035);
#112=CYLINDRICAL_SURFACE('',#7454,0.00035);
#113=CYLINDRICAL_SURFACE('',#7457,0.00035);
#114=CYLINDRICAL_SURFACE('',#7460,0.00035);
#115=CYLINDRICAL_SURFACE('',#7463,0.00035);
#116=CYLINDRICAL_SURFACE('',#7466,0.00035);
#117=CYLINDRICAL_SURFACE('',#7469,0.00035);
#118=CYLINDRICAL_SURFACE('',#7472,0.00035);
#119=CYLINDRICAL_SURFACE('',#7475,0.00035);
#120=CYLINDRICAL_SURFACE('',#7478,0.00035);
#121=CYLINDRICAL_SURFACE('',#7481,0.00035);
#122=CYLINDRICAL_SURFACE('',#7484,0.00035);
#123=CYLINDRICAL_SURFACE('',#7487,0.00035);
#124=CYLINDRICAL_SURFACE('',#7490,0.00035);
#125=CYLINDRICAL_SURFACE('',#7493,0.00035);
#126=CYLINDRICAL_SURFACE('',#7496,0.00035);
#127=CYLINDRICAL_SURFACE('',#7499,0.00035);
#128=CYLINDRICAL_SURFACE('',#7502,0.00035);
#129=CYLINDRICAL_SURFACE('',#7505,0.00035);
#130=CYLINDRICAL_SURFACE('',#7508,0.00035);
#131=CYLINDRICAL_SURFACE('',#7511,0.00035);
#132=CYLINDRICAL_SURFACE('',#7514,0.00035);
#133=CYLINDRICAL_SURFACE('',#7517,0.00035);
#134=CYLINDRICAL_SURFACE('',#7520,0.00035);
#135=CYLINDRICAL_SURFACE('',#7523,0.00035);
#136=CYLINDRICAL_SURFACE('',#7526,0.00035);
#137=CYLINDRICAL_SURFACE('',#7529,0.00035);
#138=CYLINDRICAL_SURFACE('',#7532,0.00035);
#139=CYLINDRICAL_SURFACE('',#7535,0.00035);
#140=CYLINDRICAL_SURFACE('',#7538,0.00035);
#141=CYLINDRICAL_SURFACE('',#7541,0.00035);
#142=CYLINDRICAL_SURFACE('',#7544,0.00035);
#143=CYLINDRICAL_SURFACE('',#7547,0.00035);
#144=CYLINDRICAL_SURFACE('',#7550,0.00035);
#145=CYLINDRICAL_SURFACE('',#7553,0.00035);
#146=CYLINDRICAL_SURFACE('',#7556,0.00035);
#147=CYLINDRICAL_SURFACE('',#7559,0.00035);
#148=CYLINDRICAL_SURFACE('',#7562,0.00035);
#149=CYLINDRICAL_SURFACE('',#7565,0.00035);
#150=CYLINDRICAL_SURFACE('',#7568,0.00035);
#151=CYLINDRICAL_SURFACE('',#7571,0.00035);
#152=CYLINDRICAL_SURFACE('',#7574,0.00035);
#153=CYLINDRICAL_SURFACE('',#7577,0.00035);
#154=CYLINDRICAL_SURFACE('',#7580,0.00035);
#155=CYLINDRICAL_SURFACE('',#7583,0.00035);
#156=CYLINDRICAL_SURFACE('',#7586,0.00035);
#157=CYLINDRICAL_SURFACE('',#7589,0.00035);
#158=CYLINDRICAL_SURFACE('',#7592,0.00035);
#159=CYLINDRICAL_SURFACE('',#7595,0.00035);
#160=CYLINDRICAL_SURFACE('',#7598,0.00035);
#161=CYLINDRICAL_SURFACE('',#7601,0.00035);
#162=CYLINDRICAL_SURFACE('',#7604,0.00035);
#163=CYLINDRICAL_SURFACE('',#7607,0.00035);
#164=CYLINDRICAL_SURFACE('',#7610,0.00035);
#165=CYLINDRICAL_SURFACE('',#7613,0.00035);
#166=CYLINDRICAL_SURFACE('',#7616,0.00035);
#167=CYLINDRICAL_SURFACE('',#7619,0.00035);
#168=CYLINDRICAL_SURFACE('',#7622,0.00035);
#169=CYLINDRICAL_SURFACE('',#7625,0.00035);
#170=CYLINDRICAL_SURFACE('',#7628,0.00035);
#171=CYLINDRICAL_SURFACE('',#7631,0.00035);
#172=CYLINDRICAL_SURFACE('',#7634,0.00035);
#173=CYLINDRICAL_SURFACE('',#7637,0.00035);
#174=CYLINDRICAL_SURFACE('',#7640,0.00035);
#175=CYLINDRICAL_SURFACE('',#7643,0.00035);
#176=CYLINDRICAL_SURFACE('',#7646,0.00035);
#177=CYLINDRICAL_SURFACE('',#7649,0.00035);
#178=CYLINDRICAL_SURFACE('',#7652,0.00035);
#179=CYLINDRICAL_SURFACE('',#7655,0.00035);
#180=CYLINDRICAL_SURFACE('',#7658,0.00035);
#181=CYLINDRICAL_SURFACE('',#7661,0.00035);
#182=CYLINDRICAL_SURFACE('',#7664,0.00035);
#183=CYLINDRICAL_SURFACE('',#7667,0.00035);
#184=CYLINDRICAL_SURFACE('',#7670,0.00035);
#185=CYLINDRICAL_SURFACE('',#7673,0.00035);
#186=CYLINDRICAL_SURFACE('',#7676,0.00035);
#187=CYLINDRICAL_SURFACE('',#7679,0.00035);
#188=CYLINDRICAL_SURFACE('',#7682,0.00035);
#189=CYLINDRICAL_SURFACE('',#7685,0.00035);
#190=CYLINDRICAL_SURFACE('',#7688,0.00035);
#191=CYLINDRICAL_SURFACE('',#7691,0.00035);
#192=CYLINDRICAL_SURFACE('',#7694,0.00035);
#193=CYLINDRICAL_SURFACE('',#7697,0.00035);
#194=CYLINDRICAL_SURFACE('',#7700,0.00035);
#195=CYLINDRICAL_SURFACE('',#7703,0.00035);
#196=CYLINDRICAL_SURFACE('',#7706,0.00035);
#197=CYLINDRICAL_SURFACE('',#7709,0.00035);
#198=CYLINDRICAL_SURFACE('',#7712,0.00035);
#199=CYLINDRICAL_SURFACE('',#7715,0.00035);
#200=CYLINDRICAL_SURFACE('',#7718,0.00035);
#201=CYLINDRICAL_SURFACE('',#7721,0.00035);
#202=CYLINDRICAL_SURFACE('',#7724,0.00035);
#203=CYLINDRICAL_SURFACE('',#7727,0.00035);
#204=CYLINDRICAL_SURFACE('',#7730,0.00035);
#205=CYLINDRICAL_SURFACE('',#7733,0.00035);
#206=CYLINDRICAL_SURFACE('',#7736,0.00035);
#207=CYLINDRICAL_SURFACE('',#7739,0.00035);
#208=CYLINDRICAL_SURFACE('',#7787,0.00035);
#209=CYLINDRICAL_SURFACE('',#7790,0.00035);
#210=CYLINDRICAL_SURFACE('',#7793,0.00035);
#211=CYLINDRICAL_SURFACE('',#7796,0.00035);
#212=CYLINDRICAL_SURFACE('',#7799,0.00035);
#213=CYLINDRICAL_SURFACE('',#7802,0.00035);
#214=CYLINDRICAL_SURFACE('',#7805,0.00035);
#215=CYLINDRICAL_SURFACE('',#7808,0.00035);
#216=CYLINDRICAL_SURFACE('',#7811,0.00035);
#217=CYLINDRICAL_SURFACE('',#7814,0.00035);
#218=CYLINDRICAL_SURFACE('',#7817,0.00035);
#219=CYLINDRICAL_SURFACE('',#7820,0.00035);
#220=CYLINDRICAL_SURFACE('',#7823,0.00035);
#221=CYLINDRICAL_SURFACE('',#7826,0.00035);
#222=CYLINDRICAL_SURFACE('',#7829,0.00035);
#223=CYLINDRICAL_SURFACE('',#7832,0.00035);
#224=CYLINDRICAL_SURFACE('',#7835,0.00035);
#225=CYLINDRICAL_SURFACE('',#7838,0.00035);
#226=CYLINDRICAL_SURFACE('',#7841,0.00035);
#227=CYLINDRICAL_SURFACE('',#7844,0.00035);
#228=CYLINDRICAL_SURFACE('',#7847,0.00035);
#229=CYLINDRICAL_SURFACE('',#7850,0.00035);
#230=CYLINDRICAL_SURFACE('',#7853,0.00035);
#231=CYLINDRICAL_SURFACE('',#7856,0.00035);
#232=CYLINDRICAL_SURFACE('',#7859,0.00035);
#233=CYLINDRICAL_SURFACE('',#7862,0.00035);
#234=CYLINDRICAL_SURFACE('',#7865,0.00035);
#235=CYLINDRICAL_SURFACE('',#7868,0.00035);
#236=CYLINDRICAL_SURFACE('',#7871,0.00035);
#237=CYLINDRICAL_SURFACE('',#7874,0.00035);
#238=CYLINDRICAL_SURFACE('',#7877,0.00035);
#239=CYLINDRICAL_SURFACE('',#7880,0.00035);
#240=CYLINDRICAL_SURFACE('',#7928,0.00035);
#241=CYLINDRICAL_SURFACE('',#7931,0.00035);
#242=CYLINDRICAL_SURFACE('',#7934,0.00035);
#243=CYLINDRICAL_SURFACE('',#7937,0.00035);
#244=CYLINDRICAL_SURFACE('',#7940,0.00035);
#245=CYLINDRICAL_SURFACE('',#7943,0.00035);
#246=CYLINDRICAL_SURFACE('',#7946,0.00035);
#247=CYLINDRICAL_SURFACE('',#7949,0.00035);
#248=CYLINDRICAL_SURFACE('',#7952,0.00035);
#249=CYLINDRICAL_SURFACE('',#7955,0.00035);
#250=CYLINDRICAL_SURFACE('',#7958,0.00035);
#251=CYLINDRICAL_SURFACE('',#7961,0.00035);
#252=CYLINDRICAL_SURFACE('',#7964,0.00035);
#253=CYLINDRICAL_SURFACE('',#7967,0.00035);
#254=CYLINDRICAL_SURFACE('',#7970,0.00035);
#255=CYLINDRICAL_SURFACE('',#7973,0.00035);
#256=CYLINDRICAL_SURFACE('',#7976,0.00035);
#257=CYLINDRICAL_SURFACE('',#7979,0.00035);
#258=CYLINDRICAL_SURFACE('',#7982,0.00035);
#259=CYLINDRICAL_SURFACE('',#7985,0.00035);
#260=CYLINDRICAL_SURFACE('',#7988,0.00035);
#261=CYLINDRICAL_SURFACE('',#7991,0.00035);
#262=CYLINDRICAL_SURFACE('',#7994,0.00035);
#263=CYLINDRICAL_SURFACE('',#7997,0.00035);
#264=CYLINDRICAL_SURFACE('',#8000,0.00035);
#265=CYLINDRICAL_SURFACE('',#8003,0.00035);
#266=CYLINDRICAL_SURFACE('',#8006,0.00035);
#267=CYLINDRICAL_SURFACE('',#8009,0.00035);
#268=CYLINDRICAL_SURFACE('',#8012,0.00035);
#269=CYLINDRICAL_SURFACE('',#8015,0.00035);
#270=CYLINDRICAL_SURFACE('',#8018,0.00035);
#271=CYLINDRICAL_SURFACE('',#8021,0.00035);
#272=CIRCLE('',#6940,0.00035);
#273=CIRCLE('',#6941,0.00035);
#274=CIRCLE('',#6942,0.00035);
#275=CIRCLE('',#6943,0.00035);
#276=CIRCLE('',#6944,0.00035);
#277=CIRCLE('',#6945,0.00035);
#278=CIRCLE('',#6946,0.00035);
#279=CIRCLE('',#6947,0.00035);
#280=CIRCLE('',#6948,0.00035);
#281=CIRCLE('',#6949,0.00035);
#282=CIRCLE('',#6950,0.00035);
#283=CIRCLE('',#6951,0.00035);
#284=CIRCLE('',#6952,0.00035);
#285=CIRCLE('',#6953,0.00035);
#286=CIRCLE('',#6954,0.00035);
#287=CIRCLE('',#6955,0.00035);
#288=CIRCLE('',#6956,0.00035);
#289=CIRCLE('',#6957,0.00035);
#290=CIRCLE('',#6958,0.00035);
#291=CIRCLE('',#6959,0.00035);
#292=CIRCLE('',#6960,0.00035);
#293=CIRCLE('',#6961,0.00035);
#294=CIRCLE('',#6962,0.00035);
#295=CIRCLE('',#6963,0.00035);
#296=CIRCLE('',#6964,0.00035);
#297=CIRCLE('',#6965,0.00035);
#298=CIRCLE('',#6966,0.00035);
#299=CIRCLE('',#6967,0.00035);
#300=CIRCLE('',#6968,0.00035);
#301=CIRCLE('',#6969,0.00035);
#302=CIRCLE('',#6981,0.00035);
#303=CIRCLE('',#6984,0.00035);
#304=CIRCLE('',#6987,0.00035);
#305=CIRCLE('',#6990,0.00035);
#306=CIRCLE('',#6993,0.00035);
#307=CIRCLE('',#6996,0.00035);
#308=CIRCLE('',#6999,0.00035);
#309=CIRCLE('',#7002,0.00035);
#310=CIRCLE('',#7005,0.00035);
#311=CIRCLE('',#7008,0.00035);
#312=CIRCLE('',#7011,0.00035);
#313=CIRCLE('',#7014,0.00035);
#314=CIRCLE('',#7017,0.00035);
#315=CIRCLE('',#7020,0.00035);
#316=CIRCLE('',#7023,0.00035);
#317=CIRCLE('',#7026,0.00035);
#318=CIRCLE('',#7029,0.00035);
#319=CIRCLE('',#7032,0.00035);
#320=CIRCLE('',#7035,0.00035);
#321=CIRCLE('',#7038,0.00035);
#322=CIRCLE('',#7041,0.00035);
#323=CIRCLE('',#7044,0.00035);
#324=CIRCLE('',#7047,0.00035);
#325=CIRCLE('',#7050,0.00035);
#326=CIRCLE('',#7053,0.00035);
#327=CIRCLE('',#7056,0.00035);
#328=CIRCLE('',#7059,0.00035);
#329=CIRCLE('',#7062,0.00035);
#330=CIRCLE('',#7065,0.00035);
#331=CIRCLE('',#7068,0.00035);
#332=CIRCLE('',#7073,0.00035);
#333=CIRCLE('',#7074,0.00035);
#334=CIRCLE('',#7075,0.00035);
#335=CIRCLE('',#7076,0.00035);
#336=CIRCLE('',#7077,0.00035);
#337=CIRCLE('',#7078,0.00035);
#338=CIRCLE('',#7079,0.00035);
#339=CIRCLE('',#7080,0.00035);
#340=CIRCLE('',#7081,0.00035);
#341=CIRCLE('',#7082,0.00035);
#342=CIRCLE('',#7083,0.00035);
#343=CIRCLE('',#7084,0.00035);
#344=CIRCLE('',#7085,0.00035);
#345=CIRCLE('',#7086,0.00035);
#346=CIRCLE('',#7087,0.00035);
#347=CIRCLE('',#7088,0.00035);
#348=CIRCLE('',#7089,0.00035);
#349=CIRCLE('',#7090,0.00035);
#350=CIRCLE('',#7091,0.00035);
#351=CIRCLE('',#7092,0.00035);
#352=CIRCLE('',#7093,0.00035);
#353=CIRCLE('',#7094,0.00035);
#354=CIRCLE('',#7095,0.00035);
#355=CIRCLE('',#7096,0.00035);
#356=CIRCLE('',#7097,0.00035);
#357=CIRCLE('',#7098,0.00035);
#358=CIRCLE('',#7099,0.00035);
#359=CIRCLE('',#7100,0.00035);
#360=CIRCLE('',#7101,0.00035);
#361=CIRCLE('',#7102,0.00035);
#362=CIRCLE('',#7103,0.00035);
#363=CIRCLE('',#7104,0.00035);
#364=CIRCLE('',#7116,0.00035);
#365=CIRCLE('',#7119,0.00035);
#366=CIRCLE('',#7122,0.00035);
#367=CIRCLE('',#7125,0.00035);
#368=CIRCLE('',#7128,0.00035);
#369=CIRCLE('',#7131,0.00035);
#370=CIRCLE('',#7134,0.00035);
#371=CIRCLE('',#7137,0.00035);
#372=CIRCLE('',#7140,0.00035);
#373=CIRCLE('',#7143,0.00035);
#374=CIRCLE('',#7146,0.00035);
#375=CIRCLE('',#7149,0.00035);
#376=CIRCLE('',#7152,0.00035);
#377=CIRCLE('',#7155,0.00035);
#378=CIRCLE('',#7158,0.00035);
#379=CIRCLE('',#7161,0.00035);
#380=CIRCLE('',#7164,0.00035);
#381=CIRCLE('',#7167,0.00035);
#382=CIRCLE('',#7170,0.00035);
#383=CIRCLE('',#7173,0.00035);
#384=CIRCLE('',#7176,0.00035);
#385=CIRCLE('',#7179,0.00035);
#386=CIRCLE('',#7182,0.00035);
#387=CIRCLE('',#7185,0.00035);
#388=CIRCLE('',#7188,0.00035);
#389=CIRCLE('',#7191,0.00035);
#390=CIRCLE('',#7194,0.00035);
#391=CIRCLE('',#7197,0.00035);
#392=CIRCLE('',#7200,0.00035);
#393=CIRCLE('',#7203,0.00035);
#394=CIRCLE('',#7206,0.00035);
#395=CIRCLE('',#7209,0.00035);
#396=CIRCLE('',#7234,0.00035);
#397=CIRCLE('',#7235,0.00035);
#398=CIRCLE('',#7236,0.00035);
#399=CIRCLE('',#7237,0.00035);
#400=CIRCLE('',#7238,0.00035);
#401=CIRCLE('',#7239,0.00035);
#402=CIRCLE('',#7240,0.00035);
#403=CIRCLE('',#7241,0.00035);
#404=CIRCLE('',#7242,0.00035);
#405=CIRCLE('',#7243,0.00035);
#406=CIRCLE('',#7244,0.00035);
#407=CIRCLE('',#7245,0.00035);
#408=CIRCLE('',#7246,0.00035);
#409=CIRCLE('',#7247,0.00035);
#410=CIRCLE('',#7248,0.00035);
#411=CIRCLE('',#7249,0.00035);
#412=CIRCLE('',#7250,0.00035);
#413=CIRCLE('',#7251,0.00035);
#414=CIRCLE('',#7252,0.00035);
#415=CIRCLE('',#7253,0.00035);
#416=CIRCLE('',#7254,0.00035);
#417=CIRCLE('',#7255,0.00035);
#418=CIRCLE('',#7256,0.00035);
#419=CIRCLE('',#7257,0.00035);
#420=CIRCLE('',#7258,0.00035);
#421=CIRCLE('',#7259,0.00035);
#422=CIRCLE('',#7260,0.00035);
#423=CIRCLE('',#7261,0.00035);
#424=CIRCLE('',#7262,0.00035);
#425=CIRCLE('',#7263,0.00035);
#426=CIRCLE('',#7264,0.00035);
#427=CIRCLE('',#7265,0.00035);
#428=CIRCLE('',#7266,0.00035);
#429=CIRCLE('',#7267,0.00035);
#430=CIRCLE('',#7268,0.00035);
#431=CIRCLE('',#7269,0.00035);
#432=CIRCLE('',#7270,0.00035);
#433=CIRCLE('',#7271,0.00035);
#434=CIRCLE('',#7272,0.00035);
#435=CIRCLE('',#7273,0.00035);
#436=CIRCLE('',#7274,0.00035);
#437=CIRCLE('',#7275,0.00035);
#438=CIRCLE('',#7276,0.00035);
#439=CIRCLE('',#7277,0.00035);
#440=CIRCLE('',#7278,0.00035);
#441=CIRCLE('',#7279,0.00035);
#442=CIRCLE('',#7280,0.00035);
#443=CIRCLE('',#7281,0.00035);
#444=CIRCLE('',#7282,0.00035);
#445=CIRCLE('',#7283,0.00035);
#446=CIRCLE('',#7284,0.00035);
#447=CIRCLE('',#7285,0.00035);
#448=CIRCLE('',#7286,0.00035);
#449=CIRCLE('',#7287,0.00035);
#450=CIRCLE('',#7288,0.00035);
#451=CIRCLE('',#7289,0.00035);
#452=CIRCLE('',#7290,0.00035);
#453=CIRCLE('',#7291,0.00035);
#454=CIRCLE('',#7292,0.00035);
#455=CIRCLE('',#7293,0.00035);
#456=CIRCLE('',#7294,0.00035);
#457=CIRCLE('',#7295,0.00035);
#458=CIRCLE('',#7296,0.00035);
#459=CIRCLE('',#7297,0.00035);
#460=CIRCLE('',#7298,0.00035);
#461=CIRCLE('',#7299,0.00035);
#462=CIRCLE('',#7300,0.00035);
#463=CIRCLE('',#7301,0.00035);
#464=CIRCLE('',#7302,0.00035);
#465=CIRCLE('',#7303,0.00035);
#466=CIRCLE('',#7304,0.00035);
#467=CIRCLE('',#7305,0.00035);
#468=CIRCLE('',#7306,0.00035);
#469=CIRCLE('',#7307,0.00035);
#470=CIRCLE('',#7308,0.00035);
#471=CIRCLE('',#7309,0.00035);
#472=CIRCLE('',#7310,0.00035);
#473=CIRCLE('',#7311,0.00035);
#474=CIRCLE('',#7312,0.00035);
#475=CIRCLE('',#7313,0.00035);
#476=CIRCLE('',#7314,0.00035);
#477=CIRCLE('',#7315,0.00035);
#478=CIRCLE('',#7316,0.00035);
#479=CIRCLE('',#7317,0.00035);
#480=CIRCLE('',#7318,0.00035);
#481=CIRCLE('',#7319,0.00035);
#482=CIRCLE('',#7320,0.00035);
#483=CIRCLE('',#7321,0.00035);
#484=CIRCLE('',#7322,0.00035);
#485=CIRCLE('',#7323,0.00035);
#486=CIRCLE('',#7324,0.00035);
#487=CIRCLE('',#7325,0.00035);
#488=CIRCLE('',#7326,0.00035);
#489=CIRCLE('',#7327,0.00035);
#490=CIRCLE('',#7328,0.00035);
#491=CIRCLE('',#7329,0.00035);
#492=CIRCLE('',#7330,0.00035);
#493=CIRCLE('',#7331,0.00035);
#494=CIRCLE('',#7332,0.00035);
#495=CIRCLE('',#7333,0.00035);
#496=CIRCLE('',#7334,0.00035);
#497=CIRCLE('',#7335,0.00035);
#498=CIRCLE('',#7336,0.00035);
#499=CIRCLE('',#7337,0.00035);
#500=CIRCLE('',#7338,0.00035);
#501=CIRCLE('',#7339,0.00035);
#502=CIRCLE('',#7340,0.00035);
#503=CIRCLE('',#7341,0.00035);
#504=CIRCLE('',#7342,0.00035);
#505=CIRCLE('',#7343,0.00035);
#506=CIRCLE('',#7344,0.00035);
#507=CIRCLE('',#7345,0.00035);
#508=CIRCLE('',#7346,0.00035);
#509=CIRCLE('',#7347,0.00035);
#510=CIRCLE('',#7348,0.00035);
#511=CIRCLE('',#7349,0.00035);
#512=CIRCLE('',#7350,0.00035);
#513=CIRCLE('',#7351,0.00035);
#514=CIRCLE('',#7352,0.00035);
#515=CIRCLE('',#7353,0.00035);
#516=CIRCLE('',#7354,0.00035);
#517=CIRCLE('',#7355,0.00035);
#518=CIRCLE('',#7356,0.00035);
#519=CIRCLE('',#7357,0.00035);
#520=CIRCLE('',#7358,0.00035);
#521=CIRCLE('',#7359,0.00035);
#522=CIRCLE('',#7365,0.00035);
#523=CIRCLE('',#7368,0.00035);
#524=CIRCLE('',#7371,0.00035);
#525=CIRCLE('',#7374,0.00035);
#526=CIRCLE('',#7377,0.00035);
#527=CIRCLE('',#7380,0.00035);
#528=CIRCLE('',#7383,0.00035);
#529=CIRCLE('',#7386,0.00035);
#530=CIRCLE('',#7389,0.00035);
#531=CIRCLE('',#7392,0.00035);
#532=CIRCLE('',#7395,0.00035);
#533=CIRCLE('',#7398,0.00035);
#534=CIRCLE('',#7401,0.00035);
#535=CIRCLE('',#7404,0.00035);
#536=CIRCLE('',#7407,0.00035);
#537=CIRCLE('',#7410,0.00035);
#538=CIRCLE('',#7413,0.00035);
#539=CIRCLE('',#7416,0.00035);
#540=CIRCLE('',#7419,0.00035);
#541=CIRCLE('',#7422,0.00035);
#542=CIRCLE('',#7425,0.00035);
#543=CIRCLE('',#7428,0.00035);
#544=CIRCLE('',#7431,0.00035);
#545=CIRCLE('',#7434,0.00035);
#546=CIRCLE('',#7437,0.00035);
#547=CIRCLE('',#7440,0.00035);
#548=CIRCLE('',#7443,0.00035);
#549=CIRCLE('',#7446,0.00035);
#550=CIRCLE('',#7449,0.00035);
#551=CIRCLE('',#7452,0.00035);
#552=CIRCLE('',#7455,0.00035);
#553=CIRCLE('',#7458,0.00035);
#554=CIRCLE('',#7461,0.00035);
#555=CIRCLE('',#7464,0.00035);
#556=CIRCLE('',#7467,0.00035);
#557=CIRCLE('',#7470,0.00035);
#558=CIRCLE('',#7473,0.00035);
#559=CIRCLE('',#7476,0.00035);
#560=CIRCLE('',#7479,0.00035);
#561=CIRCLE('',#7482,0.00035);
#562=CIRCLE('',#7485,0.00035);
#563=CIRCLE('',#7488,0.00035);
#564=CIRCLE('',#7491,0.00035);
#565=CIRCLE('',#7494,0.00035);
#566=CIRCLE('',#7497,0.00035);
#567=CIRCLE('',#7500,0.00035);
#568=CIRCLE('',#7503,0.00035);
#569=CIRCLE('',#7506,0.00035);
#570=CIRCLE('',#7509,0.00035);
#571=CIRCLE('',#7512,0.00035);
#572=CIRCLE('',#7515,0.00035);
#573=CIRCLE('',#7518,0.00035);
#574=CIRCLE('',#7521,0.00035);
#575=CIRCLE('',#7524,0.00035);
#576=CIRCLE('',#7527,0.00035);
#577=CIRCLE('',#7530,0.00035);
#578=CIRCLE('',#7533,0.00035);
#579=CIRCLE('',#7536,0.00035);
#580=CIRCLE('',#7539,0.00035);
#581=CIRCLE('',#7542,0.00035);
#582=CIRCLE('',#7545,0.00035);
#583=CIRCLE('',#7548,0.00035);
#584=CIRCLE('',#7551,0.00035);
#585=CIRCLE('',#7554,0.00035);
#586=CIRCLE('',#7557,0.00035);
#587=CIRCLE('',#7560,0.00035);
#588=CIRCLE('',#7563,0.00035);
#589=CIRCLE('',#7566,0.00035);
#590=CIRCLE('',#7569,0.00035);
#591=CIRCLE('',#7572,0.00035);
#592=CIRCLE('',#7575,0.00035);
#593=CIRCLE('',#7578,0.00035);
#594=CIRCLE('',#7581,0.00035);
#595=CIRCLE('',#7584,0.00035);
#596=CIRCLE('',#7587,0.00035);
#597=CIRCLE('',#7590,0.00035);
#598=CIRCLE('',#7593,0.00035);
#599=CIRCLE('',#7596,0.00035);
#600=CIRCLE('',#7599,0.00035);
#601=CIRCLE('',#7602,0.00035);
#602=CIRCLE('',#7605,0.00035);
#603=CIRCLE('',#7608,0.00035);
#604=CIRCLE('',#7611,0.00035);
#605=CIRCLE('',#7614,0.00035);
#606=CIRCLE('',#7617,0.00035);
#607=CIRCLE('',#7620,0.00035);
#608=CIRCLE('',#7623,0.00035);
#609=CIRCLE('',#7626,0.00035);
#610=CIRCLE('',#7629,0.00035);
#611=CIRCLE('',#7632,0.00035);
#612=CIRCLE('',#7635,0.00035);
#613=CIRCLE('',#7638,0.00035);
#614=CIRCLE('',#7641,0.00035);
#615=CIRCLE('',#7644,0.00035);
#616=CIRCLE('',#7647,0.00035);
#617=CIRCLE('',#7650,0.00035);
#618=CIRCLE('',#7653,0.00035);
#619=CIRCLE('',#7656,0.00035);
#620=CIRCLE('',#7659,0.00035);
#621=CIRCLE('',#7662,0.00035);
#622=CIRCLE('',#7665,0.00035);
#623=CIRCLE('',#7668,0.00035);
#624=CIRCLE('',#7671,0.00035);
#625=CIRCLE('',#7674,0.00035);
#626=CIRCLE('',#7677,0.00035);
#627=CIRCLE('',#7680,0.00035);
#628=CIRCLE('',#7683,0.00035);
#629=CIRCLE('',#7686,0.00035);
#630=CIRCLE('',#7689,0.00035);
#631=CIRCLE('',#7692,0.00035);
#632=CIRCLE('',#7695,0.00035);
#633=CIRCLE('',#7698,0.00035);
#634=CIRCLE('',#7701,0.00035);
#635=CIRCLE('',#7704,0.00035);
#636=CIRCLE('',#7707,0.00035);
#637=CIRCLE('',#7710,0.00035);
#638=CIRCLE('',#7713,0.00035);
#639=CIRCLE('',#7716,0.00035);
#640=CIRCLE('',#7719,0.00035);
#641=CIRCLE('',#7722,0.00035);
#642=CIRCLE('',#7725,0.00035);
#643=CIRCLE('',#7728,0.00035);
#644=CIRCLE('',#7731,0.00035);
#645=CIRCLE('',#7734,0.00035);
#646=CIRCLE('',#7737,0.00035);
#647=CIRCLE('',#7740,0.00035);
#648=CIRCLE('',#7745,0.00035);
#649=CIRCLE('',#7746,0.00035);
#650=CIRCLE('',#7747,0.00035);
#651=CIRCLE('',#7748,0.00035);
#652=CIRCLE('',#7749,0.00035);
#653=CIRCLE('',#7750,0.00035);
#654=CIRCLE('',#7751,0.00035);
#655=CIRCLE('',#7752,0.00035);
#656=CIRCLE('',#7753,0.00035);
#657=CIRCLE('',#7754,0.00035);
#658=CIRCLE('',#7755,0.00035);
#659=CIRCLE('',#7756,0.00035);
#660=CIRCLE('',#7757,0.00035);
#661=CIRCLE('',#7758,0.00035);
#662=CIRCLE('',#7759,0.00035);
#663=CIRCLE('',#7760,0.00035);
#664=CIRCLE('',#7761,0.00035);
#665=CIRCLE('',#7762,0.00035);
#666=CIRCLE('',#7763,0.00035);
#667=CIRCLE('',#7764,0.00035);
#668=CIRCLE('',#7765,0.00035);
#669=CIRCLE('',#7766,0.00035);
#670=CIRCLE('',#7767,0.00035);
#671=CIRCLE('',#7768,0.00035);
#672=CIRCLE('',#7769,0.00035);
#673=CIRCLE('',#7770,0.00035);
#674=CIRCLE('',#7771,0.00035);
#675=CIRCLE('',#7772,0.00035);
#676=CIRCLE('',#7773,0.00035);
#677=CIRCLE('',#7774,0.00035);
#678=CIRCLE('',#7775,0.00035);
#679=CIRCLE('',#7776,0.00035);
#680=CIRCLE('',#7788,0.00035);
#681=CIRCLE('',#7791,0.00035);
#682=CIRCLE('',#7794,0.00035);
#683=CIRCLE('',#7797,0.00035);
#684=CIRCLE('',#7800,0.00035);
#685=CIRCLE('',#7803,0.00035);
#686=CIRCLE('',#7806,0.00035);
#687=CIRCLE('',#7809,0.00035);
#688=CIRCLE('',#7812,0.00035);
#689=CIRCLE('',#7815,0.00035);
#690=CIRCLE('',#7818,0.00035);
#691=CIRCLE('',#7821,0.00035);
#692=CIRCLE('',#7824,0.00035);
#693=CIRCLE('',#7827,0.00035);
#694=CIRCLE('',#7830,0.00035);
#695=CIRCLE('',#7833,0.00035);
#696=CIRCLE('',#7836,0.00035);
#697=CIRCLE('',#7839,0.00035);
#698=CIRCLE('',#7842,0.00035);
#699=CIRCLE('',#7845,0.00035);
#700=CIRCLE('',#7848,0.00035);
#701=CIRCLE('',#7851,0.00035);
#702=CIRCLE('',#7854,0.00035);
#703=CIRCLE('',#7857,0.00035);
#704=CIRCLE('',#7860,0.00035);
#705=CIRCLE('',#7863,0.00035);
#706=CIRCLE('',#7866,0.00035);
#707=CIRCLE('',#7869,0.00035);
#708=CIRCLE('',#7872,0.00035);
#709=CIRCLE('',#7875,0.00035);
#710=CIRCLE('',#7878,0.00035);
#711=CIRCLE('',#7881,0.00035);
#712=CIRCLE('',#7886,0.00035);
#713=CIRCLE('',#7887,0.00035);
#714=CIRCLE('',#7888,0.00035);
#715=CIRCLE('',#7889,0.00035);
#716=CIRCLE('',#7890,0.00035);
#717=CIRCLE('',#7891,0.00035);
#718=CIRCLE('',#7892,0.00035);
#719=CIRCLE('',#7893,0.00035);
#720=CIRCLE('',#7894,0.00035);
#721=CIRCLE('',#7895,0.00035);
#722=CIRCLE('',#7896,0.00035);
#723=CIRCLE('',#7897,0.00035);
#724=CIRCLE('',#7898,0.00035);
#725=CIRCLE('',#7899,0.00035);
#726=CIRCLE('',#7900,0.00035);
#727=CIRCLE('',#7901,0.00035);
#728=CIRCLE('',#7902,0.00035);
#729=CIRCLE('',#7903,0.00035);
#730=CIRCLE('',#7904,0.00035);
#731=CIRCLE('',#7905,0.00035);
#732=CIRCLE('',#7906,0.00035);
#733=CIRCLE('',#7907,0.00035);
#734=CIRCLE('',#7908,0.00035);
#735=CIRCLE('',#7909,0.00035);
#736=CIRCLE('',#7910,0.00035);
#737=CIRCLE('',#7911,0.00035);
#738=CIRCLE('',#7912,0.00035);
#739=CIRCLE('',#7913,0.00035);
#740=CIRCLE('',#7914,0.00035);
#741=CIRCLE('',#7915,0.00035);
#742=CIRCLE('',#7916,0.00035);
#743=CIRCLE('',#7917,0.00035);
#744=CIRCLE('',#7929,0.00035);
#745=CIRCLE('',#7932,0.00035);
#746=CIRCLE('',#7935,0.00035);
#747=CIRCLE('',#7938,0.00035);
#748=CIRCLE('',#7941,0.00035);
#749=CIRCLE('',#7944,0.00035);
#750=CIRCLE('',#7947,0.00035);
#751=CIRCLE('',#7950,0.00035);
#752=CIRCLE('',#7953,0.00035);
#753=CIRCLE('',#7956,0.00035);
#754=CIRCLE('',#7959,0.00035);
#755=CIRCLE('',#7962,0.00035);
#756=CIRCLE('',#7965,0.00035);
#757=CIRCLE('',#7968,0.00035);
#758=CIRCLE('',#7971,0.00035);
#759=CIRCLE('',#7974,0.00035);
#760=CIRCLE('',#7977,0.00035);
#761=CIRCLE('',#7980,0.00035);
#762=CIRCLE('',#7983,0.00035);
#763=CIRCLE('',#7986,0.00035);
#764=CIRCLE('',#7989,0.00035);
#765=CIRCLE('',#7992,0.00035);
#766=CIRCLE('',#7995,0.00035);
#767=CIRCLE('',#7998,0.00035);
#768=CIRCLE('',#8001,0.00035);
#769=CIRCLE('',#8004,0.00035);
#770=CIRCLE('',#8007,0.00035);
#771=CIRCLE('',#8010,0.00035);
#772=CIRCLE('',#8013,0.00035);
#773=CIRCLE('',#8016,0.00035);
#774=CIRCLE('',#8019,0.00035);
#775=CIRCLE('',#8022,0.00035);
#776=ORIENTED_EDGE('',*,*,#2136,.F.);
#777=ORIENTED_EDGE('',*,*,#2137,.T.);
#778=ORIENTED_EDGE('',*,*,#2138,.T.);
#779=ORIENTED_EDGE('',*,*,#2139,.T.);
#780=ORIENTED_EDGE('',*,*,#2140,.T.);
#781=ORIENTED_EDGE('',*,*,#2141,.F.);
#782=ORIENTED_EDGE('',*,*,#2142,.F.);
#783=ORIENTED_EDGE('',*,*,#2143,.F.);
#784=ORIENTED_EDGE('',*,*,#2144,.F.);
#785=ORIENTED_EDGE('',*,*,#2145,.F.);
#786=ORIENTED_EDGE('',*,*,#2146,.F.);
#787=ORIENTED_EDGE('',*,*,#2147,.F.);
#788=ORIENTED_EDGE('',*,*,#2148,.F.);
#789=ORIENTED_EDGE('',*,*,#2149,.F.);
#790=ORIENTED_EDGE('',*,*,#2150,.F.);
#791=ORIENTED_EDGE('',*,*,#2151,.F.);
#792=ORIENTED_EDGE('',*,*,#2152,.F.);
#793=ORIENTED_EDGE('',*,*,#2153,.F.);
#794=ORIENTED_EDGE('',*,*,#2154,.F.);
#795=ORIENTED_EDGE('',*,*,#2155,.F.);
#796=ORIENTED_EDGE('',*,*,#2156,.F.);
#797=ORIENTED_EDGE('',*,*,#2157,.F.);
#798=ORIENTED_EDGE('',*,*,#2158,.F.);
#799=ORIENTED_EDGE('',*,*,#2159,.F.);
#800=ORIENTED_EDGE('',*,*,#2160,.F.);
#801=ORIENTED_EDGE('',*,*,#2161,.F.);
#802=ORIENTED_EDGE('',*,*,#2162,.F.);
#803=ORIENTED_EDGE('',*,*,#2163,.F.);
#804=ORIENTED_EDGE('',*,*,#2164,.F.);
#805=ORIENTED_EDGE('',*,*,#2165,.F.);
#806=ORIENTED_EDGE('',*,*,#2166,.F.);
#807=ORIENTED_EDGE('',*,*,#2167,.F.);
#808=ORIENTED_EDGE('',*,*,#2168,.F.);
#809=ORIENTED_EDGE('',*,*,#2169,.F.);
#810=ORIENTED_EDGE('',*,*,#2170,.F.);
#811=ORIENTED_EDGE('',*,*,#2139,.F.);
#812=ORIENTED_EDGE('',*,*,#2171,.T.);
#813=ORIENTED_EDGE('',*,*,#2172,.F.);
#814=ORIENTED_EDGE('',*,*,#2173,.F.);
#815=ORIENTED_EDGE('',*,*,#2174,.F.);
#816=ORIENTED_EDGE('',*,*,#2140,.F.);
#817=ORIENTED_EDGE('',*,*,#2173,.T.);
#818=ORIENTED_EDGE('',*,*,#2175,.T.);
#819=ORIENTED_EDGE('',*,*,#2176,.F.);
#820=ORIENTED_EDGE('',*,*,#2177,.T.);
#821=ORIENTED_EDGE('',*,*,#2178,.F.);
#822=ORIENTED_EDGE('',*,*,#2175,.F.);
#823=ORIENTED_EDGE('',*,*,#2172,.T.);
#824=ORIENTED_EDGE('',*,*,#2138,.F.);
#825=ORIENTED_EDGE('',*,*,#2179,.T.);
#826=ORIENTED_EDGE('',*,*,#2176,.T.);
#827=ORIENTED_EDGE('',*,*,#2171,.F.);
#828=ORIENTED_EDGE('',*,*,#2180,.T.);
#829=ORIENTED_EDGE('',*,*,#2181,.T.);
#830=ORIENTED_EDGE('',*,*,#2182,.F.);
#831=ORIENTED_EDGE('',*,*,#2183,.F.);
#832=ORIENTED_EDGE('',*,*,#2183,.T.);
#833=ORIENTED_EDGE('',*,*,#2184,.T.);
#834=ORIENTED_EDGE('',*,*,#2185,.F.);
#835=ORIENTED_EDGE('',*,*,#2186,.F.);
#836=ORIENTED_EDGE('',*,*,#2185,.T.);
#837=ORIENTED_EDGE('',*,*,#2187,.T.);
#838=ORIENTED_EDGE('',*,*,#2188,.F.);
#839=ORIENTED_EDGE('',*,*,#2189,.F.);
#840=ORIENTED_EDGE('',*,*,#2190,.T.);
#841=ORIENTED_EDGE('',*,*,#2188,.T.);
#842=ORIENTED_EDGE('',*,*,#2191,.F.);
#843=ORIENTED_EDGE('',*,*,#2181,.F.);
#844=ORIENTED_EDGE('',*,*,#2178,.T.);
#845=ORIENTED_EDGE('',*,*,#2192,.T.);
#846=ORIENTED_EDGE('',*,*,#2136,.T.);
#847=ORIENTED_EDGE('',*,*,#2174,.T.);
#848=ORIENTED_EDGE('',*,*,#2182,.T.);
#849=ORIENTED_EDGE('',*,*,#2191,.T.);
#850=ORIENTED_EDGE('',*,*,#2187,.F.);
#851=ORIENTED_EDGE('',*,*,#2184,.F.);
#852=ORIENTED_EDGE('',*,*,#2180,.F.);
#853=ORIENTED_EDGE('',*,*,#2186,.T.);
#854=ORIENTED_EDGE('',*,*,#2189,.T.);
#855=ORIENTED_EDGE('',*,*,#2190,.F.);
#856=ORIENTED_EDGE('',*,*,#2177,.F.);
#857=ORIENTED_EDGE('',*,*,#2179,.F.);
#858=ORIENTED_EDGE('',*,*,#2137,.F.);
#859=ORIENTED_EDGE('',*,*,#2192,.F.);
#860=ORIENTED_EDGE('',*,*,#2170,.T.);
#861=ORIENTED_EDGE('',*,*,#2193,.F.);
#862=ORIENTED_EDGE('',*,*,#2193,.T.);
#863=ORIENTED_EDGE('',*,*,#2169,.T.);
#864=ORIENTED_EDGE('',*,*,#2194,.F.);
#865=ORIENTED_EDGE('',*,*,#2194,.T.);
#866=ORIENTED_EDGE('',*,*,#2168,.T.);
#867=ORIENTED_EDGE('',*,*,#2195,.F.);
#868=ORIENTED_EDGE('',*,*,#2195,.T.);
#869=ORIENTED_EDGE('',*,*,#2167,.T.);
#870=ORIENTED_EDGE('',*,*,#2196,.F.);
#871=ORIENTED_EDGE('',*,*,#2196,.T.);
#872=ORIENTED_EDGE('',*,*,#2166,.T.);
#873=ORIENTED_EDGE('',*,*,#2197,.F.);
#874=ORIENTED_EDGE('',*,*,#2197,.T.);
#875=ORIENTED_EDGE('',*,*,#2165,.T.);
#876=ORIENTED_EDGE('',*,*,#2198,.F.);
#877=ORIENTED_EDGE('',*,*,#2198,.T.);
#878=ORIENTED_EDGE('',*,*,#2164,.T.);
#879=ORIENTED_EDGE('',*,*,#2199,.F.);
#880=ORIENTED_EDGE('',*,*,#2199,.T.);
#881=ORIENTED_EDGE('',*,*,#2163,.T.);
#882=ORIENTED_EDGE('',*,*,#2200,.F.);
#883=ORIENTED_EDGE('',*,*,#2200,.T.);
#884=ORIENTED_EDGE('',*,*,#2162,.T.);
#885=ORIENTED_EDGE('',*,*,#2201,.F.);
#886=ORIENTED_EDGE('',*,*,#2201,.T.);
#887=ORIENTED_EDGE('',*,*,#2161,.T.);
#888=ORIENTED_EDGE('',*,*,#2202,.F.);
#889=ORIENTED_EDGE('',*,*,#2202,.T.);
#890=ORIENTED_EDGE('',*,*,#2160,.T.);
#891=ORIENTED_EDGE('',*,*,#2203,.F.);
#892=ORIENTED_EDGE('',*,*,#2203,.T.);
#893=ORIENTED_EDGE('',*,*,#2159,.T.);
#894=ORIENTED_EDGE('',*,*,#2204,.F.);
#895=ORIENTED_EDGE('',*,*,#2204,.T.);
#896=ORIENTED_EDGE('',*,*,#2158,.T.);
#897=ORIENTED_EDGE('',*,*,#2205,.F.);
#898=ORIENTED_EDGE('',*,*,#2205,.T.);
#899=ORIENTED_EDGE('',*,*,#2157,.T.);
#900=ORIENTED_EDGE('',*,*,#2206,.F.);
#901=ORIENTED_EDGE('',*,*,#2206,.T.);
#902=ORIENTED_EDGE('',*,*,#2156,.T.);
#903=ORIENTED_EDGE('',*,*,#2207,.F.);
#904=ORIENTED_EDGE('',*,*,#2207,.T.);
#905=ORIENTED_EDGE('',*,*,#2155,.T.);
#906=ORIENTED_EDGE('',*,*,#2208,.F.);
#907=ORIENTED_EDGE('',*,*,#2208,.T.);
#908=ORIENTED_EDGE('',*,*,#2154,.T.);
#909=ORIENTED_EDGE('',*,*,#2209,.F.);
#910=ORIENTED_EDGE('',*,*,#2209,.T.);
#911=ORIENTED_EDGE('',*,*,#2153,.T.);
#912=ORIENTED_EDGE('',*,*,#2210,.F.);
#913=ORIENTED_EDGE('',*,*,#2210,.T.);
#914=ORIENTED_EDGE('',*,*,#2152,.T.);
#915=ORIENTED_EDGE('',*,*,#2211,.F.);
#916=ORIENTED_EDGE('',*,*,#2211,.T.);
#917=ORIENTED_EDGE('',*,*,#2151,.T.);
#918=ORIENTED_EDGE('',*,*,#2212,.F.);
#919=ORIENTED_EDGE('',*,*,#2212,.T.);
#920=ORIENTED_EDGE('',*,*,#2150,.T.);
#921=ORIENTED_EDGE('',*,*,#2213,.F.);
#922=ORIENTED_EDGE('',*,*,#2213,.T.);
#923=ORIENTED_EDGE('',*,*,#2149,.T.);
#924=ORIENTED_EDGE('',*,*,#2214,.F.);
#925=ORIENTED_EDGE('',*,*,#2214,.T.);
#926=ORIENTED_EDGE('',*,*,#2148,.T.);
#927=ORIENTED_EDGE('',*,*,#2215,.F.);
#928=ORIENTED_EDGE('',*,*,#2215,.T.);
#929=ORIENTED_EDGE('',*,*,#2147,.T.);
#930=ORIENTED_EDGE('',*,*,#2216,.F.);
#931=ORIENTED_EDGE('',*,*,#2216,.T.);
#932=ORIENTED_EDGE('',*,*,#2146,.T.);
#933=ORIENTED_EDGE('',*,*,#2217,.F.);
#934=ORIENTED_EDGE('',*,*,#2217,.T.);
#935=ORIENTED_EDGE('',*,*,#2145,.T.);
#936=ORIENTED_EDGE('',*,*,#2218,.F.);
#937=ORIENTED_EDGE('',*,*,#2218,.T.);
#938=ORIENTED_EDGE('',*,*,#2144,.T.);
#939=ORIENTED_EDGE('',*,*,#2219,.F.);
#940=ORIENTED_EDGE('',*,*,#2219,.T.);
#941=ORIENTED_EDGE('',*,*,#2143,.T.);
#942=ORIENTED_EDGE('',*,*,#2220,.F.);
#943=ORIENTED_EDGE('',*,*,#2220,.T.);
#944=ORIENTED_EDGE('',*,*,#2142,.T.);
#945=ORIENTED_EDGE('',*,*,#2221,.F.);
#946=ORIENTED_EDGE('',*,*,#2221,.T.);
#947=ORIENTED_EDGE('',*,*,#2141,.T.);
#948=ORIENTED_EDGE('',*,*,#2222,.F.);
#949=ORIENTED_EDGE('',*,*,#2222,.T.);
#950=ORIENTED_EDGE('',*,*,#2223,.F.);
#951=ORIENTED_EDGE('',*,*,#2224,.T.);
#952=ORIENTED_EDGE('',*,*,#2225,.T.);
#953=ORIENTED_EDGE('',*,*,#2226,.T.);
#954=ORIENTED_EDGE('',*,*,#2227,.T.);
#955=ORIENTED_EDGE('',*,*,#2228,.F.);
#956=ORIENTED_EDGE('',*,*,#2229,.F.);
#957=ORIENTED_EDGE('',*,*,#2230,.F.);
#958=ORIENTED_EDGE('',*,*,#2231,.F.);
#959=ORIENTED_EDGE('',*,*,#2232,.F.);
#960=ORIENTED_EDGE('',*,*,#2233,.F.);
#961=ORIENTED_EDGE('',*,*,#2234,.F.);
#962=ORIENTED_EDGE('',*,*,#2235,.F.);
#963=ORIENTED_EDGE('',*,*,#2236,.F.);
#964=ORIENTED_EDGE('',*,*,#2237,.F.);
#965=ORIENTED_EDGE('',*,*,#2238,.F.);
#966=ORIENTED_EDGE('',*,*,#2239,.F.);
#967=ORIENTED_EDGE('',*,*,#2240,.F.);
#968=ORIENTED_EDGE('',*,*,#2241,.F.);
#969=ORIENTED_EDGE('',*,*,#2242,.F.);
#970=ORIENTED_EDGE('',*,*,#2243,.F.);
#971=ORIENTED_EDGE('',*,*,#2244,.F.);
#972=ORIENTED_EDGE('',*,*,#2245,.F.);
#973=ORIENTED_EDGE('',*,*,#2246,.F.);
#974=ORIENTED_EDGE('',*,*,#2247,.F.);
#975=ORIENTED_EDGE('',*,*,#2248,.F.);
#976=ORIENTED_EDGE('',*,*,#2249,.F.);
#977=ORIENTED_EDGE('',*,*,#2250,.F.);
#978=ORIENTED_EDGE('',*,*,#2251,.F.);
#979=ORIENTED_EDGE('',*,*,#2252,.F.);
#980=ORIENTED_EDGE('',*,*,#2253,.F.);
#981=ORIENTED_EDGE('',*,*,#2254,.F.);
#982=ORIENTED_EDGE('',*,*,#2255,.F.);
#983=ORIENTED_EDGE('',*,*,#2256,.F.);
#984=ORIENTED_EDGE('',*,*,#2257,.F.);
#985=ORIENTED_EDGE('',*,*,#2258,.F.);
#986=ORIENTED_EDGE('',*,*,#2259,.F.);
#987=ORIENTED_EDGE('',*,*,#2226,.F.);
#988=ORIENTED_EDGE('',*,*,#2260,.T.);
#989=ORIENTED_EDGE('',*,*,#2261,.F.);
#990=ORIENTED_EDGE('',*,*,#2262,.F.);
#991=ORIENTED_EDGE('',*,*,#2263,.F.);
#992=ORIENTED_EDGE('',*,*,#2227,.F.);
#993=ORIENTED_EDGE('',*,*,#2262,.T.);
#994=ORIENTED_EDGE('',*,*,#2264,.T.);
#995=ORIENTED_EDGE('',*,*,#2265,.F.);
#996=ORIENTED_EDGE('',*,*,#2266,.T.);
#997=ORIENTED_EDGE('',*,*,#2267,.F.);
#998=ORIENTED_EDGE('',*,*,#2264,.F.);
#999=ORIENTED_EDGE('',*,*,#2261,.T.);
#1000=ORIENTED_EDGE('',*,*,#2225,.F.);
#1001=ORIENTED_EDGE('',*,*,#2268,.T.);
#1002=ORIENTED_EDGE('',*,*,#2265,.T.);
#1003=ORIENTED_EDGE('',*,*,#2260,.F.);
#1004=ORIENTED_EDGE('',*,*,#2269,.T.);
#1005=ORIENTED_EDGE('',*,*,#2270,.T.);
#1006=ORIENTED_EDGE('',*,*,#2271,.F.);
#1007=ORIENTED_EDGE('',*,*,#2272,.F.);
#1008=ORIENTED_EDGE('',*,*,#2272,.T.);
#1009=ORIENTED_EDGE('',*,*,#2273,.T.);
#1010=ORIENTED_EDGE('',*,*,#2274,.F.);
#1011=ORIENTED_EDGE('',*,*,#2275,.F.);
#1012=ORIENTED_EDGE('',*,*,#2274,.T.);
#1013=ORIENTED_EDGE('',*,*,#2276,.T.);
#1014=ORIENTED_EDGE('',*,*,#2277,.F.);
#1015=ORIENTED_EDGE('',*,*,#2278,.F.);
#1016=ORIENTED_EDGE('',*,*,#2279,.T.);
#1017=ORIENTED_EDGE('',*,*,#2277,.T.);
#1018=ORIENTED_EDGE('',*,*,#2280,.F.);
#1019=ORIENTED_EDGE('',*,*,#2270,.F.);
#1020=ORIENTED_EDGE('',*,*,#2267,.T.);
#1021=ORIENTED_EDGE('',*,*,#2281,.T.);
#1022=ORIENTED_EDGE('',*,*,#2223,.T.);
#1023=ORIENTED_EDGE('',*,*,#2263,.T.);
#1024=ORIENTED_EDGE('',*,*,#2271,.T.);
#1025=ORIENTED_EDGE('',*,*,#2280,.T.);
#1026=ORIENTED_EDGE('',*,*,#2276,.F.);
#1027=ORIENTED_EDGE('',*,*,#2273,.F.);
#1028=ORIENTED_EDGE('',*,*,#2269,.F.);
#1029=ORIENTED_EDGE('',*,*,#2275,.T.);
#1030=ORIENTED_EDGE('',*,*,#2278,.T.);
#1031=ORIENTED_EDGE('',*,*,#2279,.F.);
#1032=ORIENTED_EDGE('',*,*,#2266,.F.);
#1033=ORIENTED_EDGE('',*,*,#2268,.F.);
#1034=ORIENTED_EDGE('',*,*,#2224,.F.);
#1035=ORIENTED_EDGE('',*,*,#2281,.F.);
#1036=ORIENTED_EDGE('',*,*,#2259,.T.);
#1037=ORIENTED_EDGE('',*,*,#2282,.F.);
#1038=ORIENTED_EDGE('',*,*,#2282,.T.);
#1039=ORIENTED_EDGE('',*,*,#2258,.T.);
#1040=ORIENTED_EDGE('',*,*,#2283,.F.);
#1041=ORIENTED_EDGE('',*,*,#2283,.T.);
#1042=ORIENTED_EDGE('',*,*,#2257,.T.);
#1043=ORIENTED_EDGE('',*,*,#2284,.F.);
#1044=ORIENTED_EDGE('',*,*,#2284,.T.);
#1045=ORIENTED_EDGE('',*,*,#2256,.T.);
#1046=ORIENTED_EDGE('',*,*,#2285,.F.);
#1047=ORIENTED_EDGE('',*,*,#2285,.T.);
#1048=ORIENTED_EDGE('',*,*,#2255,.T.);
#1049=ORIENTED_EDGE('',*,*,#2286,.F.);
#1050=ORIENTED_EDGE('',*,*,#2286,.T.);
#1051=ORIENTED_EDGE('',*,*,#2254,.T.);
#1052=ORIENTED_EDGE('',*,*,#2287,.F.);
#1053=ORIENTED_EDGE('',*,*,#2287,.T.);
#1054=ORIENTED_EDGE('',*,*,#2253,.T.);
#1055=ORIENTED_EDGE('',*,*,#2288,.F.);
#1056=ORIENTED_EDGE('',*,*,#2288,.T.);
#1057=ORIENTED_EDGE('',*,*,#2252,.T.);
#1058=ORIENTED_EDGE('',*,*,#2289,.F.);
#1059=ORIENTED_EDGE('',*,*,#2289,.T.);
#1060=ORIENTED_EDGE('',*,*,#2251,.T.);
#1061=ORIENTED_EDGE('',*,*,#2290,.F.);
#1062=ORIENTED_EDGE('',*,*,#2290,.T.);
#1063=ORIENTED_EDGE('',*,*,#2250,.T.);
#1064=ORIENTED_EDGE('',*,*,#2291,.F.);
#1065=ORIENTED_EDGE('',*,*,#2291,.T.);
#1066=ORIENTED_EDGE('',*,*,#2249,.T.);
#1067=ORIENTED_EDGE('',*,*,#2292,.F.);
#1068=ORIENTED_EDGE('',*,*,#2292,.T.);
#1069=ORIENTED_EDGE('',*,*,#2248,.T.);
#1070=ORIENTED_EDGE('',*,*,#2293,.F.);
#1071=ORIENTED_EDGE('',*,*,#2293,.T.);
#1072=ORIENTED_EDGE('',*,*,#2247,.T.);
#1073=ORIENTED_EDGE('',*,*,#2294,.F.);
#1074=ORIENTED_EDGE('',*,*,#2294,.T.);
#1075=ORIENTED_EDGE('',*,*,#2246,.T.);
#1076=ORIENTED_EDGE('',*,*,#2295,.F.);
#1077=ORIENTED_EDGE('',*,*,#2295,.T.);
#1078=ORIENTED_EDGE('',*,*,#2245,.T.);
#1079=ORIENTED_EDGE('',*,*,#2296,.F.);
#1080=ORIENTED_EDGE('',*,*,#2296,.T.);
#1081=ORIENTED_EDGE('',*,*,#2244,.T.);
#1082=ORIENTED_EDGE('',*,*,#2297,.F.);
#1083=ORIENTED_EDGE('',*,*,#2297,.T.);
#1084=ORIENTED_EDGE('',*,*,#2243,.T.);
#1085=ORIENTED_EDGE('',*,*,#2298,.F.);
#1086=ORIENTED_EDGE('',*,*,#2298,.T.);
#1087=ORIENTED_EDGE('',*,*,#2242,.T.);
#1088=ORIENTED_EDGE('',*,*,#2299,.F.);
#1089=ORIENTED_EDGE('',*,*,#2299,.T.);
#1090=ORIENTED_EDGE('',*,*,#2241,.T.);
#1091=ORIENTED_EDGE('',*,*,#2300,.F.);
#1092=ORIENTED_EDGE('',*,*,#2300,.T.);
#1093=ORIENTED_EDGE('',*,*,#2240,.T.);
#1094=ORIENTED_EDGE('',*,*,#2301,.F.);
#1095=ORIENTED_EDGE('',*,*,#2301,.T.);
#1096=ORIENTED_EDGE('',*,*,#2239,.T.);
#1097=ORIENTED_EDGE('',*,*,#2302,.F.);
#1098=ORIENTED_EDGE('',*,*,#2302,.T.);
#1099=ORIENTED_EDGE('',*,*,#2238,.T.);
#1100=ORIENTED_EDGE('',*,*,#2303,.F.);
#1101=ORIENTED_EDGE('',*,*,#2303,.T.);
#1102=ORIENTED_EDGE('',*,*,#2237,.T.);
#1103=ORIENTED_EDGE('',*,*,#2304,.F.);
#1104=ORIENTED_EDGE('',*,*,#2304,.T.);
#1105=ORIENTED_EDGE('',*,*,#2236,.T.);
#1106=ORIENTED_EDGE('',*,*,#2305,.F.);
#1107=ORIENTED_EDGE('',*,*,#2305,.T.);
#1108=ORIENTED_EDGE('',*,*,#2235,.T.);
#1109=ORIENTED_EDGE('',*,*,#2306,.F.);
#1110=ORIENTED_EDGE('',*,*,#2306,.T.);
#1111=ORIENTED_EDGE('',*,*,#2234,.T.);
#1112=ORIENTED_EDGE('',*,*,#2307,.F.);
#1113=ORIENTED_EDGE('',*,*,#2307,.T.);
#1114=ORIENTED_EDGE('',*,*,#2233,.T.);
#1115=ORIENTED_EDGE('',*,*,#2308,.F.);
#1116=ORIENTED_EDGE('',*,*,#2308,.T.);
#1117=ORIENTED_EDGE('',*,*,#2232,.T.);
#1118=ORIENTED_EDGE('',*,*,#2309,.F.);
#1119=ORIENTED_EDGE('',*,*,#2309,.T.);
#1120=ORIENTED_EDGE('',*,*,#2231,.T.);
#1121=ORIENTED_EDGE('',*,*,#2310,.F.);
#1122=ORIENTED_EDGE('',*,*,#2310,.T.);
#1123=ORIENTED_EDGE('',*,*,#2230,.T.);
#1124=ORIENTED_EDGE('',*,*,#2311,.F.);
#1125=ORIENTED_EDGE('',*,*,#2311,.T.);
#1126=ORIENTED_EDGE('',*,*,#2229,.T.);
#1127=ORIENTED_EDGE('',*,*,#2312,.F.);
#1128=ORIENTED_EDGE('',*,*,#2312,.T.);
#1129=ORIENTED_EDGE('',*,*,#2228,.T.);
#1130=ORIENTED_EDGE('',*,*,#2313,.F.);
#1131=ORIENTED_EDGE('',*,*,#2313,.T.);
#1132=ORIENTED_EDGE('',*,*,#2314,.T.);
#1133=ORIENTED_EDGE('',*,*,#2315,.F.);
#1134=ORIENTED_EDGE('',*,*,#2316,.F.);
#1135=ORIENTED_EDGE('',*,*,#2317,.T.);
#1136=ORIENTED_EDGE('',*,*,#2318,.F.);
#1137=ORIENTED_EDGE('',*,*,#2317,.F.);
#1138=ORIENTED_EDGE('',*,*,#2319,.T.);
#1139=ORIENTED_EDGE('',*,*,#2320,.T.);
#1140=ORIENTED_EDGE('',*,*,#2321,.F.);
#1141=ORIENTED_EDGE('',*,*,#2320,.F.);
#1142=ORIENTED_EDGE('',*,*,#2322,.T.);
#1143=ORIENTED_EDGE('',*,*,#2323,.T.);
#1144=ORIENTED_EDGE('',*,*,#2324,.T.);
#1145=ORIENTED_EDGE('',*,*,#2325,.F.);
#1146=ORIENTED_EDGE('',*,*,#2326,.F.);
#1147=ORIENTED_EDGE('',*,*,#2327,.T.);
#1148=ORIENTED_EDGE('',*,*,#2328,.F.);
#1149=ORIENTED_EDGE('',*,*,#2327,.F.);
#1150=ORIENTED_EDGE('',*,*,#2329,.T.);
#1151=ORIENTED_EDGE('',*,*,#2330,.T.);
#1152=ORIENTED_EDGE('',*,*,#2331,.F.);
#1153=ORIENTED_EDGE('',*,*,#2330,.F.);
#1154=ORIENTED_EDGE('',*,*,#2332,.T.);
#1155=ORIENTED_EDGE('',*,*,#2333,.T.);
#1156=ORIENTED_EDGE('',*,*,#2334,.T.);
#1157=ORIENTED_EDGE('',*,*,#2335,.F.);
#1158=ORIENTED_EDGE('',*,*,#2336,.F.);
#1159=ORIENTED_EDGE('',*,*,#2337,.T.);
#1160=ORIENTED_EDGE('',*,*,#2338,.F.);
#1161=ORIENTED_EDGE('',*,*,#2337,.F.);
#1162=ORIENTED_EDGE('',*,*,#2339,.T.);
#1163=ORIENTED_EDGE('',*,*,#2340,.T.);
#1164=ORIENTED_EDGE('',*,*,#2341,.F.);
#1165=ORIENTED_EDGE('',*,*,#2340,.F.);
#1166=ORIENTED_EDGE('',*,*,#2342,.T.);
#1167=ORIENTED_EDGE('',*,*,#2343,.T.);
#1168=ORIENTED_EDGE('',*,*,#2344,.T.);
#1169=ORIENTED_EDGE('',*,*,#2345,.T.);
#1170=ORIENTED_EDGE('',*,*,#2346,.F.);
#1171=ORIENTED_EDGE('',*,*,#2347,.F.);
#1172=ORIENTED_EDGE('',*,*,#2348,.T.);
#1173=ORIENTED_EDGE('',*,*,#2349,.T.);
#1174=ORIENTED_EDGE('',*,*,#2344,.F.);
#1175=ORIENTED_EDGE('',*,*,#2350,.T.);
#1176=ORIENTED_EDGE('',*,*,#2351,.T.);
#1177=ORIENTED_EDGE('',*,*,#2352,.T.);
#1178=ORIENTED_EDGE('',*,*,#2348,.F.);
#1179=ORIENTED_EDGE('',*,*,#2353,.T.);
#1180=ORIENTED_EDGE('',*,*,#2354,.T.);
#1181=ORIENTED_EDGE('',*,*,#2355,.F.);
#1182=ORIENTED_EDGE('',*,*,#2356,.F.);
#1183=ORIENTED_EDGE('',*,*,#2357,.T.);
#1184=ORIENTED_EDGE('',*,*,#2358,.F.);
#1185=ORIENTED_EDGE('',*,*,#2357,.F.);
#1186=ORIENTED_EDGE('',*,*,#2359,.T.);
#1187=ORIENTED_EDGE('',*,*,#2360,.T.);
#1188=ORIENTED_EDGE('',*,*,#2361,.F.);
#1189=ORIENTED_EDGE('',*,*,#2360,.F.);
#1190=ORIENTED_EDGE('',*,*,#2362,.T.);
#1191=ORIENTED_EDGE('',*,*,#2363,.T.);
#1192=ORIENTED_EDGE('',*,*,#2364,.T.);
#1193=ORIENTED_EDGE('',*,*,#2333,.F.);
#1194=ORIENTED_EDGE('',*,*,#2365,.F.);
#1195=ORIENTED_EDGE('',*,*,#2325,.T.);
#1196=ORIENTED_EDGE('',*,*,#2366,.T.);
#1197=ORIENTED_EDGE('',*,*,#2343,.F.);
#1198=ORIENTED_EDGE('',*,*,#2367,.F.);
#1199=ORIENTED_EDGE('',*,*,#2335,.T.);
#1200=ORIENTED_EDGE('',*,*,#2346,.T.);
#1201=ORIENTED_EDGE('',*,*,#2368,.T.);
#1202=ORIENTED_EDGE('',*,*,#2351,.F.);
#1203=ORIENTED_EDGE('',*,*,#2369,.F.);
#1204=ORIENTED_EDGE('',*,*,#2370,.T.);
#1205=ORIENTED_EDGE('',*,*,#2363,.F.);
#1206=ORIENTED_EDGE('',*,*,#2371,.F.);
#1207=ORIENTED_EDGE('',*,*,#2355,.T.);
#1208=ORIENTED_EDGE('',*,*,#2372,.T.);
#1209=ORIENTED_EDGE('',*,*,#2323,.F.);
#1210=ORIENTED_EDGE('',*,*,#2373,.F.);
#1211=ORIENTED_EDGE('',*,*,#2315,.T.);
#1212=ORIENTED_EDGE('',*,*,#2356,.T.);
#1213=ORIENTED_EDGE('',*,*,#2371,.T.);
#1214=ORIENTED_EDGE('',*,*,#2362,.F.);
#1215=ORIENTED_EDGE('',*,*,#2359,.F.);
#1216=ORIENTED_EDGE('',*,*,#2347,.T.);
#1217=ORIENTED_EDGE('',*,*,#2369,.T.);
#1218=ORIENTED_EDGE('',*,*,#2353,.F.);
#1219=ORIENTED_EDGE('',*,*,#2350,.F.);
#1220=ORIENTED_EDGE('',*,*,#2336,.T.);
#1221=ORIENTED_EDGE('',*,*,#2367,.T.);
#1222=ORIENTED_EDGE('',*,*,#2342,.F.);
#1223=ORIENTED_EDGE('',*,*,#2339,.F.);
#1224=ORIENTED_EDGE('',*,*,#2326,.T.);
#1225=ORIENTED_EDGE('',*,*,#2365,.T.);
#1226=ORIENTED_EDGE('',*,*,#2332,.F.);
#1227=ORIENTED_EDGE('',*,*,#2329,.F.);
#1228=ORIENTED_EDGE('',*,*,#2316,.T.);
#1229=ORIENTED_EDGE('',*,*,#2373,.T.);
#1230=ORIENTED_EDGE('',*,*,#2322,.F.);
#1231=ORIENTED_EDGE('',*,*,#2319,.F.);
#1232=ORIENTED_EDGE('',*,*,#2374,.F.);
#1233=ORIENTED_EDGE('',*,*,#2375,.F.);
#1234=ORIENTED_EDGE('',*,*,#2376,.F.);
#1235=ORIENTED_EDGE('',*,*,#2377,.F.);
#1236=ORIENTED_EDGE('',*,*,#2378,.F.);
#1237=ORIENTED_EDGE('',*,*,#2379,.F.);
#1238=ORIENTED_EDGE('',*,*,#2380,.F.);
#1239=ORIENTED_EDGE('',*,*,#2381,.F.);
#1240=ORIENTED_EDGE('',*,*,#2382,.F.);
#1241=ORIENTED_EDGE('',*,*,#2383,.F.);
#1242=ORIENTED_EDGE('',*,*,#2384,.F.);
#1243=ORIENTED_EDGE('',*,*,#2385,.F.);
#1244=ORIENTED_EDGE('',*,*,#2386,.F.);
#1245=ORIENTED_EDGE('',*,*,#2387,.F.);
#1246=ORIENTED_EDGE('',*,*,#2388,.F.);
#1247=ORIENTED_EDGE('',*,*,#2389,.F.);
#1248=ORIENTED_EDGE('',*,*,#2390,.F.);
#1249=ORIENTED_EDGE('',*,*,#2391,.F.);
#1250=ORIENTED_EDGE('',*,*,#2392,.F.);
#1251=ORIENTED_EDGE('',*,*,#2393,.F.);
#1252=ORIENTED_EDGE('',*,*,#2394,.F.);
#1253=ORIENTED_EDGE('',*,*,#2395,.F.);
#1254=ORIENTED_EDGE('',*,*,#2396,.F.);
#1255=ORIENTED_EDGE('',*,*,#2397,.F.);
#1256=ORIENTED_EDGE('',*,*,#2398,.F.);
#1257=ORIENTED_EDGE('',*,*,#2399,.F.);
#1258=ORIENTED_EDGE('',*,*,#2400,.F.);
#1259=ORIENTED_EDGE('',*,*,#2401,.F.);
#1260=ORIENTED_EDGE('',*,*,#2402,.F.);
#1261=ORIENTED_EDGE('',*,*,#2403,.F.);
#1262=ORIENTED_EDGE('',*,*,#2404,.F.);
#1263=ORIENTED_EDGE('',*,*,#2405,.F.);
#1264=ORIENTED_EDGE('',*,*,#2406,.F.);
#1265=ORIENTED_EDGE('',*,*,#2407,.F.);
#1266=ORIENTED_EDGE('',*,*,#2408,.F.);
#1267=ORIENTED_EDGE('',*,*,#2409,.F.);
#1268=ORIENTED_EDGE('',*,*,#2410,.F.);
#1269=ORIENTED_EDGE('',*,*,#2411,.F.);
#1270=ORIENTED_EDGE('',*,*,#2412,.F.);
#1271=ORIENTED_EDGE('',*,*,#2413,.F.);
#1272=ORIENTED_EDGE('',*,*,#2414,.F.);
#1273=ORIENTED_EDGE('',*,*,#2415,.F.);
#1274=ORIENTED_EDGE('',*,*,#2416,.F.);
#1275=ORIENTED_EDGE('',*,*,#2417,.F.);
#1276=ORIENTED_EDGE('',*,*,#2418,.F.);
#1277=ORIENTED_EDGE('',*,*,#2419,.F.);
#1278=ORIENTED_EDGE('',*,*,#2420,.F.);
#1279=ORIENTED_EDGE('',*,*,#2421,.F.);
#1280=ORIENTED_EDGE('',*,*,#2422,.F.);
#1281=ORIENTED_EDGE('',*,*,#2423,.F.);
#1282=ORIENTED_EDGE('',*,*,#2424,.F.);
#1283=ORIENTED_EDGE('',*,*,#2425,.F.);
#1284=ORIENTED_EDGE('',*,*,#2426,.F.);
#1285=ORIENTED_EDGE('',*,*,#2427,.F.);
#1286=ORIENTED_EDGE('',*,*,#2428,.F.);
#1287=ORIENTED_EDGE('',*,*,#2429,.F.);
#1288=ORIENTED_EDGE('',*,*,#2430,.F.);
#1289=ORIENTED_EDGE('',*,*,#2431,.F.);
#1290=ORIENTED_EDGE('',*,*,#2432,.F.);
#1291=ORIENTED_EDGE('',*,*,#2433,.F.);
#1292=ORIENTED_EDGE('',*,*,#2434,.F.);
#1293=ORIENTED_EDGE('',*,*,#2435,.F.);
#1294=ORIENTED_EDGE('',*,*,#2436,.F.);
#1295=ORIENTED_EDGE('',*,*,#2437,.F.);
#1296=ORIENTED_EDGE('',*,*,#2438,.F.);
#1297=ORIENTED_EDGE('',*,*,#2439,.F.);
#1298=ORIENTED_EDGE('',*,*,#2440,.F.);
#1299=ORIENTED_EDGE('',*,*,#2441,.F.);
#1300=ORIENTED_EDGE('',*,*,#2442,.F.);
#1301=ORIENTED_EDGE('',*,*,#2443,.F.);
#1302=ORIENTED_EDGE('',*,*,#2444,.F.);
#1303=ORIENTED_EDGE('',*,*,#2445,.F.);
#1304=ORIENTED_EDGE('',*,*,#2446,.F.);
#1305=ORIENTED_EDGE('',*,*,#2447,.F.);
#1306=ORIENTED_EDGE('',*,*,#2448,.F.);
#1307=ORIENTED_EDGE('',*,*,#2449,.F.);
#1308=ORIENTED_EDGE('',*,*,#2450,.F.);
#1309=ORIENTED_EDGE('',*,*,#2451,.F.);
#1310=ORIENTED_EDGE('',*,*,#2452,.F.);
#1311=ORIENTED_EDGE('',*,*,#2453,.F.);
#1312=ORIENTED_EDGE('',*,*,#2454,.F.);
#1313=ORIENTED_EDGE('',*,*,#2455,.F.);
#1314=ORIENTED_EDGE('',*,*,#2456,.F.);
#1315=ORIENTED_EDGE('',*,*,#2457,.F.);
#1316=ORIENTED_EDGE('',*,*,#2458,.F.);
#1317=ORIENTED_EDGE('',*,*,#2459,.F.);
#1318=ORIENTED_EDGE('',*,*,#2460,.F.);
#1319=ORIENTED_EDGE('',*,*,#2461,.F.);
#1320=ORIENTED_EDGE('',*,*,#2462,.F.);
#1321=ORIENTED_EDGE('',*,*,#2463,.F.);
#1322=ORIENTED_EDGE('',*,*,#2464,.F.);
#1323=ORIENTED_EDGE('',*,*,#2465,.F.);
#1324=ORIENTED_EDGE('',*,*,#2466,.F.);
#1325=ORIENTED_EDGE('',*,*,#2467,.F.);
#1326=ORIENTED_EDGE('',*,*,#2468,.F.);
#1327=ORIENTED_EDGE('',*,*,#2469,.F.);
#1328=ORIENTED_EDGE('',*,*,#2470,.F.);
#1329=ORIENTED_EDGE('',*,*,#2471,.F.);
#1330=ORIENTED_EDGE('',*,*,#2472,.F.);
#1331=ORIENTED_EDGE('',*,*,#2473,.F.);
#1332=ORIENTED_EDGE('',*,*,#2474,.F.);
#1333=ORIENTED_EDGE('',*,*,#2475,.F.);
#1334=ORIENTED_EDGE('',*,*,#2476,.F.);
#1335=ORIENTED_EDGE('',*,*,#2477,.F.);
#1336=ORIENTED_EDGE('',*,*,#2478,.F.);
#1337=ORIENTED_EDGE('',*,*,#2479,.F.);
#1338=ORIENTED_EDGE('',*,*,#2480,.F.);
#1339=ORIENTED_EDGE('',*,*,#2481,.F.);
#1340=ORIENTED_EDGE('',*,*,#2482,.F.);
#1341=ORIENTED_EDGE('',*,*,#2483,.F.);
#1342=ORIENTED_EDGE('',*,*,#2484,.F.);
#1343=ORIENTED_EDGE('',*,*,#2485,.F.);
#1344=ORIENTED_EDGE('',*,*,#2486,.F.);
#1345=ORIENTED_EDGE('',*,*,#2487,.F.);
#1346=ORIENTED_EDGE('',*,*,#2488,.F.);
#1347=ORIENTED_EDGE('',*,*,#2489,.F.);
#1348=ORIENTED_EDGE('',*,*,#2490,.F.);
#1349=ORIENTED_EDGE('',*,*,#2491,.F.);
#1350=ORIENTED_EDGE('',*,*,#2492,.F.);
#1351=ORIENTED_EDGE('',*,*,#2493,.F.);
#1352=ORIENTED_EDGE('',*,*,#2494,.F.);
#1353=ORIENTED_EDGE('',*,*,#2495,.F.);
#1354=ORIENTED_EDGE('',*,*,#2496,.F.);
#1355=ORIENTED_EDGE('',*,*,#2497,.F.);
#1356=ORIENTED_EDGE('',*,*,#2498,.F.);
#1357=ORIENTED_EDGE('',*,*,#2499,.F.);
#1358=ORIENTED_EDGE('',*,*,#2500,.T.);
#1359=ORIENTED_EDGE('',*,*,#2501,.T.);
#1360=ORIENTED_EDGE('',*,*,#2502,.T.);
#1361=ORIENTED_EDGE('',*,*,#2503,.T.);
#1362=ORIENTED_EDGE('',*,*,#2354,.F.);
#1363=ORIENTED_EDGE('',*,*,#2358,.T.);
#1364=ORIENTED_EDGE('',*,*,#2361,.T.);
#1365=ORIENTED_EDGE('',*,*,#2370,.F.);
#1366=ORIENTED_EDGE('',*,*,#2334,.F.);
#1367=ORIENTED_EDGE('',*,*,#2338,.T.);
#1368=ORIENTED_EDGE('',*,*,#2341,.T.);
#1369=ORIENTED_EDGE('',*,*,#2366,.F.);
#1370=ORIENTED_EDGE('',*,*,#2324,.F.);
#1371=ORIENTED_EDGE('',*,*,#2328,.T.);
#1372=ORIENTED_EDGE('',*,*,#2331,.T.);
#1373=ORIENTED_EDGE('',*,*,#2364,.F.);
#1374=ORIENTED_EDGE('',*,*,#2314,.F.);
#1375=ORIENTED_EDGE('',*,*,#2318,.T.);
#1376=ORIENTED_EDGE('',*,*,#2321,.T.);
#1377=ORIENTED_EDGE('',*,*,#2372,.F.);
#1378=ORIENTED_EDGE('',*,*,#2504,.F.);
#1379=ORIENTED_EDGE('',*,*,#2503,.F.);
#1380=ORIENTED_EDGE('',*,*,#2505,.F.);
#1381=ORIENTED_EDGE('',*,*,#2349,.F.);
#1382=ORIENTED_EDGE('',*,*,#2505,.T.);
#1383=ORIENTED_EDGE('',*,*,#2502,.F.);
#1384=ORIENTED_EDGE('',*,*,#2506,.F.);
#1385=ORIENTED_EDGE('',*,*,#2345,.F.);
#1386=ORIENTED_EDGE('',*,*,#2504,.T.);
#1387=ORIENTED_EDGE('',*,*,#2352,.F.);
#1388=ORIENTED_EDGE('',*,*,#2507,.F.);
#1389=ORIENTED_EDGE('',*,*,#2500,.F.);
#1390=ORIENTED_EDGE('',*,*,#2506,.T.);
#1391=ORIENTED_EDGE('',*,*,#2501,.F.);
#1392=ORIENTED_EDGE('',*,*,#2507,.T.);
#1393=ORIENTED_EDGE('',*,*,#2368,.F.);
#1394=ORIENTED_EDGE('',*,*,#2508,.F.);
#1395=ORIENTED_EDGE('',*,*,#2499,.T.);
#1396=ORIENTED_EDGE('',*,*,#2508,.T.);
#1397=ORIENTED_EDGE('',*,*,#2509,.F.);
#1398=ORIENTED_EDGE('',*,*,#2498,.T.);
#1399=ORIENTED_EDGE('',*,*,#2509,.T.);
#1400=ORIENTED_EDGE('',*,*,#2510,.F.);
#1401=ORIENTED_EDGE('',*,*,#2497,.T.);
#1402=ORIENTED_EDGE('',*,*,#2510,.T.);
#1403=ORIENTED_EDGE('',*,*,#2511,.F.);
#1404=ORIENTED_EDGE('',*,*,#2496,.T.);
#1405=ORIENTED_EDGE('',*,*,#2511,.T.);
#1406=ORIENTED_EDGE('',*,*,#2512,.F.);
#1407=ORIENTED_EDGE('',*,*,#2495,.T.);
#1408=ORIENTED_EDGE('',*,*,#2512,.T.);
#1409=ORIENTED_EDGE('',*,*,#2513,.F.);
#1410=ORIENTED_EDGE('',*,*,#2494,.T.);
#1411=ORIENTED_EDGE('',*,*,#2513,.T.);
#1412=ORIENTED_EDGE('',*,*,#2514,.F.);
#1413=ORIENTED_EDGE('',*,*,#2493,.T.);
#1414=ORIENTED_EDGE('',*,*,#2514,.T.);
#1415=ORIENTED_EDGE('',*,*,#2515,.F.);
#1416=ORIENTED_EDGE('',*,*,#2492,.T.);
#1417=ORIENTED_EDGE('',*,*,#2515,.T.);
#1418=ORIENTED_EDGE('',*,*,#2516,.F.);
#1419=ORIENTED_EDGE('',*,*,#2491,.T.);
#1420=ORIENTED_EDGE('',*,*,#2516,.T.);
#1421=ORIENTED_EDGE('',*,*,#2517,.F.);
#1422=ORIENTED_EDGE('',*,*,#2490,.T.);
#1423=ORIENTED_EDGE('',*,*,#2517,.T.);
#1424=ORIENTED_EDGE('',*,*,#2518,.F.);
#1425=ORIENTED_EDGE('',*,*,#2489,.T.);
#1426=ORIENTED_EDGE('',*,*,#2518,.T.);
#1427=ORIENTED_EDGE('',*,*,#2519,.F.);
#1428=ORIENTED_EDGE('',*,*,#2488,.T.);
#1429=ORIENTED_EDGE('',*,*,#2519,.T.);
#1430=ORIENTED_EDGE('',*,*,#2520,.F.);
#1431=ORIENTED_EDGE('',*,*,#2487,.T.);
#1432=ORIENTED_EDGE('',*,*,#2520,.T.);
#1433=ORIENTED_EDGE('',*,*,#2521,.F.);
#1434=ORIENTED_EDGE('',*,*,#2486,.T.);
#1435=ORIENTED_EDGE('',*,*,#2521,.T.);
#1436=ORIENTED_EDGE('',*,*,#2522,.F.);
#1437=ORIENTED_EDGE('',*,*,#2485,.T.);
#1438=ORIENTED_EDGE('',*,*,#2522,.T.);
#1439=ORIENTED_EDGE('',*,*,#2523,.F.);
#1440=ORIENTED_EDGE('',*,*,#2484,.T.);
#1441=ORIENTED_EDGE('',*,*,#2523,.T.);
#1442=ORIENTED_EDGE('',*,*,#2524,.F.);
#1443=ORIENTED_EDGE('',*,*,#2483,.T.);
#1444=ORIENTED_EDGE('',*,*,#2524,.T.);
#1445=ORIENTED_EDGE('',*,*,#2525,.F.);
#1446=ORIENTED_EDGE('',*,*,#2482,.T.);
#1447=ORIENTED_EDGE('',*,*,#2525,.T.);
#1448=ORIENTED_EDGE('',*,*,#2526,.F.);
#1449=ORIENTED_EDGE('',*,*,#2481,.T.);
#1450=ORIENTED_EDGE('',*,*,#2526,.T.);
#1451=ORIENTED_EDGE('',*,*,#2527,.F.);
#1452=ORIENTED_EDGE('',*,*,#2480,.T.);
#1453=ORIENTED_EDGE('',*,*,#2527,.T.);
#1454=ORIENTED_EDGE('',*,*,#2528,.F.);
#1455=ORIENTED_EDGE('',*,*,#2479,.T.);
#1456=ORIENTED_EDGE('',*,*,#2528,.T.);
#1457=ORIENTED_EDGE('',*,*,#2529,.F.);
#1458=ORIENTED_EDGE('',*,*,#2478,.T.);
#1459=ORIENTED_EDGE('',*,*,#2529,.T.);
#1460=ORIENTED_EDGE('',*,*,#2530,.F.);
#1461=ORIENTED_EDGE('',*,*,#2477,.T.);
#1462=ORIENTED_EDGE('',*,*,#2530,.T.);
#1463=ORIENTED_EDGE('',*,*,#2531,.F.);
#1464=ORIENTED_EDGE('',*,*,#2476,.T.);
#1465=ORIENTED_EDGE('',*,*,#2531,.T.);
#1466=ORIENTED_EDGE('',*,*,#2532,.F.);
#1467=ORIENTED_EDGE('',*,*,#2475,.T.);
#1468=ORIENTED_EDGE('',*,*,#2532,.T.);
#1469=ORIENTED_EDGE('',*,*,#2533,.F.);
#1470=ORIENTED_EDGE('',*,*,#2474,.T.);
#1471=ORIENTED_EDGE('',*,*,#2533,.T.);
#1472=ORIENTED_EDGE('',*,*,#2534,.F.);
#1473=ORIENTED_EDGE('',*,*,#2473,.T.);
#1474=ORIENTED_EDGE('',*,*,#2534,.T.);
#1475=ORIENTED_EDGE('',*,*,#2535,.F.);
#1476=ORIENTED_EDGE('',*,*,#2472,.T.);
#1477=ORIENTED_EDGE('',*,*,#2535,.T.);
#1478=ORIENTED_EDGE('',*,*,#2536,.F.);
#1479=ORIENTED_EDGE('',*,*,#2471,.T.);
#1480=ORIENTED_EDGE('',*,*,#2536,.T.);
#1481=ORIENTED_EDGE('',*,*,#2537,.F.);
#1482=ORIENTED_EDGE('',*,*,#2470,.T.);
#1483=ORIENTED_EDGE('',*,*,#2537,.T.);
#1484=ORIENTED_EDGE('',*,*,#2538,.F.);
#1485=ORIENTED_EDGE('',*,*,#2469,.T.);
#1486=ORIENTED_EDGE('',*,*,#2538,.T.);
#1487=ORIENTED_EDGE('',*,*,#2539,.F.);
#1488=ORIENTED_EDGE('',*,*,#2468,.T.);
#1489=ORIENTED_EDGE('',*,*,#2539,.T.);
#1490=ORIENTED_EDGE('',*,*,#2540,.F.);
#1491=ORIENTED_EDGE('',*,*,#2467,.T.);
#1492=ORIENTED_EDGE('',*,*,#2540,.T.);
#1493=ORIENTED_EDGE('',*,*,#2541,.F.);
#1494=ORIENTED_EDGE('',*,*,#2466,.T.);
#1495=ORIENTED_EDGE('',*,*,#2541,.T.);
#1496=ORIENTED_EDGE('',*,*,#2542,.F.);
#1497=ORIENTED_EDGE('',*,*,#2465,.T.);
#1498=ORIENTED_EDGE('',*,*,#2542,.T.);
#1499=ORIENTED_EDGE('',*,*,#2543,.F.);
#1500=ORIENTED_EDGE('',*,*,#2464,.T.);
#1501=ORIENTED_EDGE('',*,*,#2543,.T.);
#1502=ORIENTED_EDGE('',*,*,#2544,.F.);
#1503=ORIENTED_EDGE('',*,*,#2463,.T.);
#1504=ORIENTED_EDGE('',*,*,#2544,.T.);
#1505=ORIENTED_EDGE('',*,*,#2545,.F.);
#1506=ORIENTED_EDGE('',*,*,#2462,.T.);
#1507=ORIENTED_EDGE('',*,*,#2545,.T.);
#1508=ORIENTED_EDGE('',*,*,#2546,.F.);
#1509=ORIENTED_EDGE('',*,*,#2461,.T.);
#1510=ORIENTED_EDGE('',*,*,#2546,.T.);
#1511=ORIENTED_EDGE('',*,*,#2547,.F.);
#1512=ORIENTED_EDGE('',*,*,#2460,.T.);
#1513=ORIENTED_EDGE('',*,*,#2547,.T.);
#1514=ORIENTED_EDGE('',*,*,#2548,.F.);
#1515=ORIENTED_EDGE('',*,*,#2459,.T.);
#1516=ORIENTED_EDGE('',*,*,#2548,.T.);
#1517=ORIENTED_EDGE('',*,*,#2549,.F.);
#1518=ORIENTED_EDGE('',*,*,#2458,.T.);
#1519=ORIENTED_EDGE('',*,*,#2549,.T.);
#1520=ORIENTED_EDGE('',*,*,#2550,.F.);
#1521=ORIENTED_EDGE('',*,*,#2457,.T.);
#1522=ORIENTED_EDGE('',*,*,#2550,.T.);
#1523=ORIENTED_EDGE('',*,*,#2551,.F.);
#1524=ORIENTED_EDGE('',*,*,#2456,.T.);
#1525=ORIENTED_EDGE('',*,*,#2551,.T.);
#1526=ORIENTED_EDGE('',*,*,#2552,.F.);
#1527=ORIENTED_EDGE('',*,*,#2455,.T.);
#1528=ORIENTED_EDGE('',*,*,#2552,.T.);
#1529=ORIENTED_EDGE('',*,*,#2553,.F.);
#1530=ORIENTED_EDGE('',*,*,#2454,.T.);
#1531=ORIENTED_EDGE('',*,*,#2553,.T.);
#1532=ORIENTED_EDGE('',*,*,#2554,.F.);
#1533=ORIENTED_EDGE('',*,*,#2453,.T.);
#1534=ORIENTED_EDGE('',*,*,#2554,.T.);
#1535=ORIENTED_EDGE('',*,*,#2555,.F.);
#1536=ORIENTED_EDGE('',*,*,#2452,.T.);
#1537=ORIENTED_EDGE('',*,*,#2555,.T.);
#1538=ORIENTED_EDGE('',*,*,#2556,.F.);
#1539=ORIENTED_EDGE('',*,*,#2451,.T.);
#1540=ORIENTED_EDGE('',*,*,#2556,.T.);
#1541=ORIENTED_EDGE('',*,*,#2557,.F.);
#1542=ORIENTED_EDGE('',*,*,#2450,.T.);
#1543=ORIENTED_EDGE('',*,*,#2557,.T.);
#1544=ORIENTED_EDGE('',*,*,#2558,.F.);
#1545=ORIENTED_EDGE('',*,*,#2449,.T.);
#1546=ORIENTED_EDGE('',*,*,#2558,.T.);
#1547=ORIENTED_EDGE('',*,*,#2559,.F.);
#1548=ORIENTED_EDGE('',*,*,#2448,.T.);
#1549=ORIENTED_EDGE('',*,*,#2559,.T.);
#1550=ORIENTED_EDGE('',*,*,#2560,.F.);
#1551=ORIENTED_EDGE('',*,*,#2447,.T.);
#1552=ORIENTED_EDGE('',*,*,#2560,.T.);
#1553=ORIENTED_EDGE('',*,*,#2561,.F.);
#1554=ORIENTED_EDGE('',*,*,#2446,.T.);
#1555=ORIENTED_EDGE('',*,*,#2561,.T.);
#1556=ORIENTED_EDGE('',*,*,#2562,.F.);
#1557=ORIENTED_EDGE('',*,*,#2445,.T.);
#1558=ORIENTED_EDGE('',*,*,#2562,.T.);
#1559=ORIENTED_EDGE('',*,*,#2563,.F.);
#1560=ORIENTED_EDGE('',*,*,#2444,.T.);
#1561=ORIENTED_EDGE('',*,*,#2563,.T.);
#1562=ORIENTED_EDGE('',*,*,#2564,.F.);
#1563=ORIENTED_EDGE('',*,*,#2443,.T.);
#1564=ORIENTED_EDGE('',*,*,#2564,.T.);
#1565=ORIENTED_EDGE('',*,*,#2565,.F.);
#1566=ORIENTED_EDGE('',*,*,#2442,.T.);
#1567=ORIENTED_EDGE('',*,*,#2565,.T.);
#1568=ORIENTED_EDGE('',*,*,#2566,.F.);
#1569=ORIENTED_EDGE('',*,*,#2441,.T.);
#1570=ORIENTED_EDGE('',*,*,#2566,.T.);
#1571=ORIENTED_EDGE('',*,*,#2567,.F.);
#1572=ORIENTED_EDGE('',*,*,#2440,.T.);
#1573=ORIENTED_EDGE('',*,*,#2567,.T.);
#1574=ORIENTED_EDGE('',*,*,#2568,.F.);
#1575=ORIENTED_EDGE('',*,*,#2439,.T.);
#1576=ORIENTED_EDGE('',*,*,#2568,.T.);
#1577=ORIENTED_EDGE('',*,*,#2569,.F.);
#1578=ORIENTED_EDGE('',*,*,#2438,.T.);
#1579=ORIENTED_EDGE('',*,*,#2569,.T.);
#1580=ORIENTED_EDGE('',*,*,#2570,.F.);
#1581=ORIENTED_EDGE('',*,*,#2437,.T.);
#1582=ORIENTED_EDGE('',*,*,#2570,.T.);
#1583=ORIENTED_EDGE('',*,*,#2571,.F.);
#1584=ORIENTED_EDGE('',*,*,#2436,.T.);
#1585=ORIENTED_EDGE('',*,*,#2571,.T.);
#1586=ORIENTED_EDGE('',*,*,#2572,.F.);
#1587=ORIENTED_EDGE('',*,*,#2435,.T.);
#1588=ORIENTED_EDGE('',*,*,#2572,.T.);
#1589=ORIENTED_EDGE('',*,*,#2573,.F.);
#1590=ORIENTED_EDGE('',*,*,#2434,.T.);
#1591=ORIENTED_EDGE('',*,*,#2573,.T.);
#1592=ORIENTED_EDGE('',*,*,#2574,.F.);
#1593=ORIENTED_EDGE('',*,*,#2433,.T.);
#1594=ORIENTED_EDGE('',*,*,#2574,.T.);
#1595=ORIENTED_EDGE('',*,*,#2575,.F.);
#1596=ORIENTED_EDGE('',*,*,#2432,.T.);
#1597=ORIENTED_EDGE('',*,*,#2575,.T.);
#1598=ORIENTED_EDGE('',*,*,#2576,.F.);
#1599=ORIENTED_EDGE('',*,*,#2431,.T.);
#1600=ORIENTED_EDGE('',*,*,#2576,.T.);
#1601=ORIENTED_EDGE('',*,*,#2577,.F.);
#1602=ORIENTED_EDGE('',*,*,#2430,.T.);
#1603=ORIENTED_EDGE('',*,*,#2577,.T.);
#1604=ORIENTED_EDGE('',*,*,#2578,.F.);
#1605=ORIENTED_EDGE('',*,*,#2429,.T.);
#1606=ORIENTED_EDGE('',*,*,#2578,.T.);
#1607=ORIENTED_EDGE('',*,*,#2579,.F.);
#1608=ORIENTED_EDGE('',*,*,#2428,.T.);
#1609=ORIENTED_EDGE('',*,*,#2579,.T.);
#1610=ORIENTED_EDGE('',*,*,#2580,.F.);
#1611=ORIENTED_EDGE('',*,*,#2427,.T.);
#1612=ORIENTED_EDGE('',*,*,#2580,.T.);
#1613=ORIENTED_EDGE('',*,*,#2581,.F.);
#1614=ORIENTED_EDGE('',*,*,#2426,.T.);
#1615=ORIENTED_EDGE('',*,*,#2581,.T.);
#1616=ORIENTED_EDGE('',*,*,#2582,.F.);
#1617=ORIENTED_EDGE('',*,*,#2425,.T.);
#1618=ORIENTED_EDGE('',*,*,#2582,.T.);
#1619=ORIENTED_EDGE('',*,*,#2583,.F.);
#1620=ORIENTED_EDGE('',*,*,#2424,.T.);
#1621=ORIENTED_EDGE('',*,*,#2583,.T.);
#1622=ORIENTED_EDGE('',*,*,#2584,.F.);
#1623=ORIENTED_EDGE('',*,*,#2423,.T.);
#1624=ORIENTED_EDGE('',*,*,#2584,.T.);
#1625=ORIENTED_EDGE('',*,*,#2585,.F.);
#1626=ORIENTED_EDGE('',*,*,#2422,.T.);
#1627=ORIENTED_EDGE('',*,*,#2585,.T.);
#1628=ORIENTED_EDGE('',*,*,#2586,.F.);
#1629=ORIENTED_EDGE('',*,*,#2421,.T.);
#1630=ORIENTED_EDGE('',*,*,#2586,.T.);
#1631=ORIENTED_EDGE('',*,*,#2587,.F.);
#1632=ORIENTED_EDGE('',*,*,#2420,.T.);
#1633=ORIENTED_EDGE('',*,*,#2587,.T.);
#1634=ORIENTED_EDGE('',*,*,#2588,.F.);
#1635=ORIENTED_EDGE('',*,*,#2419,.T.);
#1636=ORIENTED_EDGE('',*,*,#2588,.T.);
#1637=ORIENTED_EDGE('',*,*,#2589,.F.);
#1638=ORIENTED_EDGE('',*,*,#2418,.T.);
#1639=ORIENTED_EDGE('',*,*,#2589,.T.);
#1640=ORIENTED_EDGE('',*,*,#2590,.F.);
#1641=ORIENTED_EDGE('',*,*,#2417,.T.);
#1642=ORIENTED_EDGE('',*,*,#2590,.T.);
#1643=ORIENTED_EDGE('',*,*,#2591,.F.);
#1644=ORIENTED_EDGE('',*,*,#2416,.T.);
#1645=ORIENTED_EDGE('',*,*,#2591,.T.);
#1646=ORIENTED_EDGE('',*,*,#2592,.F.);
#1647=ORIENTED_EDGE('',*,*,#2415,.T.);
#1648=ORIENTED_EDGE('',*,*,#2592,.T.);
#1649=ORIENTED_EDGE('',*,*,#2593,.F.);
#1650=ORIENTED_EDGE('',*,*,#2414,.T.);
#1651=ORIENTED_EDGE('',*,*,#2593,.T.);
#1652=ORIENTED_EDGE('',*,*,#2594,.F.);
#1653=ORIENTED_EDGE('',*,*,#2413,.T.);
#1654=ORIENTED_EDGE('',*,*,#2594,.T.);
#1655=ORIENTED_EDGE('',*,*,#2595,.F.);
#1656=ORIENTED_EDGE('',*,*,#2412,.T.);
#1657=ORIENTED_EDGE('',*,*,#2595,.T.);
#1658=ORIENTED_EDGE('',*,*,#2596,.F.);
#1659=ORIENTED_EDGE('',*,*,#2411,.T.);
#1660=ORIENTED_EDGE('',*,*,#2596,.T.);
#1661=ORIENTED_EDGE('',*,*,#2597,.F.);
#1662=ORIENTED_EDGE('',*,*,#2410,.T.);
#1663=ORIENTED_EDGE('',*,*,#2597,.T.);
#1664=ORIENTED_EDGE('',*,*,#2598,.F.);
#1665=ORIENTED_EDGE('',*,*,#2409,.T.);
#1666=ORIENTED_EDGE('',*,*,#2598,.T.);
#1667=ORIENTED_EDGE('',*,*,#2599,.F.);
#1668=ORIENTED_EDGE('',*,*,#2408,.T.);
#1669=ORIENTED_EDGE('',*,*,#2599,.T.);
#1670=ORIENTED_EDGE('',*,*,#2600,.F.);
#1671=ORIENTED_EDGE('',*,*,#2407,.T.);
#1672=ORIENTED_EDGE('',*,*,#2600,.T.);
#1673=ORIENTED_EDGE('',*,*,#2601,.F.);
#1674=ORIENTED_EDGE('',*,*,#2406,.T.);
#1675=ORIENTED_EDGE('',*,*,#2601,.T.);
#1676=ORIENTED_EDGE('',*,*,#2602,.F.);
#1677=ORIENTED_EDGE('',*,*,#2405,.T.);
#1678=ORIENTED_EDGE('',*,*,#2602,.T.);
#1679=ORIENTED_EDGE('',*,*,#2603,.F.);
#1680=ORIENTED_EDGE('',*,*,#2404,.T.);
#1681=ORIENTED_EDGE('',*,*,#2603,.T.);
#1682=ORIENTED_EDGE('',*,*,#2604,.F.);
#1683=ORIENTED_EDGE('',*,*,#2403,.T.);
#1684=ORIENTED_EDGE('',*,*,#2604,.T.);
#1685=ORIENTED_EDGE('',*,*,#2605,.F.);
#1686=ORIENTED_EDGE('',*,*,#2402,.T.);
#1687=ORIENTED_EDGE('',*,*,#2605,.T.);
#1688=ORIENTED_EDGE('',*,*,#2606,.F.);
#1689=ORIENTED_EDGE('',*,*,#2401,.T.);
#1690=ORIENTED_EDGE('',*,*,#2606,.T.);
#1691=ORIENTED_EDGE('',*,*,#2607,.F.);
#1692=ORIENTED_EDGE('',*,*,#2400,.T.);
#1693=ORIENTED_EDGE('',*,*,#2607,.T.);
#1694=ORIENTED_EDGE('',*,*,#2608,.F.);
#1695=ORIENTED_EDGE('',*,*,#2399,.T.);
#1696=ORIENTED_EDGE('',*,*,#2608,.T.);
#1697=ORIENTED_EDGE('',*,*,#2609,.F.);
#1698=ORIENTED_EDGE('',*,*,#2398,.T.);
#1699=ORIENTED_EDGE('',*,*,#2609,.T.);
#1700=ORIENTED_EDGE('',*,*,#2610,.F.);
#1701=ORIENTED_EDGE('',*,*,#2397,.T.);
#1702=ORIENTED_EDGE('',*,*,#2610,.T.);
#1703=ORIENTED_EDGE('',*,*,#2611,.F.);
#1704=ORIENTED_EDGE('',*,*,#2396,.T.);
#1705=ORIENTED_EDGE('',*,*,#2611,.T.);
#1706=ORIENTED_EDGE('',*,*,#2612,.F.);
#1707=ORIENTED_EDGE('',*,*,#2395,.T.);
#1708=ORIENTED_EDGE('',*,*,#2612,.T.);
#1709=ORIENTED_EDGE('',*,*,#2613,.F.);
#1710=ORIENTED_EDGE('',*,*,#2394,.T.);
#1711=ORIENTED_EDGE('',*,*,#2613,.T.);
#1712=ORIENTED_EDGE('',*,*,#2614,.F.);
#1713=ORIENTED_EDGE('',*,*,#2393,.T.);
#1714=ORIENTED_EDGE('',*,*,#2614,.T.);
#1715=ORIENTED_EDGE('',*,*,#2615,.F.);
#1716=ORIENTED_EDGE('',*,*,#2392,.T.);
#1717=ORIENTED_EDGE('',*,*,#2615,.T.);
#1718=ORIENTED_EDGE('',*,*,#2616,.F.);
#1719=ORIENTED_EDGE('',*,*,#2391,.T.);
#1720=ORIENTED_EDGE('',*,*,#2616,.T.);
#1721=ORIENTED_EDGE('',*,*,#2617,.F.);
#1722=ORIENTED_EDGE('',*,*,#2390,.T.);
#1723=ORIENTED_EDGE('',*,*,#2617,.T.);
#1724=ORIENTED_EDGE('',*,*,#2618,.F.);
#1725=ORIENTED_EDGE('',*,*,#2389,.T.);
#1726=ORIENTED_EDGE('',*,*,#2618,.T.);
#1727=ORIENTED_EDGE('',*,*,#2619,.F.);
#1728=ORIENTED_EDGE('',*,*,#2388,.T.);
#1729=ORIENTED_EDGE('',*,*,#2619,.T.);
#1730=ORIENTED_EDGE('',*,*,#2620,.F.);
#1731=ORIENTED_EDGE('',*,*,#2387,.T.);
#1732=ORIENTED_EDGE('',*,*,#2620,.T.);
#1733=ORIENTED_EDGE('',*,*,#2621,.F.);
#1734=ORIENTED_EDGE('',*,*,#2386,.T.);
#1735=ORIENTED_EDGE('',*,*,#2621,.T.);
#1736=ORIENTED_EDGE('',*,*,#2622,.F.);
#1737=ORIENTED_EDGE('',*,*,#2385,.T.);
#1738=ORIENTED_EDGE('',*,*,#2622,.T.);
#1739=ORIENTED_EDGE('',*,*,#2623,.F.);
#1740=ORIENTED_EDGE('',*,*,#2384,.T.);
#1741=ORIENTED_EDGE('',*,*,#2623,.T.);
#1742=ORIENTED_EDGE('',*,*,#2624,.F.);
#1743=ORIENTED_EDGE('',*,*,#2383,.T.);
#1744=ORIENTED_EDGE('',*,*,#2624,.T.);
#1745=ORIENTED_EDGE('',*,*,#2625,.F.);
#1746=ORIENTED_EDGE('',*,*,#2382,.T.);
#1747=ORIENTED_EDGE('',*,*,#2625,.T.);
#1748=ORIENTED_EDGE('',*,*,#2626,.F.);
#1749=ORIENTED_EDGE('',*,*,#2381,.T.);
#1750=ORIENTED_EDGE('',*,*,#2626,.T.);
#1751=ORIENTED_EDGE('',*,*,#2627,.F.);
#1752=ORIENTED_EDGE('',*,*,#2380,.T.);
#1753=ORIENTED_EDGE('',*,*,#2627,.T.);
#1754=ORIENTED_EDGE('',*,*,#2628,.F.);
#1755=ORIENTED_EDGE('',*,*,#2379,.T.);
#1756=ORIENTED_EDGE('',*,*,#2628,.T.);
#1757=ORIENTED_EDGE('',*,*,#2629,.F.);
#1758=ORIENTED_EDGE('',*,*,#2378,.T.);
#1759=ORIENTED_EDGE('',*,*,#2629,.T.);
#1760=ORIENTED_EDGE('',*,*,#2630,.F.);
#1761=ORIENTED_EDGE('',*,*,#2377,.T.);
#1762=ORIENTED_EDGE('',*,*,#2630,.T.);
#1763=ORIENTED_EDGE('',*,*,#2631,.F.);
#1764=ORIENTED_EDGE('',*,*,#2376,.T.);
#1765=ORIENTED_EDGE('',*,*,#2631,.T.);
#1766=ORIENTED_EDGE('',*,*,#2632,.F.);
#1767=ORIENTED_EDGE('',*,*,#2375,.T.);
#1768=ORIENTED_EDGE('',*,*,#2632,.T.);
#1769=ORIENTED_EDGE('',*,*,#2633,.F.);
#1770=ORIENTED_EDGE('',*,*,#2374,.T.);
#1771=ORIENTED_EDGE('',*,*,#2633,.T.);
#1772=ORIENTED_EDGE('',*,*,#2634,.F.);
#1773=ORIENTED_EDGE('',*,*,#2635,.T.);
#1774=ORIENTED_EDGE('',*,*,#2636,.T.);
#1775=ORIENTED_EDGE('',*,*,#2637,.T.);
#1776=ORIENTED_EDGE('',*,*,#2638,.T.);
#1777=ORIENTED_EDGE('',*,*,#2639,.F.);
#1778=ORIENTED_EDGE('',*,*,#2640,.F.);
#1779=ORIENTED_EDGE('',*,*,#2641,.F.);
#1780=ORIENTED_EDGE('',*,*,#2642,.F.);
#1781=ORIENTED_EDGE('',*,*,#2643,.F.);
#1782=ORIENTED_EDGE('',*,*,#2644,.F.);
#1783=ORIENTED_EDGE('',*,*,#2645,.F.);
#1784=ORIENTED_EDGE('',*,*,#2646,.F.);
#1785=ORIENTED_EDGE('',*,*,#2647,.F.);
#1786=ORIENTED_EDGE('',*,*,#2648,.F.);
#1787=ORIENTED_EDGE('',*,*,#2649,.F.);
#1788=ORIENTED_EDGE('',*,*,#2650,.F.);
#1789=ORIENTED_EDGE('',*,*,#2651,.F.);
#1790=ORIENTED_EDGE('',*,*,#2652,.F.);
#1791=ORIENTED_EDGE('',*,*,#2653,.F.);
#1792=ORIENTED_EDGE('',*,*,#2654,.F.);
#1793=ORIENTED_EDGE('',*,*,#2655,.F.);
#1794=ORIENTED_EDGE('',*,*,#2656,.F.);
#1795=ORIENTED_EDGE('',*,*,#2657,.F.);
#1796=ORIENTED_EDGE('',*,*,#2658,.F.);
#1797=ORIENTED_EDGE('',*,*,#2659,.F.);
#1798=ORIENTED_EDGE('',*,*,#2660,.F.);
#1799=ORIENTED_EDGE('',*,*,#2661,.F.);
#1800=ORIENTED_EDGE('',*,*,#2662,.F.);
#1801=ORIENTED_EDGE('',*,*,#2663,.F.);
#1802=ORIENTED_EDGE('',*,*,#2664,.F.);
#1803=ORIENTED_EDGE('',*,*,#2665,.F.);
#1804=ORIENTED_EDGE('',*,*,#2666,.F.);
#1805=ORIENTED_EDGE('',*,*,#2667,.F.);
#1806=ORIENTED_EDGE('',*,*,#2668,.F.);
#1807=ORIENTED_EDGE('',*,*,#2669,.F.);
#1808=ORIENTED_EDGE('',*,*,#2670,.F.);
#1809=ORIENTED_EDGE('',*,*,#2637,.F.);
#1810=ORIENTED_EDGE('',*,*,#2671,.T.);
#1811=ORIENTED_EDGE('',*,*,#2672,.F.);
#1812=ORIENTED_EDGE('',*,*,#2673,.F.);
#1813=ORIENTED_EDGE('',*,*,#2674,.F.);
#1814=ORIENTED_EDGE('',*,*,#2638,.F.);
#1815=ORIENTED_EDGE('',*,*,#2673,.T.);
#1816=ORIENTED_EDGE('',*,*,#2675,.T.);
#1817=ORIENTED_EDGE('',*,*,#2676,.F.);
#1818=ORIENTED_EDGE('',*,*,#2677,.T.);
#1819=ORIENTED_EDGE('',*,*,#2678,.F.);
#1820=ORIENTED_EDGE('',*,*,#2675,.F.);
#1821=ORIENTED_EDGE('',*,*,#2672,.T.);
#1822=ORIENTED_EDGE('',*,*,#2636,.F.);
#1823=ORIENTED_EDGE('',*,*,#2679,.T.);
#1824=ORIENTED_EDGE('',*,*,#2676,.T.);
#1825=ORIENTED_EDGE('',*,*,#2671,.F.);
#1826=ORIENTED_EDGE('',*,*,#2680,.T.);
#1827=ORIENTED_EDGE('',*,*,#2681,.T.);
#1828=ORIENTED_EDGE('',*,*,#2682,.F.);
#1829=ORIENTED_EDGE('',*,*,#2683,.F.);
#1830=ORIENTED_EDGE('',*,*,#2683,.T.);
#1831=ORIENTED_EDGE('',*,*,#2684,.T.);
#1832=ORIENTED_EDGE('',*,*,#2685,.F.);
#1833=ORIENTED_EDGE('',*,*,#2686,.F.);
#1834=ORIENTED_EDGE('',*,*,#2685,.T.);
#1835=ORIENTED_EDGE('',*,*,#2687,.T.);
#1836=ORIENTED_EDGE('',*,*,#2688,.F.);
#1837=ORIENTED_EDGE('',*,*,#2689,.F.);
#1838=ORIENTED_EDGE('',*,*,#2690,.T.);
#1839=ORIENTED_EDGE('',*,*,#2688,.T.);
#1840=ORIENTED_EDGE('',*,*,#2691,.F.);
#1841=ORIENTED_EDGE('',*,*,#2681,.F.);
#1842=ORIENTED_EDGE('',*,*,#2678,.T.);
#1843=ORIENTED_EDGE('',*,*,#2692,.T.);
#1844=ORIENTED_EDGE('',*,*,#2634,.T.);
#1845=ORIENTED_EDGE('',*,*,#2674,.T.);
#1846=ORIENTED_EDGE('',*,*,#2682,.T.);
#1847=ORIENTED_EDGE('',*,*,#2691,.T.);
#1848=ORIENTED_EDGE('',*,*,#2687,.F.);
#1849=ORIENTED_EDGE('',*,*,#2684,.F.);
#1850=ORIENTED_EDGE('',*,*,#2680,.F.);
#1851=ORIENTED_EDGE('',*,*,#2686,.T.);
#1852=ORIENTED_EDGE('',*,*,#2689,.T.);
#1853=ORIENTED_EDGE('',*,*,#2690,.F.);
#1854=ORIENTED_EDGE('',*,*,#2677,.F.);
#1855=ORIENTED_EDGE('',*,*,#2679,.F.);
#1856=ORIENTED_EDGE('',*,*,#2635,.F.);
#1857=ORIENTED_EDGE('',*,*,#2692,.F.);
#1858=ORIENTED_EDGE('',*,*,#2670,.T.);
#1859=ORIENTED_EDGE('',*,*,#2693,.F.);
#1860=ORIENTED_EDGE('',*,*,#2693,.T.);
#1861=ORIENTED_EDGE('',*,*,#2669,.T.);
#1862=ORIENTED_EDGE('',*,*,#2694,.F.);
#1863=ORIENTED_EDGE('',*,*,#2694,.T.);
#1864=ORIENTED_EDGE('',*,*,#2668,.T.);
#1865=ORIENTED_EDGE('',*,*,#2695,.F.);
#1866=ORIENTED_EDGE('',*,*,#2695,.T.);
#1867=ORIENTED_EDGE('',*,*,#2667,.T.);
#1868=ORIENTED_EDGE('',*,*,#2696,.F.);
#1869=ORIENTED_EDGE('',*,*,#2696,.T.);
#1870=ORIENTED_EDGE('',*,*,#2666,.T.);
#1871=ORIENTED_EDGE('',*,*,#2697,.F.);
#1872=ORIENTED_EDGE('',*,*,#2697,.T.);
#1873=ORIENTED_EDGE('',*,*,#2665,.T.);
#1874=ORIENTED_EDGE('',*,*,#2698,.F.);
#1875=ORIENTED_EDGE('',*,*,#2698,.T.);
#1876=ORIENTED_EDGE('',*,*,#2664,.T.);
#1877=ORIENTED_EDGE('',*,*,#2699,.F.);
#1878=ORIENTED_EDGE('',*,*,#2699,.T.);
#1879=ORIENTED_EDGE('',*,*,#2663,.T.);
#1880=ORIENTED_EDGE('',*,*,#2700,.F.);
#1881=ORIENTED_EDGE('',*,*,#2700,.T.);
#1882=ORIENTED_EDGE('',*,*,#2662,.T.);
#1883=ORIENTED_EDGE('',*,*,#2701,.F.);
#1884=ORIENTED_EDGE('',*,*,#2701,.T.);
#1885=ORIENTED_EDGE('',*,*,#2661,.T.);
#1886=ORIENTED_EDGE('',*,*,#2702,.F.);
#1887=ORIENTED_EDGE('',*,*,#2702,.T.);
#1888=ORIENTED_EDGE('',*,*,#2660,.T.);
#1889=ORIENTED_EDGE('',*,*,#2703,.F.);
#1890=ORIENTED_EDGE('',*,*,#2703,.T.);
#1891=ORIENTED_EDGE('',*,*,#2659,.T.);
#1892=ORIENTED_EDGE('',*,*,#2704,.F.);
#1893=ORIENTED_EDGE('',*,*,#2704,.T.);
#1894=ORIENTED_EDGE('',*,*,#2658,.T.);
#1895=ORIENTED_EDGE('',*,*,#2705,.F.);
#1896=ORIENTED_EDGE('',*,*,#2705,.T.);
#1897=ORIENTED_EDGE('',*,*,#2657,.T.);
#1898=ORIENTED_EDGE('',*,*,#2706,.F.);
#1899=ORIENTED_EDGE('',*,*,#2706,.T.);
#1900=ORIENTED_EDGE('',*,*,#2656,.T.);
#1901=ORIENTED_EDGE('',*,*,#2707,.F.);
#1902=ORIENTED_EDGE('',*,*,#2707,.T.);
#1903=ORIENTED_EDGE('',*,*,#2655,.T.);
#1904=ORIENTED_EDGE('',*,*,#2708,.F.);
#1905=ORIENTED_EDGE('',*,*,#2708,.T.);
#1906=ORIENTED_EDGE('',*,*,#2654,.T.);
#1907=ORIENTED_EDGE('',*,*,#2709,.F.);
#1908=ORIENTED_EDGE('',*,*,#2709,.T.);
#1909=ORIENTED_EDGE('',*,*,#2653,.T.);
#1910=ORIENTED_EDGE('',*,*,#2710,.F.);
#1911=ORIENTED_EDGE('',*,*,#2710,.T.);
#1912=ORIENTED_EDGE('',*,*,#2652,.T.);
#1913=ORIENTED_EDGE('',*,*,#2711,.F.);
#1914=ORIENTED_EDGE('',*,*,#2711,.T.);
#1915=ORIENTED_EDGE('',*,*,#2651,.T.);
#1916=ORIENTED_EDGE('',*,*,#2712,.F.);
#1917=ORIENTED_EDGE('',*,*,#2712,.T.);
#1918=ORIENTED_EDGE('',*,*,#2650,.T.);
#1919=ORIENTED_EDGE('',*,*,#2713,.F.);
#1920=ORIENTED_EDGE('',*,*,#2713,.T.);
#1921=ORIENTED_EDGE('',*,*,#2649,.T.);
#1922=ORIENTED_EDGE('',*,*,#2714,.F.);
#1923=ORIENTED_EDGE('',*,*,#2714,.T.);
#1924=ORIENTED_EDGE('',*,*,#2648,.T.);
#1925=ORIENTED_EDGE('',*,*,#2715,.F.);
#1926=ORIENTED_EDGE('',*,*,#2715,.T.);
#1927=ORIENTED_EDGE('',*,*,#2647,.T.);
#1928=ORIENTED_EDGE('',*,*,#2716,.F.);
#1929=ORIENTED_EDGE('',*,*,#2716,.T.);
#1930=ORIENTED_EDGE('',*,*,#2646,.T.);
#1931=ORIENTED_EDGE('',*,*,#2717,.F.);
#1932=ORIENTED_EDGE('',*,*,#2717,.T.);
#1933=ORIENTED_EDGE('',*,*,#2645,.T.);
#1934=ORIENTED_EDGE('',*,*,#2718,.F.);
#1935=ORIENTED_EDGE('',*,*,#2718,.T.);
#1936=ORIENTED_EDGE('',*,*,#2644,.T.);
#1937=ORIENTED_EDGE('',*,*,#2719,.F.);
#1938=ORIENTED_EDGE('',*,*,#2719,.T.);
#1939=ORIENTED_EDGE('',*,*,#2643,.T.);
#1940=ORIENTED_EDGE('',*,*,#2720,.F.);
#1941=ORIENTED_EDGE('',*,*,#2720,.T.);
#1942=ORIENTED_EDGE('',*,*,#2642,.T.);
#1943=ORIENTED_EDGE('',*,*,#2721,.F.);
#1944=ORIENTED_EDGE('',*,*,#2721,.T.);
#1945=ORIENTED_EDGE('',*,*,#2641,.T.);
#1946=ORIENTED_EDGE('',*,*,#2722,.F.);
#1947=ORIENTED_EDGE('',*,*,#2722,.T.);
#1948=ORIENTED_EDGE('',*,*,#2640,.T.);
#1949=ORIENTED_EDGE('',*,*,#2723,.F.);
#1950=ORIENTED_EDGE('',*,*,#2723,.T.);
#1951=ORIENTED_EDGE('',*,*,#2639,.T.);
#1952=ORIENTED_EDGE('',*,*,#2724,.F.);
#1953=ORIENTED_EDGE('',*,*,#2724,.T.);
#1954=ORIENTED_EDGE('',*,*,#2725,.F.);
#1955=ORIENTED_EDGE('',*,*,#2726,.T.);
#1956=ORIENTED_EDGE('',*,*,#2727,.T.);
#1957=ORIENTED_EDGE('',*,*,#2728,.T.);
#1958=ORIENTED_EDGE('',*,*,#2729,.T.);
#1959=ORIENTED_EDGE('',*,*,#2730,.F.);
#1960=ORIENTED_EDGE('',*,*,#2731,.F.);
#1961=ORIENTED_EDGE('',*,*,#2732,.F.);
#1962=ORIENTED_EDGE('',*,*,#2733,.F.);
#1963=ORIENTED_EDGE('',*,*,#2734,.F.);
#1964=ORIENTED_EDGE('',*,*,#2735,.F.);
#1965=ORIENTED_EDGE('',*,*,#2736,.F.);
#1966=ORIENTED_EDGE('',*,*,#2737,.F.);
#1967=ORIENTED_EDGE('',*,*,#2738,.F.);
#1968=ORIENTED_EDGE('',*,*,#2739,.F.);
#1969=ORIENTED_EDGE('',*,*,#2740,.F.);
#1970=ORIENTED_EDGE('',*,*,#2741,.F.);
#1971=ORIENTED_EDGE('',*,*,#2742,.F.);
#1972=ORIENTED_EDGE('',*,*,#2743,.F.);
#1973=ORIENTED_EDGE('',*,*,#2744,.F.);
#1974=ORIENTED_EDGE('',*,*,#2745,.F.);
#1975=ORIENTED_EDGE('',*,*,#2746,.F.);
#1976=ORIENTED_EDGE('',*,*,#2747,.F.);
#1977=ORIENTED_EDGE('',*,*,#2748,.F.);
#1978=ORIENTED_EDGE('',*,*,#2749,.F.);
#1979=ORIENTED_EDGE('',*,*,#2750,.F.);
#1980=ORIENTED_EDGE('',*,*,#2751,.F.);
#1981=ORIENTED_EDGE('',*,*,#2752,.F.);
#1982=ORIENTED_EDGE('',*,*,#2753,.F.);
#1983=ORIENTED_EDGE('',*,*,#2754,.F.);
#1984=ORIENTED_EDGE('',*,*,#2755,.F.);
#1985=ORIENTED_EDGE('',*,*,#2756,.F.);
#1986=ORIENTED_EDGE('',*,*,#2757,.F.);
#1987=ORIENTED_EDGE('',*,*,#2758,.F.);
#1988=ORIENTED_EDGE('',*,*,#2759,.F.);
#1989=ORIENTED_EDGE('',*,*,#2760,.F.);
#1990=ORIENTED_EDGE('',*,*,#2761,.F.);
#1991=ORIENTED_EDGE('',*,*,#2728,.F.);
#1992=ORIENTED_EDGE('',*,*,#2762,.T.);
#1993=ORIENTED_EDGE('',*,*,#2763,.F.);
#1994=ORIENTED_EDGE('',*,*,#2764,.F.);
#1995=ORIENTED_EDGE('',*,*,#2765,.F.);
#1996=ORIENTED_EDGE('',*,*,#2729,.F.);
#1997=ORIENTED_EDGE('',*,*,#2764,.T.);
#1998=ORIENTED_EDGE('',*,*,#2766,.T.);
#1999=ORIENTED_EDGE('',*,*,#2767,.F.);
#2000=ORIENTED_EDGE('',*,*,#2768,.T.);
#2001=ORIENTED_EDGE('',*,*,#2769,.F.);
#2002=ORIENTED_EDGE('',*,*,#2766,.F.);
#2003=ORIENTED_EDGE('',*,*,#2763,.T.);
#2004=ORIENTED_EDGE('',*,*,#2727,.F.);
#2005=ORIENTED_EDGE('',*,*,#2770,.T.);
#2006=ORIENTED_EDGE('',*,*,#2767,.T.);
#2007=ORIENTED_EDGE('',*,*,#2762,.F.);
#2008=ORIENTED_EDGE('',*,*,#2771,.T.);
#2009=ORIENTED_EDGE('',*,*,#2772,.T.);
#2010=ORIENTED_EDGE('',*,*,#2773,.F.);
#2011=ORIENTED_EDGE('',*,*,#2774,.F.);
#2012=ORIENTED_EDGE('',*,*,#2774,.T.);
#2013=ORIENTED_EDGE('',*,*,#2775,.T.);
#2014=ORIENTED_EDGE('',*,*,#2776,.F.);
#2015=ORIENTED_EDGE('',*,*,#2777,.F.);
#2016=ORIENTED_EDGE('',*,*,#2776,.T.);
#2017=ORIENTED_EDGE('',*,*,#2778,.T.);
#2018=ORIENTED_EDGE('',*,*,#2779,.F.);
#2019=ORIENTED_EDGE('',*,*,#2780,.F.);
#2020=ORIENTED_EDGE('',*,*,#2781,.T.);
#2021=ORIENTED_EDGE('',*,*,#2779,.T.);
#2022=ORIENTED_EDGE('',*,*,#2782,.F.);
#2023=ORIENTED_EDGE('',*,*,#2772,.F.);
#2024=ORIENTED_EDGE('',*,*,#2769,.T.);
#2025=ORIENTED_EDGE('',*,*,#2783,.T.);
#2026=ORIENTED_EDGE('',*,*,#2725,.T.);
#2027=ORIENTED_EDGE('',*,*,#2765,.T.);
#2028=ORIENTED_EDGE('',*,*,#2773,.T.);
#2029=ORIENTED_EDGE('',*,*,#2782,.T.);
#2030=ORIENTED_EDGE('',*,*,#2778,.F.);
#2031=ORIENTED_EDGE('',*,*,#2775,.F.);
#2032=ORIENTED_EDGE('',*,*,#2771,.F.);
#2033=ORIENTED_EDGE('',*,*,#2777,.T.);
#2034=ORIENTED_EDGE('',*,*,#2780,.T.);
#2035=ORIENTED_EDGE('',*,*,#2781,.F.);
#2036=ORIENTED_EDGE('',*,*,#2768,.F.);
#2037=ORIENTED_EDGE('',*,*,#2770,.F.);
#2038=ORIENTED_EDGE('',*,*,#2726,.F.);
#2039=ORIENTED_EDGE('',*,*,#2783,.F.);
#2040=ORIENTED_EDGE('',*,*,#2761,.T.);
#2041=ORIENTED_EDGE('',*,*,#2784,.F.);
#2042=ORIENTED_EDGE('',*,*,#2784,.T.);
#2043=ORIENTED_EDGE('',*,*,#2760,.T.);
#2044=ORIENTED_EDGE('',*,*,#2785,.F.);
#2045=ORIENTED_EDGE('',*,*,#2785,.T.);
#2046=ORIENTED_EDGE('',*,*,#2759,.T.);
#2047=ORIENTED_EDGE('',*,*,#2786,.F.);
#2048=ORIENTED_EDGE('',*,*,#2786,.T.);
#2049=ORIENTED_EDGE('',*,*,#2758,.T.);
#2050=ORIENTED_EDGE('',*,*,#2787,.F.);
#2051=ORIENTED_EDGE('',*,*,#2787,.T.);
#2052=ORIENTED_EDGE('',*,*,#2757,.T.);
#2053=ORIENTED_EDGE('',*,*,#2788,.F.);
#2054=ORIENTED_EDGE('',*,*,#2788,.T.);
#2055=ORIENTED_EDGE('',*,*,#2756,.T.);
#2056=ORIENTED_EDGE('',*,*,#2789,.F.);
#2057=ORIENTED_EDGE('',*,*,#2789,.T.);
#2058=ORIENTED_EDGE('',*,*,#2755,.T.);
#2059=ORIENTED_EDGE('',*,*,#2790,.F.);
#2060=ORIENTED_EDGE('',*,*,#2790,.T.);
#2061=ORIENTED_EDGE('',*,*,#2754,.T.);
#2062=ORIENTED_EDGE('',*,*,#2791,.F.);
#2063=ORIENTED_EDGE('',*,*,#2791,.T.);
#2064=ORIENTED_EDGE('',*,*,#2753,.T.);
#2065=ORIENTED_EDGE('',*,*,#2792,.F.);
#2066=ORIENTED_EDGE('',*,*,#2792,.T.);
#2067=ORIENTED_EDGE('',*,*,#2752,.T.);
#2068=ORIENTED_EDGE('',*,*,#2793,.F.);
#2069=ORIENTED_EDGE('',*,*,#2793,.T.);
#2070=ORIENTED_EDGE('',*,*,#2751,.T.);
#2071=ORIENTED_EDGE('',*,*,#2794,.F.);
#2072=ORIENTED_EDGE('',*,*,#2794,.T.);
#2073=ORIENTED_EDGE('',*,*,#2750,.T.);
#2074=ORIENTED_EDGE('',*,*,#2795,.F.);
#2075=ORIENTED_EDGE('',*,*,#2795,.T.);
#2076=ORIENTED_EDGE('',*,*,#2749,.T.);
#2077=ORIENTED_EDGE('',*,*,#2796,.F.);
#2078=ORIENTED_EDGE('',*,*,#2796,.T.);
#2079=ORIENTED_EDGE('',*,*,#2748,.T.);
#2080=ORIENTED_EDGE('',*,*,#2797,.F.);
#2081=ORIENTED_EDGE('',*,*,#2797,.T.);
#2082=ORIENTED_EDGE('',*,*,#2747,.T.);
#2083=ORIENTED_EDGE('',*,*,#2798,.F.);
#2084=ORIENTED_EDGE('',*,*,#2798,.T.);
#2085=ORIENTED_EDGE('',*,*,#2746,.T.);
#2086=ORIENTED_EDGE('',*,*,#2799,.F.);
#2087=ORIENTED_EDGE('',*,*,#2799,.T.);
#2088=ORIENTED_EDGE('',*,*,#2745,.T.);
#2089=ORIENTED_EDGE('',*,*,#2800,.F.);
#2090=ORIENTED_EDGE('',*,*,#2800,.T.);
#2091=ORIENTED_EDGE('',*,*,#2744,.T.);
#2092=ORIENTED_EDGE('',*,*,#2801,.F.);
#2093=ORIENTED_EDGE('',*,*,#2801,.T.);
#2094=ORIENTED_EDGE('',*,*,#2743,.T.);
#2095=ORIENTED_EDGE('',*,*,#2802,.F.);
#2096=ORIENTED_EDGE('',*,*,#2802,.T.);
#2097=ORIENTED_EDGE('',*,*,#2742,.T.);
#2098=ORIENTED_EDGE('',*,*,#2803,.F.);
#2099=ORIENTED_EDGE('',*,*,#2803,.T.);
#2100=ORIENTED_EDGE('',*,*,#2741,.T.);
#2101=ORIENTED_EDGE('',*,*,#2804,.F.);
#2102=ORIENTED_EDGE('',*,*,#2804,.T.);
#2103=ORIENTED_EDGE('',*,*,#2740,.T.);
#2104=ORIENTED_EDGE('',*,*,#2805,.F.);
#2105=ORIENTED_EDGE('',*,*,#2805,.T.);
#2106=ORIENTED_EDGE('',*,*,#2739,.T.);
#2107=ORIENTED_EDGE('',*,*,#2806,.F.);
#2108=ORIENTED_EDGE('',*,*,#2806,.T.);
#2109=ORIENTED_EDGE('',*,*,#2738,.T.);
#2110=ORIENTED_EDGE('',*,*,#2807,.F.);
#2111=ORIENTED_EDGE('',*,*,#2807,.T.);
#2112=ORIENTED_EDGE('',*,*,#2737,.T.);
#2113=ORIENTED_EDGE('',*,*,#2808,.F.);
#2114=ORIENTED_EDGE('',*,*,#2808,.T.);
#2115=ORIENTED_EDGE('',*,*,#2736,.T.);
#2116=ORIENTED_EDGE('',*,*,#2809,.F.);
#2117=ORIENTED_EDGE('',*,*,#2809,.T.);
#2118=ORIENTED_EDGE('',*,*,#2735,.T.);
#2119=ORIENTED_EDGE('',*,*,#2810,.F.);
#2120=ORIENTED_EDGE('',*,*,#2810,.T.);
#2121=ORIENTED_EDGE('',*,*,#2734,.T.);
#2122=ORIENTED_EDGE('',*,*,#2811,.F.);
#2123=ORIENTED_EDGE('',*,*,#2811,.T.);
#2124=ORIENTED_EDGE('',*,*,#2733,.T.);
#2125=ORIENTED_EDGE('',*,*,#2812,.F.);
#2126=ORIENTED_EDGE('',*,*,#2812,.T.);
#2127=ORIENTED_EDGE('',*,*,#2732,.T.);
#2128=ORIENTED_EDGE('',*,*,#2813,.F.);
#2129=ORIENTED_EDGE('',*,*,#2813,.T.);
#2130=ORIENTED_EDGE('',*,*,#2731,.T.);
#2131=ORIENTED_EDGE('',*,*,#2814,.F.);
#2132=ORIENTED_EDGE('',*,*,#2814,.T.);
#2133=ORIENTED_EDGE('',*,*,#2730,.T.);
#2134=ORIENTED_EDGE('',*,*,#2815,.F.);
#2135=ORIENTED_EDGE('',*,*,#2815,.T.);
#2136=EDGE_CURVE('',#2816,#2817,#3436,.T.);
#2137=EDGE_CURVE('',#2816,#2818,#3437,.T.);
#2138=EDGE_CURVE('',#2818,#2819,#3438,.T.);
#2139=EDGE_CURVE('',#2819,#2820,#3439,.T.);
#2140=EDGE_CURVE('',#2820,#2817,#3440,.T.);
#2141=EDGE_CURVE('',#2821,#2821,#272,.T.);
#2142=EDGE_CURVE('',#2822,#2822,#273,.T.);
#2143=EDGE_CURVE('',#2823,#2823,#274,.T.);
#2144=EDGE_CURVE('',#2824,#2824,#275,.T.);
#2145=EDGE_CURVE('',#2825,#2825,#276,.T.);
#2146=EDGE_CURVE('',#2826,#2826,#277,.T.);
#2147=EDGE_CURVE('',#2827,#2827,#278,.T.);
#2148=EDGE_CURVE('',#2828,#2828,#279,.T.);
#2149=EDGE_CURVE('',#2829,#2829,#280,.T.);
#2150=EDGE_CURVE('',#2830,#2830,#281,.T.);
#2151=EDGE_CURVE('',#2831,#2831,#282,.T.);
#2152=EDGE_CURVE('',#2832,#2832,#283,.T.);
#2153=EDGE_CURVE('',#2833,#2833,#284,.T.);
#2154=EDGE_CURVE('',#2834,#2834,#285,.T.);
#2155=EDGE_CURVE('',#2835,#2835,#286,.T.);
#2156=EDGE_CURVE('',#2836,#2836,#287,.T.);
#2157=EDGE_CURVE('',#2837,#2837,#288,.T.);
#2158=EDGE_CURVE('',#2838,#2838,#289,.T.);
#2159=EDGE_CURVE('',#2839,#2839,#290,.T.);
#2160=EDGE_CURVE('',#2840,#2840,#291,.T.);
#2161=EDGE_CURVE('',#2841,#2841,#292,.T.);
#2162=EDGE_CURVE('',#2842,#2842,#293,.T.);
#2163=EDGE_CURVE('',#2843,#2843,#294,.T.);
#2164=EDGE_CURVE('',#2844,#2844,#295,.T.);
#2165=EDGE_CURVE('',#2845,#2845,#296,.T.);
#2166=EDGE_CURVE('',#2846,#2846,#297,.T.);
#2167=EDGE_CURVE('',#2847,#2847,#298,.T.);
#2168=EDGE_CURVE('',#2848,#2848,#299,.T.);
#2169=EDGE_CURVE('',#2849,#2849,#300,.T.);
#2170=EDGE_CURVE('',#2850,#2850,#301,.T.);
#2171=EDGE_CURVE('',#2819,#2851,#3441,.T.);
#2172=EDGE_CURVE('',#2852,#2851,#3442,.T.);
#2173=EDGE_CURVE('',#2820,#2852,#3443,.T.);
#2174=EDGE_CURVE('',#2817,#2853,#3444,.T.);
#2175=EDGE_CURVE('',#2852,#2853,#3445,.T.);
#2176=EDGE_CURVE('',#2854,#2851,#3446,.T.);
#2177=EDGE_CURVE('',#2854,#2855,#3447,.T.);
#2178=EDGE_CURVE('',#2853,#2855,#3448,.T.);
#2179=EDGE_CURVE('',#2818,#2854,#3449,.T.);
#2180=EDGE_CURVE('',#2856,#2857,#3450,.T.);
#2181=EDGE_CURVE('',#2857,#2858,#3451,.T.);
#2182=EDGE_CURVE('',#2859,#2858,#3452,.T.);
#2183=EDGE_CURVE('',#2856,#2859,#3453,.T.);
#2184=EDGE_CURVE('',#2859,#2860,#3454,.T.);
#2185=EDGE_CURVE('',#2861,#2860,#3455,.T.);
#2186=EDGE_CURVE('',#2856,#2861,#3456,.T.);
#2187=EDGE_CURVE('',#2860,#2862,#3457,.T.);
#2188=EDGE_CURVE('',#2863,#2862,#3458,.T.);
#2189=EDGE_CURVE('',#2861,#2863,#3459,.T.);
#2190=EDGE_CURVE('',#2857,#2863,#3460,.T.);
#2191=EDGE_CURVE('',#2858,#2862,#3461,.T.);
#2192=EDGE_CURVE('',#2855,#2816,#3462,.T.);
#2193=EDGE_CURVE('',#2864,#2864,#302,.T.);
#2194=EDGE_CURVE('',#2865,#2865,#303,.T.);
#2195=EDGE_CURVE('',#2866,#2866,#304,.T.);
#2196=EDGE_CURVE('',#2867,#2867,#305,.T.);
#2197=EDGE_CURVE('',#2868,#2868,#306,.T.);
#2198=EDGE_CURVE('',#2869,#2869,#307,.T.);
#2199=EDGE_CURVE('',#2870,#2870,#308,.T.);
#2200=EDGE_CURVE('',#2871,#2871,#309,.T.);
#2201=EDGE_CURVE('',#2872,#2872,#310,.T.);
#2202=EDGE_CURVE('',#2873,#2873,#311,.T.);
#2203=EDGE_CURVE('',#2874,#2874,#312,.T.);
#2204=EDGE_CURVE('',#2875,#2875,#313,.T.);
#2205=EDGE_CURVE('',#2876,#2876,#314,.T.);
#2206=EDGE_CURVE('',#2877,#2877,#315,.T.);
#2207=EDGE_CURVE('',#2878,#2878,#316,.T.);
#2208=EDGE_CURVE('',#2879,#2879,#317,.T.);
#2209=EDGE_CURVE('',#2880,#2880,#318,.T.);
#2210=EDGE_CURVE('',#2881,#2881,#319,.T.);
#2211=EDGE_CURVE('',#2882,#2882,#320,.T.);
#2212=EDGE_CURVE('',#2883,#2883,#321,.T.);
#2213=EDGE_CURVE('',#2884,#2884,#322,.T.);
#2214=EDGE_CURVE('',#2885,#2885,#323,.T.);
#2215=EDGE_CURVE('',#2886,#2886,#324,.T.);
#2216=EDGE_CURVE('',#2887,#2887,#325,.T.);
#2217=EDGE_CURVE('',#2888,#2888,#326,.T.);
#2218=EDGE_CURVE('',#2889,#2889,#327,.T.);
#2219=EDGE_CURVE('',#2890,#2890,#328,.T.);
#2220=EDGE_CURVE('',#2891,#2891,#329,.T.);
#2221=EDGE_CURVE('',#2892,#2892,#330,.T.);
#2222=EDGE_CURVE('',#2893,#2893,#331,.T.);
#2223=EDGE_CURVE('',#2894,#2895,#3463,.T.);
#2224=EDGE_CURVE('',#2894,#2896,#3464,.T.);
#2225=EDGE_CURVE('',#2896,#2897,#3465,.T.);
#2226=EDGE_CURVE('',#2897,#2898,#3466,.T.);
#2227=EDGE_CURVE('',#2898,#2895,#3467,.T.);
#2228=EDGE_CURVE('',#2899,#2899,#332,.T.);
#2229=EDGE_CURVE('',#2900,#2900,#333,.T.);
#2230=EDGE_CURVE('',#2901,#2901,#334,.T.);
#2231=EDGE_CURVE('',#2902,#2902,#335,.T.);
#2232=EDGE_CURVE('',#2903,#2903,#336,.T.);
#2233=EDGE_CURVE('',#2904,#2904,#337,.T.);
#2234=EDGE_CURVE('',#2905,#2905,#338,.T.);
#2235=EDGE_CURVE('',#2906,#2906,#339,.T.);
#2236=EDGE_CURVE('',#2907,#2907,#340,.T.);
#2237=EDGE_CURVE('',#2908,#2908,#341,.T.);
#2238=EDGE_CURVE('',#2909,#2909,#342,.T.);
#2239=EDGE_CURVE('',#2910,#2910,#343,.T.);
#2240=EDGE_CURVE('',#2911,#2911,#344,.T.);
#2241=EDGE_CURVE('',#2912,#2912,#345,.T.);
#2242=EDGE_CURVE('',#2913,#2913,#346,.T.);
#2243=EDGE_CURVE('',#2914,#2914,#347,.T.);
#2244=EDGE_CURVE('',#2915,#2915,#348,.T.);
#2245=EDGE_CURVE('',#2916,#2916,#349,.T.);
#2246=EDGE_CURVE('',#2917,#2917,#350,.T.);
#2247=EDGE_CURVE('',#2918,#2918,#351,.T.);
#2248=EDGE_CURVE('',#2919,#2919,#352,.T.);
#2249=EDGE_CURVE('',#2920,#2920,#353,.T.);
#2250=EDGE_CURVE('',#2921,#2921,#354,.T.);
#2251=EDGE_CURVE('',#2922,#2922,#355,.T.);
#2252=EDGE_CURVE('',#2923,#2923,#356,.T.);
#2253=EDGE_CURVE('',#2924,#2924,#357,.T.);
#2254=EDGE_CURVE('',#2925,#2925,#358,.T.);
#2255=EDGE_CURVE('',#2926,#2926,#359,.T.);
#2256=EDGE_CURVE('',#2927,#2927,#360,.T.);
#2257=EDGE_CURVE('',#2928,#2928,#361,.T.);
#2258=EDGE_CURVE('',#2929,#2929,#362,.T.);
#2259=EDGE_CURVE('',#2930,#2930,#363,.T.);
#2260=EDGE_CURVE('',#2897,#2931,#3468,.T.);
#2261=EDGE_CURVE('',#2932,#2931,#3469,.T.);
#2262=EDGE_CURVE('',#2898,#2932,#3470,.T.);
#2263=EDGE_CURVE('',#2895,#2933,#3471,.T.);
#2264=EDGE_CURVE('',#2932,#2933,#3472,.T.);
#2265=EDGE_CURVE('',#2934,#2931,#3473,.T.);
#2266=EDGE_CURVE('',#2934,#2935,#3474,.T.);
#2267=EDGE_CURVE('',#2933,#2935,#3475,.T.);
#2268=EDGE_CURVE('',#2896,#2934,#3476,.T.);
#2269=EDGE_CURVE('',#2936,#2937,#3477,.T.);
#2270=EDGE_CURVE('',#2937,#2938,#3478,.T.);
#2271=EDGE_CURVE('',#2939,#2938,#3479,.T.);
#2272=EDGE_CURVE('',#2936,#2939,#3480,.T.);
#2273=EDGE_CURVE('',#2939,#2940,#3481,.T.);
#2274=EDGE_CURVE('',#2941,#2940,#3482,.T.);
#2275=EDGE_CURVE('',#2936,#2941,#3483,.T.);
#2276=EDGE_CURVE('',#2940,#2942,#3484,.T.);
#2277=EDGE_CURVE('',#2943,#2942,#3485,.T.);
#2278=EDGE_CURVE('',#2941,#2943,#3486,.T.);
#2279=EDGE_CURVE('',#2937,#2943,#3487,.T.);
#2280=EDGE_CURVE('',#2938,#2942,#3488,.T.);
#2281=EDGE_CURVE('',#2935,#2894,#3489,.T.);
#2282=EDGE_CURVE('',#2944,#2944,#364,.T.);
#2283=EDGE_CURVE('',#2945,#2945,#365,.T.);
#2284=EDGE_CURVE('',#2946,#2946,#366,.T.);
#2285=EDGE_CURVE('',#2947,#2947,#367,.T.);
#2286=EDGE_CURVE('',#2948,#2948,#368,.T.);
#2287=EDGE_CURVE('',#2949,#2949,#369,.T.);
#2288=EDGE_CURVE('',#2950,#2950,#370,.T.);
#2289=EDGE_CURVE('',#2951,#2951,#371,.T.);
#2290=EDGE_CURVE('',#2952,#2952,#372,.T.);
#2291=EDGE_CURVE('',#2953,#2953,#373,.T.);
#2292=EDGE_CURVE('',#2954,#2954,#374,.T.);
#2293=EDGE_CURVE('',#2955,#2955,#375,.T.);
#2294=EDGE_CURVE('',#2956,#2956,#376,.T.);
#2295=EDGE_CURVE('',#2957,#2957,#377,.T.);
#2296=EDGE_CURVE('',#2958,#2958,#378,.T.);
#2297=EDGE_CURVE('',#2959,#2959,#379,.T.);
#2298=EDGE_CURVE('',#2960,#2960,#380,.T.);
#2299=EDGE_CURVE('',#2961,#2961,#381,.T.);
#2300=EDGE_CURVE('',#2962,#2962,#382,.T.);
#2301=EDGE_CURVE('',#2963,#2963,#383,.T.);
#2302=EDGE_CURVE('',#2964,#2964,#384,.T.);
#2303=EDGE_CURVE('',#2965,#2965,#385,.T.);
#2304=EDGE_CURVE('',#2966,#2966,#386,.T.);
#2305=EDGE_CURVE('',#2967,#2967,#387,.T.);
#2306=EDGE_CURVE('',#2968,#2968,#388,.T.);
#2307=EDGE_CURVE('',#2969,#2969,#389,.T.);
#2308=EDGE_CURVE('',#2970,#2970,#390,.T.);
#2309=EDGE_CURVE('',#2971,#2971,#391,.T.);
#2310=EDGE_CURVE('',#2972,#2972,#392,.T.);
#2311=EDGE_CURVE('',#2973,#2973,#393,.T.);
#2312=EDGE_CURVE('',#2974,#2974,#394,.T.);
#2313=EDGE_CURVE('',#2975,#2975,#395,.T.);
#2314=EDGE_CURVE('',#2976,#2977,#3490,.T.);
#2315=EDGE_CURVE('',#2978,#2977,#3491,.T.);
#2316=EDGE_CURVE('',#2979,#2978,#3492,.T.);
#2317=EDGE_CURVE('',#2979,#2976,#3493,.T.);
#2318=EDGE_CURVE('',#2976,#2980,#3494,.T.);
#2319=EDGE_CURVE('',#2979,#2981,#3495,.T.);
#2320=EDGE_CURVE('',#2981,#2980,#3496,.T.);
#2321=EDGE_CURVE('',#2980,#2982,#3497,.T.);
#2322=EDGE_CURVE('',#2981,#2983,#3498,.T.);
#2323=EDGE_CURVE('',#2983,#2982,#3499,.T.);
#2324=EDGE_CURVE('',#2984,#2985,#3500,.T.);
#2325=EDGE_CURVE('',#2986,#2985,#3501,.T.);
#2326=EDGE_CURVE('',#2987,#2986,#3502,.T.);
#2327=EDGE_CURVE('',#2987,#2984,#3503,.T.);
#2328=EDGE_CURVE('',#2984,#2988,#3504,.T.);
#2329=EDGE_CURVE('',#2987,#2989,#3505,.T.);
#2330=EDGE_CURVE('',#2989,#2988,#3506,.T.);
#2331=EDGE_CURVE('',#2988,#2990,#3507,.T.);
#2332=EDGE_CURVE('',#2989,#2991,#3508,.T.);
#2333=EDGE_CURVE('',#2991,#2990,#3509,.T.);
#2334=EDGE_CURVE('',#2992,#2993,#3510,.T.);
#2335=EDGE_CURVE('',#2994,#2993,#3511,.T.);
#2336=EDGE_CURVE('',#2995,#2994,#3512,.T.);
#2337=EDGE_CURVE('',#2995,#2992,#3513,.T.);
#2338=EDGE_CURVE('',#2992,#2996,#3514,.T.);
#2339=EDGE_CURVE('',#2995,#2997,#3515,.T.);
#2340=EDGE_CURVE('',#2997,#2996,#3516,.T.);
#2341=EDGE_CURVE('',#2996,#2998,#3517,.T.);
#2342=EDGE_CURVE('',#2997,#2999,#3518,.T.);
#2343=EDGE_CURVE('',#2999,#2998,#3519,.T.);
#2344=EDGE_CURVE('',#3000,#3001,#3520,.T.);
#2345=EDGE_CURVE('',#3001,#3002,#3521,.T.);
#2346=EDGE_CURVE('',#3003,#3002,#3522,.T.);
#2347=EDGE_CURVE('',#3000,#3003,#3523,.T.);
#2348=EDGE_CURVE('',#3004,#3005,#3524,.T.);
#2349=EDGE_CURVE('',#3005,#3001,#3525,.T.);
#2350=EDGE_CURVE('',#3000,#3004,#3526,.T.);
#2351=EDGE_CURVE('',#3006,#3007,#3527,.T.);
#2352=EDGE_CURVE('',#3007,#3005,#3528,.T.);
#2353=EDGE_CURVE('',#3004,#3006,#3529,.T.);
#2354=EDGE_CURVE('',#3008,#3009,#3530,.T.);
#2355=EDGE_CURVE('',#3010,#3009,#3531,.T.);
#2356=EDGE_CURVE('',#3011,#3010,#3532,.T.);
#2357=EDGE_CURVE('',#3011,#3008,#3533,.T.);
#2358=EDGE_CURVE('',#3008,#3012,#3534,.T.);
#2359=EDGE_CURVE('',#3011,#3013,#3535,.T.);
#2360=EDGE_CURVE('',#3013,#3012,#3536,.T.);
#2361=EDGE_CURVE('',#3012,#3014,#3537,.T.);
#2362=EDGE_CURVE('',#3013,#3015,#3538,.T.);
#2363=EDGE_CURVE('',#3015,#3014,#3539,.T.);
#2364=EDGE_CURVE('',#2985,#2990,#3540,.T.);
#2365=EDGE_CURVE('',#2986,#2991,#3541,.T.);
#2366=EDGE_CURVE('',#2993,#2998,#3542,.T.);
#2367=EDGE_CURVE('',#2994,#2999,#3543,.T.);
#2368=EDGE_CURVE('',#3002,#3007,#3544,.T.);
#2369=EDGE_CURVE('',#3003,#3006,#3545,.T.);
#2370=EDGE_CURVE('',#3009,#3014,#3546,.T.);
#2371=EDGE_CURVE('',#3010,#3015,#3547,.T.);
#2372=EDGE_CURVE('',#2977,#2982,#3548,.T.);
#2373=EDGE_CURVE('',#2978,#2983,#3549,.T.);
#2374=EDGE_CURVE('',#3016,#3016,#396,.T.);
#2375=EDGE_CURVE('',#3017,#3017,#397,.T.);
#2376=EDGE_CURVE('',#3018,#3018,#398,.T.);
#2377=EDGE_CURVE('',#3019,#3019,#399,.T.);
#2378=EDGE_CURVE('',#3020,#3020,#400,.T.);
#2379=EDGE_CURVE('',#3021,#3021,#401,.T.);
#2380=EDGE_CURVE('',#3022,#3022,#402,.T.);
#2381=EDGE_CURVE('',#3023,#3023,#403,.T.);
#2382=EDGE_CURVE('',#3024,#3024,#404,.T.);
#2383=EDGE_CURVE('',#3025,#3025,#405,.T.);
#2384=EDGE_CURVE('',#3026,#3026,#406,.T.);
#2385=EDGE_CURVE('',#3027,#3027,#407,.T.);
#2386=EDGE_CURVE('',#3028,#3028,#408,.T.);
#2387=EDGE_CURVE('',#3029,#3029,#409,.T.);
#2388=EDGE_CURVE('',#3030,#3030,#410,.T.);
#2389=EDGE_CURVE('',#3031,#3031,#411,.T.);
#2390=EDGE_CURVE('',#3032,#3032,#412,.T.);
#2391=EDGE_CURVE('',#3033,#3033,#413,.T.);
#2392=EDGE_CURVE('',#3034,#3034,#414,.T.);
#2393=EDGE_CURVE('',#3035,#3035,#415,.T.);
#2394=EDGE_CURVE('',#3036,#3036,#416,.T.);
#2395=EDGE_CURVE('',#3037,#3037,#417,.T.);
#2396=EDGE_CURVE('',#3038,#3038,#418,.T.);
#2397=EDGE_CURVE('',#3039,#3039,#419,.T.);
#2398=EDGE_CURVE('',#3040,#3040,#420,.T.);
#2399=EDGE_CURVE('',#3041,#3041,#421,.T.);
#2400=EDGE_CURVE('',#3042,#3042,#422,.T.);
#2401=EDGE_CURVE('',#3043,#3043,#423,.T.);
#2402=EDGE_CURVE('',#3044,#3044,#424,.T.);
#2403=EDGE_CURVE('',#3045,#3045,#425,.T.);
#2404=EDGE_CURVE('',#3046,#3046,#426,.T.);
#2405=EDGE_CURVE('',#3047,#3047,#427,.T.);
#2406=EDGE_CURVE('',#3048,#3048,#428,.T.);
#2407=EDGE_CURVE('',#3049,#3049,#429,.T.);
#2408=EDGE_CURVE('',#3050,#3050,#430,.T.);
#2409=EDGE_CURVE('',#3051,#3051,#431,.T.);
#2410=EDGE_CURVE('',#3052,#3052,#432,.T.);
#2411=EDGE_CURVE('',#3053,#3053,#433,.T.);
#2412=EDGE_CURVE('',#3054,#3054,#434,.T.);
#2413=EDGE_CURVE('',#3055,#3055,#435,.T.);
#2414=EDGE_CURVE('',#3056,#3056,#436,.T.);
#2415=EDGE_CURVE('',#3057,#3057,#437,.T.);
#2416=EDGE_CURVE('',#3058,#3058,#438,.T.);
#2417=EDGE_CURVE('',#3059,#3059,#439,.T.);
#2418=EDGE_CURVE('',#3060,#3060,#440,.T.);
#2419=EDGE_CURVE('',#3061,#3061,#441,.T.);
#2420=EDGE_CURVE('',#3062,#3062,#442,.T.);
#2421=EDGE_CURVE('',#3063,#3063,#443,.T.);
#2422=EDGE_CURVE('',#3064,#3064,#444,.T.);
#2423=EDGE_CURVE('',#3065,#3065,#445,.T.);
#2424=EDGE_CURVE('',#3066,#3066,#446,.T.);
#2425=EDGE_CURVE('',#3067,#3067,#447,.T.);
#2426=EDGE_CURVE('',#3068,#3068,#448,.T.);
#2427=EDGE_CURVE('',#3069,#3069,#449,.T.);
#2428=EDGE_CURVE('',#3070,#3070,#450,.T.);
#2429=EDGE_CURVE('',#3071,#3071,#451,.T.);
#2430=EDGE_CURVE('',#3072,#3072,#452,.T.);
#2431=EDGE_CURVE('',#3073,#3073,#453,.T.);
#2432=EDGE_CURVE('',#3074,#3074,#454,.T.);
#2433=EDGE_CURVE('',#3075,#3075,#455,.T.);
#2434=EDGE_CURVE('',#3076,#3076,#456,.T.);
#2435=EDGE_CURVE('',#3077,#3077,#457,.T.);
#2436=EDGE_CURVE('',#3078,#3078,#458,.T.);
#2437=EDGE_CURVE('',#3079,#3079,#459,.T.);
#2438=EDGE_CURVE('',#3080,#3080,#460,.T.);
#2439=EDGE_CURVE('',#3081,#3081,#461,.T.);
#2440=EDGE_CURVE('',#3082,#3082,#462,.T.);
#2441=EDGE_CURVE('',#3083,#3083,#463,.T.);
#2442=EDGE_CURVE('',#3084,#3084,#464,.T.);
#2443=EDGE_CURVE('',#3085,#3085,#465,.T.);
#2444=EDGE_CURVE('',#3086,#3086,#466,.T.);
#2445=EDGE_CURVE('',#3087,#3087,#467,.T.);
#2446=EDGE_CURVE('',#3088,#3088,#468,.T.);
#2447=EDGE_CURVE('',#3089,#3089,#469,.T.);
#2448=EDGE_CURVE('',#3090,#3090,#470,.T.);
#2449=EDGE_CURVE('',#3091,#3091,#471,.T.);
#2450=EDGE_CURVE('',#3092,#3092,#472,.T.);
#2451=EDGE_CURVE('',#3093,#3093,#473,.T.);
#2452=EDGE_CURVE('',#3094,#3094,#474,.T.);
#2453=EDGE_CURVE('',#3095,#3095,#475,.T.);
#2454=EDGE_CURVE('',#3096,#3096,#476,.T.);
#2455=EDGE_CURVE('',#3097,#3097,#477,.T.);
#2456=EDGE_CURVE('',#3098,#3098,#478,.T.);
#2457=EDGE_CURVE('',#3099,#3099,#479,.T.);
#2458=EDGE_CURVE('',#3100,#3100,#480,.T.);
#2459=EDGE_CURVE('',#3101,#3101,#481,.T.);
#2460=EDGE_CURVE('',#3102,#3102,#482,.T.);
#2461=EDGE_CURVE('',#3103,#3103,#483,.T.);
#2462=EDGE_CURVE('',#3104,#3104,#484,.T.);
#2463=EDGE_CURVE('',#3105,#3105,#485,.T.);
#2464=EDGE_CURVE('',#3106,#3106,#486,.T.);
#2465=EDGE_CURVE('',#3107,#3107,#487,.T.);
#2466=EDGE_CURVE('',#3108,#3108,#488,.T.);
#2467=EDGE_CURVE('',#3109,#3109,#489,.T.);
#2468=EDGE_CURVE('',#3110,#3110,#490,.T.);
#2469=EDGE_CURVE('',#3111,#3111,#491,.T.);
#2470=EDGE_CURVE('',#3112,#3112,#492,.T.);
#2471=EDGE_CURVE('',#3113,#3113,#493,.T.);
#2472=EDGE_CURVE('',#3114,#3114,#494,.T.);
#2473=EDGE_CURVE('',#3115,#3115,#495,.T.);
#2474=EDGE_CURVE('',#3116,#3116,#496,.T.);
#2475=EDGE_CURVE('',#3117,#3117,#497,.T.);
#2476=EDGE_CURVE('',#3118,#3118,#498,.T.);
#2477=EDGE_CURVE('',#3119,#3119,#499,.T.);
#2478=EDGE_CURVE('',#3120,#3120,#500,.T.);
#2479=EDGE_CURVE('',#3121,#3121,#501,.T.);
#2480=EDGE_CURVE('',#3122,#3122,#502,.T.);
#2481=EDGE_CURVE('',#3123,#3123,#503,.T.);
#2482=EDGE_CURVE('',#3124,#3124,#504,.T.);
#2483=EDGE_CURVE('',#3125,#3125,#505,.T.);
#2484=EDGE_CURVE('',#3126,#3126,#506,.T.);
#2485=EDGE_CURVE('',#3127,#3127,#507,.T.);
#2486=EDGE_CURVE('',#3128,#3128,#508,.T.);
#2487=EDGE_CURVE('',#3129,#3129,#509,.T.);
#2488=EDGE_CURVE('',#3130,#3130,#510,.T.);
#2489=EDGE_CURVE('',#3131,#3131,#511,.T.);
#2490=EDGE_CURVE('',#3132,#3132,#512,.T.);
#2491=EDGE_CURVE('',#3133,#3133,#513,.T.);
#2492=EDGE_CURVE('',#3134,#3134,#514,.T.);
#2493=EDGE_CURVE('',#3135,#3135,#515,.T.);
#2494=EDGE_CURVE('',#3136,#3136,#516,.T.);
#2495=EDGE_CURVE('',#3137,#3137,#517,.T.);
#2496=EDGE_CURVE('',#3138,#3138,#518,.T.);
#2497=EDGE_CURVE('',#3139,#3139,#519,.T.);
#2498=EDGE_CURVE('',#3140,#3140,#520,.T.);
#2499=EDGE_CURVE('',#3141,#3141,#521,.T.);
#2500=EDGE_CURVE('',#3142,#3143,#3550,.T.);
#2501=EDGE_CURVE('',#3143,#3144,#3551,.T.);
#2502=EDGE_CURVE('',#3144,#3145,#3552,.T.);
#2503=EDGE_CURVE('',#3145,#3142,#3553,.T.);
#2504=EDGE_CURVE('',#3142,#3005,#3554,.T.);
#2505=EDGE_CURVE('',#3001,#3145,#3555,.T.);
#2506=EDGE_CURVE('',#3002,#3144,#3556,.F.);
#2507=EDGE_CURVE('',#3143,#3007,#3557,.T.);
#2508=EDGE_CURVE('',#3146,#3146,#522,.T.);
#2509=EDGE_CURVE('',#3147,#3147,#523,.T.);
#2510=EDGE_CURVE('',#3148,#3148,#524,.T.);
#2511=EDGE_CURVE('',#3149,#3149,#525,.T.);
#2512=EDGE_CURVE('',#3150,#3150,#526,.T.);
#2513=EDGE_CURVE('',#3151,#3151,#527,.T.);
#2514=EDGE_CURVE('',#3152,#3152,#528,.T.);
#2515=EDGE_CURVE('',#3153,#3153,#529,.T.);
#2516=EDGE_CURVE('',#3154,#3154,#530,.T.);
#2517=EDGE_CURVE('',#3155,#3155,#531,.T.);
#2518=EDGE_CURVE('',#3156,#3156,#532,.T.);
#2519=EDGE_CURVE('',#3157,#3157,#533,.T.);
#2520=EDGE_CURVE('',#3158,#3158,#534,.T.);
#2521=EDGE_CURVE('',#3159,#3159,#535,.T.);
#2522=EDGE_CURVE('',#3160,#3160,#536,.T.);
#2523=EDGE_CURVE('',#3161,#3161,#537,.T.);
#2524=EDGE_CURVE('',#3162,#3162,#538,.T.);
#2525=EDGE_CURVE('',#3163,#3163,#539,.T.);
#2526=EDGE_CURVE('',#3164,#3164,#540,.T.);
#2527=EDGE_CURVE('',#3165,#3165,#541,.T.);
#2528=EDGE_CURVE('',#3166,#3166,#542,.T.);
#2529=EDGE_CURVE('',#3167,#3167,#543,.T.);
#2530=EDGE_CURVE('',#3168,#3168,#544,.T.);
#2531=EDGE_CURVE('',#3169,#3169,#545,.T.);
#2532=EDGE_CURVE('',#3170,#3170,#546,.T.);
#2533=EDGE_CURVE('',#3171,#3171,#547,.T.);
#2534=EDGE_CURVE('',#3172,#3172,#548,.T.);
#2535=EDGE_CURVE('',#3173,#3173,#549,.T.);
#2536=EDGE_CURVE('',#3174,#3174,#550,.T.);
#2537=EDGE_CURVE('',#3175,#3175,#551,.T.);
#2538=EDGE_CURVE('',#3176,#3176,#552,.T.);
#2539=EDGE_CURVE('',#3177,#3177,#553,.T.);
#2540=EDGE_CURVE('',#3178,#3178,#554,.T.);
#2541=EDGE_CURVE('',#3179,#3179,#555,.T.);
#2542=EDGE_CURVE('',#3180,#3180,#556,.T.);
#2543=EDGE_CURVE('',#3181,#3181,#557,.T.);
#2544=EDGE_CURVE('',#3182,#3182,#558,.T.);
#2545=EDGE_CURVE('',#3183,#3183,#559,.T.);
#2546=EDGE_CURVE('',#3184,#3184,#560,.T.);
#2547=EDGE_CURVE('',#3185,#3185,#561,.T.);
#2548=EDGE_CURVE('',#3186,#3186,#562,.T.);
#2549=EDGE_CURVE('',#3187,#3187,#563,.T.);
#2550=EDGE_CURVE('',#3188,#3188,#564,.T.);
#2551=EDGE_CURVE('',#3189,#3189,#565,.T.);
#2552=EDGE_CURVE('',#3190,#3190,#566,.T.);
#2553=EDGE_CURVE('',#3191,#3191,#567,.T.);
#2554=EDGE_CURVE('',#3192,#3192,#568,.T.);
#2555=EDGE_CURVE('',#3193,#3193,#569,.T.);
#2556=EDGE_CURVE('',#3194,#3194,#570,.T.);
#2557=EDGE_CURVE('',#3195,#3195,#571,.T.);
#2558=EDGE_CURVE('',#3196,#3196,#572,.T.);
#2559=EDGE_CURVE('',#3197,#3197,#573,.T.);
#2560=EDGE_CURVE('',#3198,#3198,#574,.T.);
#2561=EDGE_CURVE('',#3199,#3199,#575,.T.);
#2562=EDGE_CURVE('',#3200,#3200,#576,.T.);
#2563=EDGE_CURVE('',#3201,#3201,#577,.T.);
#2564=EDGE_CURVE('',#3202,#3202,#578,.T.);
#2565=EDGE_CURVE('',#3203,#3203,#579,.T.);
#2566=EDGE_CURVE('',#3204,#3204,#580,.T.);
#2567=EDGE_CURVE('',#3205,#3205,#581,.T.);
#2568=EDGE_CURVE('',#3206,#3206,#582,.T.);
#2569=EDGE_CURVE('',#3207,#3207,#583,.T.);
#2570=EDGE_CURVE('',#3208,#3208,#584,.T.);
#2571=EDGE_CURVE('',#3209,#3209,#585,.T.);
#2572=EDGE_CURVE('',#3210,#3210,#586,.T.);
#2573=EDGE_CURVE('',#3211,#3211,#587,.T.);
#2574=EDGE_CURVE('',#3212,#3212,#588,.T.);
#2575=EDGE_CURVE('',#3213,#3213,#589,.T.);
#2576=EDGE_CURVE('',#3214,#3214,#590,.T.);
#2577=EDGE_CURVE('',#3215,#3215,#591,.T.);
#2578=EDGE_CURVE('',#3216,#3216,#592,.T.);
#2579=EDGE_CURVE('',#3217,#3217,#593,.T.);
#2580=EDGE_CURVE('',#3218,#3218,#594,.T.);
#2581=EDGE_CURVE('',#3219,#3219,#595,.T.);
#2582=EDGE_CURVE('',#3220,#3220,#596,.T.);
#2583=EDGE_CURVE('',#3221,#3221,#597,.T.);
#2584=EDGE_CURVE('',#3222,#3222,#598,.T.);
#2585=EDGE_CURVE('',#3223,#3223,#599,.T.);
#2586=EDGE_CURVE('',#3224,#3224,#600,.T.);
#2587=EDGE_CURVE('',#3225,#3225,#601,.T.);
#2588=EDGE_CURVE('',#3226,#3226,#602,.T.);
#2589=EDGE_CURVE('',#3227,#3227,#603,.T.);
#2590=EDGE_CURVE('',#3228,#3228,#604,.T.);
#2591=EDGE_CURVE('',#3229,#3229,#605,.T.);
#2592=EDGE_CURVE('',#3230,#3230,#606,.T.);
#2593=EDGE_CURVE('',#3231,#3231,#607,.T.);
#2594=EDGE_CURVE('',#3232,#3232,#608,.T.);
#2595=EDGE_CURVE('',#3233,#3233,#609,.T.);
#2596=EDGE_CURVE('',#3234,#3234,#610,.T.);
#2597=EDGE_CURVE('',#3235,#3235,#611,.T.);
#2598=EDGE_CURVE('',#3236,#3236,#612,.T.);
#2599=EDGE_CURVE('',#3237,#3237,#613,.T.);
#2600=EDGE_CURVE('',#3238,#3238,#614,.T.);
#2601=EDGE_CURVE('',#3239,#3239,#615,.T.);
#2602=EDGE_CURVE('',#3240,#3240,#616,.T.);
#2603=EDGE_CURVE('',#3241,#3241,#617,.T.);
#2604=EDGE_CURVE('',#3242,#3242,#618,.T.);
#2605=EDGE_CURVE('',#3243,#3243,#619,.T.);
#2606=EDGE_CURVE('',#3244,#3244,#620,.T.);
#2607=EDGE_CURVE('',#3245,#3245,#621,.T.);
#2608=EDGE_CURVE('',#3246,#3246,#622,.T.);
#2609=EDGE_CURVE('',#3247,#3247,#623,.T.);
#2610=EDGE_CURVE('',#3248,#3248,#624,.T.);
#2611=EDGE_CURVE('',#3249,#3249,#625,.T.);
#2612=EDGE_CURVE('',#3250,#3250,#626,.T.);
#2613=EDGE_CURVE('',#3251,#3251,#627,.T.);
#2614=EDGE_CURVE('',#3252,#3252,#628,.T.);
#2615=EDGE_CURVE('',#3253,#3253,#629,.T.);
#2616=EDGE_CURVE('',#3254,#3254,#630,.T.);
#2617=EDGE_CURVE('',#3255,#3255,#631,.T.);
#2618=EDGE_CURVE('',#3256,#3256,#632,.T.);
#2619=EDGE_CURVE('',#3257,#3257,#633,.T.);
#2620=EDGE_CURVE('',#3258,#3258,#634,.T.);
#2621=EDGE_CURVE('',#3259,#3259,#635,.T.);
#2622=EDGE_CURVE('',#3260,#3260,#636,.T.);
#2623=EDGE_CURVE('',#3261,#3261,#637,.T.);
#2624=EDGE_CURVE('',#3262,#3262,#638,.T.);
#2625=EDGE_CURVE('',#3263,#3263,#639,.T.);
#2626=EDGE_CURVE('',#3264,#3264,#640,.T.);
#2627=EDGE_CURVE('',#3265,#3265,#641,.T.);
#2628=EDGE_CURVE('',#3266,#3266,#642,.T.);
#2629=EDGE_CURVE('',#3267,#3267,#643,.T.);
#2630=EDGE_CURVE('',#3268,#3268,#644,.T.);
#2631=EDGE_CURVE('',#3269,#3269,#645,.T.);
#2632=EDGE_CURVE('',#3270,#3270,#646,.T.);
#2633=EDGE_CURVE('',#3271,#3271,#647,.T.);
#2634=EDGE_CURVE('',#3272,#3273,#3558,.T.);
#2635=EDGE_CURVE('',#3272,#3274,#3559,.T.);
#2636=EDGE_CURVE('',#3274,#3275,#3560,.T.);
#2637=EDGE_CURVE('',#3275,#3276,#3561,.T.);
#2638=EDGE_CURVE('',#3276,#3273,#3562,.T.);
#2639=EDGE_CURVE('',#3277,#3277,#648,.T.);
#2640=EDGE_CURVE('',#3278,#3278,#649,.T.);
#2641=EDGE_CURVE('',#3279,#3279,#650,.T.);
#2642=EDGE_CURVE('',#3280,#3280,#651,.T.);
#2643=EDGE_CURVE('',#3281,#3281,#652,.T.);
#2644=EDGE_CURVE('',#3282,#3282,#653,.T.);
#2645=EDGE_CURVE('',#3283,#3283,#654,.T.);
#2646=EDGE_CURVE('',#3284,#3284,#655,.T.);
#2647=EDGE_CURVE('',#3285,#3285,#656,.T.);
#2648=EDGE_CURVE('',#3286,#3286,#657,.T.);
#2649=EDGE_CURVE('',#3287,#3287,#658,.T.);
#2650=EDGE_CURVE('',#3288,#3288,#659,.T.);
#2651=EDGE_CURVE('',#3289,#3289,#660,.T.);
#2652=EDGE_CURVE('',#3290,#3290,#661,.T.);
#2653=EDGE_CURVE('',#3291,#3291,#662,.T.);
#2654=EDGE_CURVE('',#3292,#3292,#663,.T.);
#2655=EDGE_CURVE('',#3293,#3293,#664,.T.);
#2656=EDGE_CURVE('',#3294,#3294,#665,.T.);
#2657=EDGE_CURVE('',#3295,#3295,#666,.T.);
#2658=EDGE_CURVE('',#3296,#3296,#667,.T.);
#2659=EDGE_CURVE('',#3297,#3297,#668,.T.);
#2660=EDGE_CURVE('',#3298,#3298,#669,.T.);
#2661=EDGE_CURVE('',#3299,#3299,#670,.T.);
#2662=EDGE_CURVE('',#3300,#3300,#671,.T.);
#2663=EDGE_CURVE('',#3301,#3301,#672,.T.);
#2664=EDGE_CURVE('',#3302,#3302,#673,.T.);
#2665=EDGE_CURVE('',#3303,#3303,#674,.T.);
#2666=EDGE_CURVE('',#3304,#3304,#675,.T.);
#2667=EDGE_CURVE('',#3305,#3305,#676,.T.);
#2668=EDGE_CURVE('',#3306,#3306,#677,.T.);
#2669=EDGE_CURVE('',#3307,#3307,#678,.T.);
#2670=EDGE_CURVE('',#3308,#3308,#679,.T.);
#2671=EDGE_CURVE('',#3275,#3309,#3563,.T.);
#2672=EDGE_CURVE('',#3310,#3309,#3564,.T.);
#2673=EDGE_CURVE('',#3276,#3310,#3565,.T.);
#2674=EDGE_CURVE('',#3273,#3311,#3566,.T.);
#2675=EDGE_CURVE('',#3310,#3311,#3567,.T.);
#2676=EDGE_CURVE('',#3312,#3309,#3568,.T.);
#2677=EDGE_CURVE('',#3312,#3313,#3569,.T.);
#2678=EDGE_CURVE('',#3311,#3313,#3570,.T.);
#2679=EDGE_CURVE('',#3274,#3312,#3571,.T.);
#2680=EDGE_CURVE('',#3314,#3315,#3572,.T.);
#2681=EDGE_CURVE('',#3315,#3316,#3573,.T.);
#2682=EDGE_CURVE('',#3317,#3316,#3574,.T.);
#2683=EDGE_CURVE('',#3314,#3317,#3575,.T.);
#2684=EDGE_CURVE('',#3317,#3318,#3576,.T.);
#2685=EDGE_CURVE('',#3319,#3318,#3577,.T.);
#2686=EDGE_CURVE('',#3314,#3319,#3578,.T.);
#2687=EDGE_CURVE('',#3318,#3320,#3579,.T.);
#2688=EDGE_CURVE('',#3321,#3320,#3580,.T.);
#2689=EDGE_CURVE('',#3319,#3321,#3581,.T.);
#2690=EDGE_CURVE('',#3315,#3321,#3582,.T.);
#2691=EDGE_CURVE('',#3316,#3320,#3583,.T.);
#2692=EDGE_CURVE('',#3313,#3272,#3584,.T.);
#2693=EDGE_CURVE('',#3322,#3322,#680,.T.);
#2694=EDGE_CURVE('',#3323,#3323,#681,.T.);
#2695=EDGE_CURVE('',#3324,#3324,#682,.T.);
#2696=EDGE_CURVE('',#3325,#3325,#683,.T.);
#2697=EDGE_CURVE('',#3326,#3326,#684,.T.);
#2698=EDGE_CURVE('',#3327,#3327,#685,.T.);
#2699=EDGE_CURVE('',#3328,#3328,#686,.T.);
#2700=EDGE_CURVE('',#3329,#3329,#687,.T.);
#2701=EDGE_CURVE('',#3330,#3330,#688,.T.);
#2702=EDGE_CURVE('',#3331,#3331,#689,.T.);
#2703=EDGE_CURVE('',#3332,#3332,#690,.T.);
#2704=EDGE_CURVE('',#3333,#3333,#691,.T.);
#2705=EDGE_CURVE('',#3334,#3334,#692,.T.);
#2706=EDGE_CURVE('',#3335,#3335,#693,.T.);
#2707=EDGE_CURVE('',#3336,#3336,#694,.T.);
#2708=EDGE_CURVE('',#3337,#3337,#695,.T.);
#2709=EDGE_CURVE('',#3338,#3338,#696,.T.);
#2710=EDGE_CURVE('',#3339,#3339,#697,.T.);
#2711=EDGE_CURVE('',#3340,#3340,#698,.T.);
#2712=EDGE_CURVE('',#3341,#3341,#699,.T.);
#2713=EDGE_CURVE('',#3342,#3342,#700,.T.);
#2714=EDGE_CURVE('',#3343,#3343,#701,.T.);
#2715=EDGE_CURVE('',#3344,#3344,#702,.T.);
#2716=EDGE_CURVE('',#3345,#3345,#703,.T.);
#2717=EDGE_CURVE('',#3346,#3346,#704,.T.);
#2718=EDGE_CURVE('',#3347,#3347,#705,.T.);
#2719=EDGE_CURVE('',#3348,#3348,#706,.T.);
#2720=EDGE_CURVE('',#3349,#3349,#707,.T.);
#2721=EDGE_CURVE('',#3350,#3350,#708,.T.);
#2722=EDGE_CURVE('',#3351,#3351,#709,.T.);
#2723=EDGE_CURVE('',#3352,#3352,#710,.T.);
#2724=EDGE_CURVE('',#3353,#3353,#711,.T.);
#2725=EDGE_CURVE('',#3354,#3355,#3585,.T.);
#2726=EDGE_CURVE('',#3354,#3356,#3586,.T.);
#2727=EDGE_CURVE('',#3356,#3357,#3587,.T.);
#2728=EDGE_CURVE('',#3357,#3358,#3588,.T.);
#2729=EDGE_CURVE('',#3358,#3355,#3589,.T.);
#2730=EDGE_CURVE('',#3359,#3359,#712,.T.);
#2731=EDGE_CURVE('',#3360,#3360,#713,.T.);
#2732=EDGE_CURVE('',#3361,#3361,#714,.T.);
#2733=EDGE_CURVE('',#3362,#3362,#715,.T.);
#2734=EDGE_CURVE('',#3363,#3363,#716,.T.);
#2735=EDGE_CURVE('',#3364,#3364,#717,.T.);
#2736=EDGE_CURVE('',#3365,#3365,#718,.T.);
#2737=EDGE_CURVE('',#3366,#3366,#719,.T.);
#2738=EDGE_CURVE('',#3367,#3367,#720,.T.);
#2739=EDGE_CURVE('',#3368,#3368,#721,.T.);
#2740=EDGE_CURVE('',#3369,#3369,#722,.T.);
#2741=EDGE_CURVE('',#3370,#3370,#723,.T.);
#2742=EDGE_CURVE('',#3371,#3371,#724,.T.);
#2743=EDGE_CURVE('',#3372,#3372,#725,.T.);
#2744=EDGE_CURVE('',#3373,#3373,#726,.T.);
#2745=EDGE_CURVE('',#3374,#3374,#727,.T.);
#2746=EDGE_CURVE('',#3375,#3375,#728,.T.);
#2747=EDGE_CURVE('',#3376,#3376,#729,.T.);
#2748=EDGE_CURVE('',#3377,#3377,#730,.T.);
#2749=EDGE_CURVE('',#3378,#3378,#731,.T.);
#2750=EDGE_CURVE('',#3379,#3379,#732,.T.);
#2751=EDGE_CURVE('',#3380,#3380,#733,.T.);
#2752=EDGE_CURVE('',#3381,#3381,#734,.T.);
#2753=EDGE_CURVE('',#3382,#3382,#735,.T.);
#2754=EDGE_CURVE('',#3383,#3383,#736,.T.);
#2755=EDGE_CURVE('',#3384,#3384,#737,.T.);
#2756=EDGE_CURVE('',#3385,#3385,#738,.T.);
#2757=EDGE_CURVE('',#3386,#3386,#739,.T.);
#2758=EDGE_CURVE('',#3387,#3387,#740,.T.);
#2759=EDGE_CURVE('',#3388,#3388,#741,.T.);
#2760=EDGE_CURVE('',#3389,#3389,#742,.T.);
#2761=EDGE_CURVE('',#3390,#3390,#743,.T.);
#2762=EDGE_CURVE('',#3357,#3391,#3590,.T.);
#2763=EDGE_CURVE('',#3392,#3391,#3591,.T.);
#2764=EDGE_CURVE('',#3358,#3392,#3592,.T.);
#2765=EDGE_CURVE('',#3355,#3393,#3593,.T.);
#2766=EDGE_CURVE('',#3392,#3393,#3594,.T.);
#2767=EDGE_CURVE('',#3394,#3391,#3595,.T.);
#2768=EDGE_CURVE('',#3394,#3395,#3596,.T.);
#2769=EDGE_CURVE('',#3393,#3395,#3597,.T.);
#2770=EDGE_CURVE('',#3356,#3394,#3598,.T.);
#2771=EDGE_CURVE('',#3396,#3397,#3599,.T.);
#2772=EDGE_CURVE('',#3397,#3398,#3600,.T.);
#2773=EDGE_CURVE('',#3399,#3398,#3601,.T.);
#2774=EDGE_CURVE('',#3396,#3399,#3602,.T.);
#2775=EDGE_CURVE('',#3399,#3400,#3603,.T.);
#2776=EDGE_CURVE('',#3401,#3400,#3604,.T.);
#2777=EDGE_CURVE('',#3396,#3401,#3605,.T.);
#2778=EDGE_CURVE('',#3400,#3402,#3606,.T.);
#2779=EDGE_CURVE('',#3403,#3402,#3607,.T.);
#2780=EDGE_CURVE('',#3401,#3403,#3608,.T.);
#2781=EDGE_CURVE('',#3397,#3403,#3609,.T.);
#2782=EDGE_CURVE('',#3398,#3402,#3610,.T.);
#2783=EDGE_CURVE('',#3395,#3354,#3611,.T.);
#2784=EDGE_CURVE('',#3404,#3404,#744,.T.);
#2785=EDGE_CURVE('',#3405,#3405,#745,.T.);
#2786=EDGE_CURVE('',#3406,#3406,#746,.T.);
#2787=EDGE_CURVE('',#3407,#3407,#747,.T.);
#2788=EDGE_CURVE('',#3408,#3408,#748,.T.);
#2789=EDGE_CURVE('',#3409,#3409,#749,.T.);
#2790=EDGE_CURVE('',#3410,#3410,#750,.T.);
#2791=EDGE_CURVE('',#3411,#3411,#751,.T.);
#2792=EDGE_CURVE('',#3412,#3412,#752,.T.);
#2793=EDGE_CURVE('',#3413,#3413,#753,.T.);
#2794=EDGE_CURVE('',#3414,#3414,#754,.T.);
#2795=EDGE_CURVE('',#3415,#3415,#755,.T.);
#2796=EDGE_CURVE('',#3416,#3416,#756,.T.);
#2797=EDGE_CURVE('',#3417,#3417,#757,.T.);
#2798=EDGE_CURVE('',#3418,#3418,#758,.T.);
#2799=EDGE_CURVE('',#3419,#3419,#759,.T.);
#2800=EDGE_CURVE('',#3420,#3420,#760,.T.);
#2801=EDGE_CURVE('',#3421,#3421,#761,.T.);
#2802=EDGE_CURVE('',#3422,#3422,#762,.T.);
#2803=EDGE_CURVE('',#3423,#3423,#763,.T.);
#2804=EDGE_CURVE('',#3424,#3424,#764,.T.);
#2805=EDGE_CURVE('',#3425,#3425,#765,.T.);
#2806=EDGE_CURVE('',#3426,#3426,#766,.T.);
#2807=EDGE_CURVE('',#3427,#3427,#767,.T.);
#2808=EDGE_CURVE('',#3428,#3428,#768,.T.);
#2809=EDGE_CURVE('',#3429,#3429,#769,.T.);
#2810=EDGE_CURVE('',#3430,#3430,#770,.T.);
#2811=EDGE_CURVE('',#3431,#3431,#771,.T.);
#2812=EDGE_CURVE('',#3432,#3432,#772,.T.);
#2813=EDGE_CURVE('',#3433,#3433,#773,.T.);
#2814=EDGE_CURVE('',#3434,#3434,#774,.T.);
#2815=EDGE_CURVE('',#3435,#3435,#775,.T.);
#2816=VERTEX_POINT('',#10377);
#2817=VERTEX_POINT('',#10378);
#2818=VERTEX_POINT('',#10380);
#2819=VERTEX_POINT('',#10382);
#2820=VERTEX_POINT('',#10384);
#2821=VERTEX_POINT('',#10388);
#2822=VERTEX_POINT('',#10390);
#2823=VERTEX_POINT('',#10392);
#2824=VERTEX_POINT('',#10394);
#2825=VERTEX_POINT('',#10396);
#2826=VERTEX_POINT('',#10398);
#2827=VERTEX_POINT('',#10400);
#2828=VERTEX_POINT('',#10402);
#2829=VERTEX_POINT('',#10404);
#2830=VERTEX_POINT('',#10406);
#2831=VERTEX_POINT('',#10408);
#2832=VERTEX_POINT('',#10410);
#2833=VERTEX_POINT('',#10412);
#2834=VERTEX_POINT('',#10414);
#2835=VERTEX_POINT('',#10416);
#2836=VERTEX_POINT('',#10418);
#2837=VERTEX_POINT('',#10420);
#2838=VERTEX_POINT('',#10422);
#2839=VERTEX_POINT('',#10424);
#2840=VERTEX_POINT('',#10426);
#2841=VERTEX_POINT('',#10428);
#2842=VERTEX_POINT('',#10430);
#2843=VERTEX_POINT('',#10432);
#2844=VERTEX_POINT('',#10434);
#2845=VERTEX_POINT('',#10436);
#2846=VERTEX_POINT('',#10438);
#2847=VERTEX_POINT('',#10440);
#2848=VERTEX_POINT('',#10442);
#2849=VERTEX_POINT('',#10444);
#2850=VERTEX_POINT('',#10446);
#2851=VERTEX_POINT('',#10448);
#2852=VERTEX_POINT('',#10450);
#2853=VERTEX_POINT('',#10454);
#2854=VERTEX_POINT('',#10458);
#2855=VERTEX_POINT('',#10460);
#2856=VERTEX_POINT('',#10466);
#2857=VERTEX_POINT('',#10467);
#2858=VERTEX_POINT('',#10469);
#2859=VERTEX_POINT('',#10471);
#2860=VERTEX_POINT('',#10475);
#2861=VERTEX_POINT('',#10477);
#2862=VERTEX_POINT('',#10481);
#2863=VERTEX_POINT('',#10483);
#2864=VERTEX_POINT('',#10494);
#2865=VERTEX_POINT('',#10498);
#2866=VERTEX_POINT('',#10502);
#2867=VERTEX_POINT('',#10506);
#2868=VERTEX_POINT('',#10510);
#2869=VERTEX_POINT('',#10514);
#2870=VERTEX_POINT('',#10518);
#2871=VERTEX_POINT('',#10522);
#2872=VERTEX_POINT('',#10526);
#2873=VERTEX_POINT('',#10530);
#2874=VERTEX_POINT('',#10534);
#2875=VERTEX_POINT('',#10538);
#2876=VERTEX_POINT('',#10542);
#2877=VERTEX_POINT('',#10546);
#2878=VERTEX_POINT('',#10550);
#2879=VERTEX_POINT('',#10554);
#2880=VERTEX_POINT('',#10558);
#2881=VERTEX_POINT('',#10562);
#2882=VERTEX_POINT('',#10566);
#2883=VERTEX_POINT('',#10570);
#2884=VERTEX_POINT('',#10574);
#2885=VERTEX_POINT('',#10578);
#2886=VERTEX_POINT('',#10582);
#2887=VERTEX_POINT('',#10586);
#2888=VERTEX_POINT('',#10590);
#2889=VERTEX_POINT('',#10594);
#2890=VERTEX_POINT('',#10598);
#2891=VERTEX_POINT('',#10602);
#2892=VERTEX_POINT('',#10606);
#2893=VERTEX_POINT('',#10610);
#2894=VERTEX_POINT('',#10615);
#2895=VERTEX_POINT('',#10616);
#2896=VERTEX_POINT('',#10618);
#2897=VERTEX_POINT('',#10620);
#2898=VERTEX_POINT('',#10622);
#2899=VERTEX_POINT('',#10626);
#2900=VERTEX_POINT('',#10628);
#2901=VERTEX_POINT('',#10630);
#2902=VERTEX_POINT('',#10632);
#2903=VERTEX_POINT('',#10634);
#2904=VERTEX_POINT('',#10636);
#2905=VERTEX_POINT('',#10638);
#2906=VERTEX_POINT('',#10640);
#2907=VERTEX_POINT('',#10642);
#2908=VERTEX_POINT('',#10644);
#2909=VERTEX_POINT('',#10646);
#2910=VERTEX_POINT('',#10648);
#2911=VERTEX_POINT('',#10650);
#2912=VERTEX_POINT('',#10652);
#2913=VERTEX_POINT('',#10654);
#2914=VERTEX_POINT('',#10656);
#2915=VERTEX_POINT('',#10658);
#2916=VERTEX_POINT('',#10660);
#2917=VERTEX_POINT('',#10662);
#2918=VERTEX_POINT('',#10664);
#2919=VERTEX_POINT('',#10666);
#2920=VERTEX_POINT('',#10668);
#2921=VERTEX_POINT('',#10670);
#2922=VERTEX_POINT('',#10672);
#2923=VERTEX_POINT('',#10674);
#2924=VERTEX_POINT('',#10676);
#2925=VERTEX_POINT('',#10678);
#2926=VERTEX_POINT('',#10680);
#2927=VERTEX_POINT('',#10682);
#2928=VERTEX_POINT('',#10684);
#2929=VERTEX_POINT('',#10686);
#2930=VERTEX_POINT('',#10688);
#2931=VERTEX_POINT('',#10690);
#2932=VERTEX_POINT('',#10692);
#2933=VERTEX_POINT('',#10696);
#2934=VERTEX_POINT('',#10700);
#2935=VERTEX_POINT('',#10702);
#2936=VERTEX_POINT('',#10708);
#2937=VERTEX_POINT('',#10709);
#2938=VERTEX_POINT('',#10711);
#2939=VERTEX_POINT('',#10713);
#2940=VERTEX_POINT('',#10717);
#2941=VERTEX_POINT('',#10719);
#2942=VERTEX_POINT('',#10723);
#2943=VERTEX_POINT('',#10725);
#2944=VERTEX_POINT('',#10736);
#2945=VERTEX_POINT('',#10740);
#2946=VERTEX_POINT('',#10744);
#2947=VERTEX_POINT('',#10748);
#2948=VERTEX_POINT('',#10752);
#2949=VERTEX_POINT('',#10756);
#2950=VERTEX_POINT('',#10760);
#2951=VERTEX_POINT('',#10764);
#2952=VERTEX_POINT('',#10768);
#2953=VERTEX_POINT('',#10772);
#2954=VERTEX_POINT('',#10776);
#2955=VERTEX_POINT('',#10780);
#2956=VERTEX_POINT('',#10784);
#2957=VERTEX_POINT('',#10788);
#2958=VERTEX_POINT('',#10792);
#2959=VERTEX_POINT('',#10796);
#2960=VERTEX_POINT('',#10800);
#2961=VERTEX_POINT('',#10804);
#2962=VERTEX_POINT('',#10808);
#2963=VERTEX_POINT('',#10812);
#2964=VERTEX_POINT('',#10816);
#2965=VERTEX_POINT('',#10820);
#2966=VERTEX_POINT('',#10824);
#2967=VERTEX_POINT('',#10828);
#2968=VERTEX_POINT('',#10832);
#2969=VERTEX_POINT('',#10836);
#2970=VERTEX_POINT('',#10840);
#2971=VERTEX_POINT('',#10844);
#2972=VERTEX_POINT('',#10848);
#2973=VERTEX_POINT('',#10852);
#2974=VERTEX_POINT('',#10856);
#2975=VERTEX_POINT('',#10860);
#2976=VERTEX_POINT('',#10865);
#2977=VERTEX_POINT('',#10866);
#2978=VERTEX_POINT('',#10868);
#2979=VERTEX_POINT('',#10870);
#2980=VERTEX_POINT('',#10874);
#2981=VERTEX_POINT('',#10876);
#2982=VERTEX_POINT('',#10880);
#2983=VERTEX_POINT('',#10882);
#2984=VERTEX_POINT('',#10886);
#2985=VERTEX_POINT('',#10887);
#2986=VERTEX_POINT('',#10889);
#2987=VERTEX_POINT('',#10891);
#2988=VERTEX_POINT('',#10895);
#2989=VERTEX_POINT('',#10897);
#2990=VERTEX_POINT('',#10901);
#2991=VERTEX_POINT('',#10903);
#2992=VERTEX_POINT('',#10907);
#2993=VERTEX_POINT('',#10908);
#2994=VERTEX_POINT('',#10910);
#2995=VERTEX_POINT('',#10912);
#2996=VERTEX_POINT('',#10916);
#2997=VERTEX_POINT('',#10918);
#2998=VERTEX_POINT('',#10922);
#2999=VERTEX_POINT('',#10924);
#3000=VERTEX_POINT('',#10928);
#3001=VERTEX_POINT('',#10929);
#3002=VERTEX_POINT('',#10931);
#3003=VERTEX_POINT('',#10933);
#3004=VERTEX_POINT('',#10937);
#3005=VERTEX_POINT('',#10938);
#3006=VERTEX_POINT('',#10943);
#3007=VERTEX_POINT('',#10944);
#3008=VERTEX_POINT('',#10949);
#3009=VERTEX_POINT('',#10950);
#3010=VERTEX_POINT('',#10952);
#3011=VERTEX_POINT('',#10954);
#3012=VERTEX_POINT('',#10958);
#3013=VERTEX_POINT('',#10960);
#3014=VERTEX_POINT('',#10964);
#3015=VERTEX_POINT('',#10966);
#3016=VERTEX_POINT('',#10986);
#3017=VERTEX_POINT('',#10988);
#3018=VERTEX_POINT('',#10990);
#3019=VERTEX_POINT('',#10992);
#3020=VERTEX_POINT('',#10994);
#3021=VERTEX_POINT('',#10996);
#3022=VERTEX_POINT('',#10998);
#3023=VERTEX_POINT('',#11000);
#3024=VERTEX_POINT('',#11002);
#3025=VERTEX_POINT('',#11004);
#3026=VERTEX_POINT('',#11006);
#3027=VERTEX_POINT('',#11008);
#3028=VERTEX_POINT('',#11010);
#3029=VERTEX_POINT('',#11012);
#3030=VERTEX_POINT('',#11014);
#3031=VERTEX_POINT('',#11016);
#3032=VERTEX_POINT('',#11018);
#3033=VERTEX_POINT('',#11020);
#3034=VERTEX_POINT('',#11022);
#3035=VERTEX_POINT('',#11024);
#3036=VERTEX_POINT('',#11026);
#3037=VERTEX_POINT('',#11028);
#3038=VERTEX_POINT('',#11030);
#3039=VERTEX_POINT('',#11032);
#3040=VERTEX_POINT('',#11034);
#3041=VERTEX_POINT('',#11036);
#3042=VERTEX_POINT('',#11038);
#3043=VERTEX_POINT('',#11040);
#3044=VERTEX_POINT('',#11042);
#3045=VERTEX_POINT('',#11044);
#3046=VERTEX_POINT('',#11046);
#3047=VERTEX_POINT('',#11048);
#3048=VERTEX_POINT('',#11050);
#3049=VERTEX_POINT('',#11052);
#3050=VERTEX_POINT('',#11054);
#3051=VERTEX_POINT('',#11056);
#3052=VERTEX_POINT('',#11058);
#3053=VERTEX_POINT('',#11060);
#3054=VERTEX_POINT('',#11062);
#3055=VERTEX_POINT('',#11064);
#3056=VERTEX_POINT('',#11066);
#3057=VERTEX_POINT('',#11068);
#3058=VERTEX_POINT('',#11070);
#3059=VERTEX_POINT('',#11072);
#3060=VERTEX_POINT('',#11074);
#3061=VERTEX_POINT('',#11076);
#3062=VERTEX_POINT('',#11078);
#3063=VERTEX_POINT('',#11080);
#3064=VERTEX_POINT('',#11082);
#3065=VERTEX_POINT('',#11084);
#3066=VERTEX_POINT('',#11086);
#3067=VERTEX_POINT('',#11088);
#3068=VERTEX_POINT('',#11090);
#3069=VERTEX_POINT('',#11092);
#3070=VERTEX_POINT('',#11094);
#3071=VERTEX_POINT('',#11096);
#3072=VERTEX_POINT('',#11098);
#3073=VERTEX_POINT('',#11100);
#3074=VERTEX_POINT('',#11102);
#3075=VERTEX_POINT('',#11104);
#3076=VERTEX_POINT('',#11106);
#3077=VERTEX_POINT('',#11108);
#3078=VERTEX_POINT('',#11110);
#3079=VERTEX_POINT('',#11112);
#3080=VERTEX_POINT('',#11114);
#3081=VERTEX_POINT('',#11116);
#3082=VERTEX_POINT('',#11118);
#3083=VERTEX_POINT('',#11120);
#3084=VERTEX_POINT('',#11122);
#3085=VERTEX_POINT('',#11124);
#3086=VERTEX_POINT('',#11126);
#3087=VERTEX_POINT('',#11128);
#3088=VERTEX_POINT('',#11130);
#3089=VERTEX_POINT('',#11132);
#3090=VERTEX_POINT('',#11134);
#3091=VERTEX_POINT('',#11136);
#3092=VERTEX_POINT('',#11138);
#3093=VERTEX_POINT('',#11140);
#3094=VERTEX_POINT('',#11142);
#3095=VERTEX_POINT('',#11144);
#3096=VERTEX_POINT('',#11146);
#3097=VERTEX_POINT('',#11148);
#3098=VERTEX_POINT('',#11150);
#3099=VERTEX_POINT('',#11152);
#3100=VERTEX_POINT('',#11154);
#3101=VERTEX_POINT('',#11156);
#3102=VERTEX_POINT('',#11158);
#3103=VERTEX_POINT('',#11160);
#3104=VERTEX_POINT('',#11162);
#3105=VERTEX_POINT('',#11164);
#3106=VERTEX_POINT('',#11166);
#3107=VERTEX_POINT('',#11168);
#3108=VERTEX_POINT('',#11170);
#3109=VERTEX_POINT('',#11172);
#3110=VERTEX_POINT('',#11174);
#3111=VERTEX_POINT('',#11176);
#3112=VERTEX_POINT('',#11178);
#3113=VERTEX_POINT('',#11180);
#3114=VERTEX_POINT('',#11182);
#3115=VERTEX_POINT('',#11184);
#3116=VERTEX_POINT('',#11186);
#3117=VERTEX_POINT('',#11188);
#3118=VERTEX_POINT('',#11190);
#3119=VERTEX_POINT('',#11192);
#3120=VERTEX_POINT('',#11194);
#3121=VERTEX_POINT('',#11196);
#3122=VERTEX_POINT('',#11198);
#3123=VERTEX_POINT('',#11200);
#3124=VERTEX_POINT('',#11202);
#3125=VERTEX_POINT('',#11204);
#3126=VERTEX_POINT('',#11206);
#3127=VERTEX_POINT('',#11208);
#3128=VERTEX_POINT('',#11210);
#3129=VERTEX_POINT('',#11212);
#3130=VERTEX_POINT('',#11214);
#3131=VERTEX_POINT('',#11216);
#3132=VERTEX_POINT('',#11218);
#3133=VERTEX_POINT('',#11220);
#3134=VERTEX_POINT('',#11222);
#3135=VERTEX_POINT('',#11224);
#3136=VERTEX_POINT('',#11226);
#3137=VERTEX_POINT('',#11228);
#3138=VERTEX_POINT('',#11230);
#3139=VERTEX_POINT('',#11232);
#3140=VERTEX_POINT('',#11234);
#3141=VERTEX_POINT('',#11236);
#3142=VERTEX_POINT('',#11238);
#3143=VERTEX_POINT('',#11239);
#3144=VERTEX_POINT('',#11241);
#3145=VERTEX_POINT('',#11243);
#3146=VERTEX_POINT('',#11255);
#3147=VERTEX_POINT('',#11259);
#3148=VERTEX_POINT('',#11263);
#3149=VERTEX_POINT('',#11267);
#3150=VERTEX_POINT('',#11271);
#3151=VERTEX_POINT('',#11275);
#3152=VERTEX_POINT('',#11279);
#3153=VERTEX_POINT('',#11283);
#3154=VERTEX_POINT('',#11287);
#3155=VERTEX_POINT('',#11291);
#3156=VERTEX_POINT('',#11295);
#3157=VERTEX_POINT('',#11299);
#3158=VERTEX_POINT('',#11303);
#3159=VERTEX_POINT('',#11307);
#3160=VERTEX_POINT('',#11311);
#3161=VERTEX_POINT('',#11315);
#3162=VERTEX_POINT('',#11319);
#3163=VERTEX_POINT('',#11323);
#3164=VERTEX_POINT('',#11327);
#3165=VERTEX_POINT('',#11331);
#3166=VERTEX_POINT('',#11335);
#3167=VERTEX_POINT('',#11339);
#3168=VERTEX_POINT('',#11343);
#3169=VERTEX_POINT('',#11347);
#3170=VERTEX_POINT('',#11351);
#3171=VERTEX_POINT('',#11355);
#3172=VERTEX_POINT('',#11359);
#3173=VERTEX_POINT('',#11363);
#3174=VERTEX_POINT('',#11367);
#3175=VERTEX_POINT('',#11371);
#3176=VERTEX_POINT('',#11375);
#3177=VERTEX_POINT('',#11379);
#3178=VERTEX_POINT('',#11383);
#3179=VERTEX_POINT('',#11387);
#3180=VERTEX_POINT('',#11391);
#3181=VERTEX_POINT('',#11395);
#3182=VERTEX_POINT('',#11399);
#3183=VERTEX_POINT('',#11403);
#3184=VERTEX_POINT('',#11407);
#3185=VERTEX_POINT('',#11411);
#3186=VERTEX_POINT('',#11415);
#3187=VERTEX_POINT('',#11419);
#3188=VERTEX_POINT('',#11423);
#3189=VERTEX_POINT('',#11427);
#3190=VERTEX_POINT('',#11431);
#3191=VERTEX_POINT('',#11435);
#3192=VERTEX_POINT('',#11439);
#3193=VERTEX_POINT('',#11443);
#3194=VERTEX_POINT('',#11447);
#3195=VERTEX_POINT('',#11451);
#3196=VERTEX_POINT('',#11455);
#3197=VERTEX_POINT('',#11459);
#3198=VERTEX_POINT('',#11463);
#3199=VERTEX_POINT('',#11467);
#3200=VERTEX_POINT('',#11471);
#3201=VERTEX_POINT('',#11475);
#3202=VERTEX_POINT('',#11479);
#3203=VERTEX_POINT('',#11483);
#3204=VERTEX_POINT('',#11487);
#3205=VERTEX_POINT('',#11491);
#3206=VERTEX_POINT('',#11495);
#3207=VERTEX_POINT('',#11499);
#3208=VERTEX_POINT('',#11503);
#3209=VERTEX_POINT('',#11507);
#3210=VERTEX_POINT('',#11511);
#3211=VERTEX_POINT('',#11515);
#3212=VERTEX_POINT('',#11519);
#3213=VERTEX_POINT('',#11523);
#3214=VERTEX_POINT('',#11527);
#3215=VERTEX_POINT('',#11531);
#3216=VERTEX_POINT('',#11535);
#3217=VERTEX_POINT('',#11539);
#3218=VERTEX_POINT('',#11543);
#3219=VERTEX_POINT('',#11547);
#3220=VERTEX_POINT('',#11551);
#3221=VERTEX_POINT('',#11555);
#3222=VERTEX_POINT('',#11559);
#3223=VERTEX_POINT('',#11563);
#3224=VERTEX_POINT('',#11567);
#3225=VERTEX_POINT('',#11571);
#3226=VERTEX_POINT('',#11575);
#3227=VERTEX_POINT('',#11579);
#3228=VERTEX_POINT('',#11583);
#3229=VERTEX_POINT('',#11587);
#3230=VERTEX_POINT('',#11591);
#3231=VERTEX_POINT('',#11595);
#3232=VERTEX_POINT('',#11599);
#3233=VERTEX_POINT('',#11603);
#3234=VERTEX_POINT('',#11607);
#3235=VERTEX_POINT('',#11611);
#3236=VERTEX_POINT('',#11615);
#3237=VERTEX_POINT('',#11619);
#3238=VERTEX_POINT('',#11623);
#3239=VERTEX_POINT('',#11627);
#3240=VERTEX_POINT('',#11631);
#3241=VERTEX_POINT('',#11635);
#3242=VERTEX_POINT('',#11639);
#3243=VERTEX_POINT('',#11643);
#3244=VERTEX_POINT('',#11647);
#3245=VERTEX_POINT('',#11651);
#3246=VERTEX_POINT('',#11655);
#3247=VERTEX_POINT('',#11659);
#3248=VERTEX_POINT('',#11663);
#3249=VERTEX_POINT('',#11667);
#3250=VERTEX_POINT('',#11671);
#3251=VERTEX_POINT('',#11675);
#3252=VERTEX_POINT('',#11679);
#3253=VERTEX_POINT('',#11683);
#3254=VERTEX_POINT('',#11687);
#3255=VERTEX_POINT('',#11691);
#3256=VERTEX_POINT('',#11695);
#3257=VERTEX_POINT('',#11699);
#3258=VERTEX_POINT('',#11703);
#3259=VERTEX_POINT('',#11707);
#3260=VERTEX_POINT('',#11711);
#3261=VERTEX_POINT('',#11715);
#3262=VERTEX_POINT('',#11719);
#3263=VERTEX_POINT('',#11723);
#3264=VERTEX_POINT('',#11727);
#3265=VERTEX_POINT('',#11731);
#3266=VERTEX_POINT('',#11735);
#3267=VERTEX_POINT('',#11739);
#3268=VERTEX_POINT('',#11743);
#3269=VERTEX_POINT('',#11747);
#3270=VERTEX_POINT('',#11751);
#3271=VERTEX_POINT('',#11755);
#3272=VERTEX_POINT('',#11760);
#3273=VERTEX_POINT('',#11761);
#3274=VERTEX_POINT('',#11763);
#3275=VERTEX_POINT('',#11765);
#3276=VERTEX_POINT('',#11767);
#3277=VERTEX_POINT('',#11771);
#3278=VERTEX_POINT('',#11773);
#3279=VERTEX_POINT('',#11775);
#3280=VERTEX_POINT('',#11777);
#3281=VERTEX_POINT('',#11779);
#3282=VERTEX_POINT('',#11781);
#3283=VERTEX_POINT('',#11783);
#3284=VERTEX_POINT('',#11785);
#3285=VERTEX_POINT('',#11787);
#3286=VERTEX_POINT('',#11789);
#3287=VERTEX_POINT('',#11791);
#3288=VERTEX_POINT('',#11793);
#3289=VERTEX_POINT('',#11795);
#3290=VERTEX_POINT('',#11797);
#3291=VERTEX_POINT('',#11799);
#3292=VERTEX_POINT('',#11801);
#3293=VERTEX_POINT('',#11803);
#3294=VERTEX_POINT('',#11805);
#3295=VERTEX_POINT('',#11807);
#3296=VERTEX_POINT('',#11809);
#3297=VERTEX_POINT('',#11811);
#3298=VERTEX_POINT('',#11813);
#3299=VERTEX_POINT('',#11815);
#3300=VERTEX_POINT('',#11817);
#3301=VERTEX_POINT('',#11819);
#3302=VERTEX_POINT('',#11821);
#3303=VERTEX_POINT('',#11823);
#3304=VERTEX_POINT('',#11825);
#3305=VERTEX_POINT('',#11827);
#3306=VERTEX_POINT('',#11829);
#3307=VERTEX_POINT('',#11831);
#3308=VERTEX_POINT('',#11833);
#3309=VERTEX_POINT('',#11835);
#3310=VERTEX_POINT('',#11837);
#3311=VERTEX_POINT('',#11841);
#3312=VERTEX_POINT('',#11845);
#3313=VERTEX_POINT('',#11847);
#3314=VERTEX_POINT('',#11853);
#3315=VERTEX_POINT('',#11854);
#3316=VERTEX_POINT('',#11856);
#3317=VERTEX_POINT('',#11858);
#3318=VERTEX_POINT('',#11862);
#3319=VERTEX_POINT('',#11864);
#3320=VERTEX_POINT('',#11868);
#3321=VERTEX_POINT('',#11870);
#3322=VERTEX_POINT('',#11881);
#3323=VERTEX_POINT('',#11885);
#3324=VERTEX_POINT('',#11889);
#3325=VERTEX_POINT('',#11893);
#3326=VERTEX_POINT('',#11897);
#3327=VERTEX_POINT('',#11901);
#3328=VERTEX_POINT('',#11905);
#3329=VERTEX_POINT('',#11909);
#3330=VERTEX_POINT('',#11913);
#3331=VERTEX_POINT('',#11917);
#3332=VERTEX_POINT('',#11921);
#3333=VERTEX_POINT('',#11925);
#3334=VERTEX_POINT('',#11929);
#3335=VERTEX_POINT('',#11933);
#3336=VERTEX_POINT('',#11937);
#3337=VERTEX_POINT('',#11941);
#3338=VERTEX_POINT('',#11945);
#3339=VERTEX_POINT('',#11949);
#3340=VERTEX_POINT('',#11953);
#3341=VERTEX_POINT('',#11957);
#3342=VERTEX_POINT('',#11961);
#3343=VERTEX_POINT('',#11965);
#3344=VERTEX_POINT('',#11969);
#3345=VERTEX_POINT('',#11973);
#3346=VERTEX_POINT('',#11977);
#3347=VERTEX_POINT('',#11981);
#3348=VERTEX_POINT('',#11985);
#3349=VERTEX_POINT('',#11989);
#3350=VERTEX_POINT('',#11993);
#3351=VERTEX_POINT('',#11997);
#3352=VERTEX_POINT('',#12001);
#3353=VERTEX_POINT('',#12005);
#3354=VERTEX_POINT('',#12010);
#3355=VERTEX_POINT('',#12011);
#3356=VERTEX_POINT('',#12013);
#3357=VERTEX_POINT('',#12015);
#3358=VERTEX_POINT('',#12017);
#3359=VERTEX_POINT('',#12021);
#3360=VERTEX_POINT('',#12023);
#3361=VERTEX_POINT('',#12025);
#3362=VERTEX_POINT('',#12027);
#3363=VERTEX_POINT('',#12029);
#3364=VERTEX_POINT('',#12031);
#3365=VERTEX_POINT('',#12033);
#3366=VERTEX_POINT('',#12035);
#3367=VERTEX_POINT('',#12037);
#3368=VERTEX_POINT('',#12039);
#3369=VERTEX_POINT('',#12041);
#3370=VERTEX_POINT('',#12043);
#3371=VERTEX_POINT('',#12045);
#3372=VERTEX_POINT('',#12047);
#3373=VERTEX_POINT('',#12049);
#3374=VERTEX_POINT('',#12051);
#3375=VERTEX_POINT('',#12053);
#3376=VERTEX_POINT('',#12055);
#3377=VERTEX_POINT('',#12057);
#3378=VERTEX_POINT('',#12059);
#3379=VERTEX_POINT('',#12061);
#3380=VERTEX_POINT('',#12063);
#3381=VERTEX_POINT('',#12065);
#3382=VERTEX_POINT('',#12067);
#3383=VERTEX_POINT('',#12069);
#3384=VERTEX_POINT('',#12071);
#3385=VERTEX_POINT('',#12073);
#3386=VERTEX_POINT('',#12075);
#3387=VERTEX_POINT('',#12077);
#3388=VERTEX_POINT('',#12079);
#3389=VERTEX_POINT('',#12081);
#3390=VERTEX_POINT('',#12083);
#3391=VERTEX_POINT('',#12085);
#3392=VERTEX_POINT('',#12087);
#3393=VERTEX_POINT('',#12091);
#3394=VERTEX_POINT('',#12095);
#3395=VERTEX_POINT('',#12097);
#3396=VERTEX_POINT('',#12103);
#3397=VERTEX_POINT('',#12104);
#3398=VERTEX_POINT('',#12106);
#3399=VERTEX_POINT('',#12108);
#3400=VERTEX_POINT('',#12112);
#3401=VERTEX_POINT('',#12114);
#3402=VERTEX_POINT('',#12118);
#3403=VERTEX_POINT('',#12120);
#3404=VERTEX_POINT('',#12131);
#3405=VERTEX_POINT('',#12135);
#3406=VERTEX_POINT('',#12139);
#3407=VERTEX_POINT('',#12143);
#3408=VERTEX_POINT('',#12147);
#3409=VERTEX_POINT('',#12151);
#3410=VERTEX_POINT('',#12155);
#3411=VERTEX_POINT('',#12159);
#3412=VERTEX_POINT('',#12163);
#3413=VERTEX_POINT('',#12167);
#3414=VERTEX_POINT('',#12171);
#3415=VERTEX_POINT('',#12175);
#3416=VERTEX_POINT('',#12179);
#3417=VERTEX_POINT('',#12183);
#3418=VERTEX_POINT('',#12187);
#3419=VERTEX_POINT('',#12191);
#3420=VERTEX_POINT('',#12195);
#3421=VERTEX_POINT('',#12199);
#3422=VERTEX_POINT('',#12203);
#3423=VERTEX_POINT('',#12207);
#3424=VERTEX_POINT('',#12211);
#3425=VERTEX_POINT('',#12215);
#3426=VERTEX_POINT('',#12219);
#3427=VERTEX_POINT('',#12223);
#3428=VERTEX_POINT('',#12227);
#3429=VERTEX_POINT('',#12231);
#3430=VERTEX_POINT('',#12235);
#3431=VERTEX_POINT('',#12239);
#3432=VERTEX_POINT('',#12243);
#3433=VERTEX_POINT('',#12247);
#3434=VERTEX_POINT('',#12251);
#3435=VERTEX_POINT('',#12255);
#3436=LINE('',#10376,#3612);
#3437=LINE('',#10379,#3613);
#3438=LINE('',#10381,#3614);
#3439=LINE('',#10383,#3615);
#3440=LINE('',#10385,#3616);
#3441=LINE('',#10447,#3617);
#3442=LINE('',#10449,#3618);
#3443=LINE('',#10451,#3619);
#3444=LINE('',#10453,#3620);
#3445=LINE('',#10455,#3621);
#3446=LINE('',#10457,#3622);
#3447=LINE('',#10459,#3623);
#3448=LINE('',#10461,#3624);
#3449=LINE('',#10463,#3625);
#3450=LINE('',#10465,#3626);
#3451=LINE('',#10468,#3627);
#3452=LINE('',#10470,#3628);
#3453=LINE('',#10472,#3629);
#3454=LINE('',#10474,#3630);
#3455=LINE('',#10476,#3631);
#3456=LINE('',#10478,#3632);
#3457=LINE('',#10480,#3633);
#3458=LINE('',#10482,#3634);
#3459=LINE('',#10484,#3635);
#3460=LINE('',#10486,#3636);
#3461=LINE('',#10487,#3637);
#3462=LINE('',#10489,#3638);
#3463=LINE('',#10614,#3639);
#3464=LINE('',#10617,#3640);
#3465=LINE('',#10619,#3641);
#3466=LINE('',#10621,#3642);
#3467=LINE('',#10623,#3643);
#3468=LINE('',#10689,#3644);
#3469=LINE('',#10691,#3645);
#3470=LINE('',#10693,#3646);
#3471=LINE('',#10695,#3647);
#3472=LINE('',#10697,#3648);
#3473=LINE('',#10699,#3649);
#3474=LINE('',#10701,#3650);
#3475=LINE('',#10703,#3651);
#3476=LINE('',#10705,#3652);
#3477=LINE('',#10707,#3653);
#3478=LINE('',#10710,#3654);
#3479=LINE('',#10712,#3655);
#3480=LINE('',#10714,#3656);
#3481=LINE('',#10716,#3657);
#3482=LINE('',#10718,#3658);
#3483=LINE('',#10720,#3659);
#3484=LINE('',#10722,#3660);
#3485=LINE('',#10724,#3661);
#3486=LINE('',#10726,#3662);
#3487=LINE('',#10728,#3663);
#3488=LINE('',#10729,#3664);
#3489=LINE('',#10731,#3665);
#3490=LINE('',#10864,#3666);
#3491=LINE('',#10867,#3667);
#3492=LINE('',#10869,#3668);
#3493=LINE('',#10871,#3669);
#3494=LINE('',#10873,#3670);
#3495=LINE('',#10875,#3671);
#3496=LINE('',#10877,#3672);
#3497=LINE('',#10879,#3673);
#3498=LINE('',#10881,#3674);
#3499=LINE('',#10883,#3675);
#3500=LINE('',#10885,#3676);
#3501=LINE('',#10888,#3677);
#3502=LINE('',#10890,#3678);
#3503=LINE('',#10892,#3679);
#3504=LINE('',#10894,#3680);
#3505=LINE('',#10896,#3681);
#3506=LINE('',#10898,#3682);
#3507=LINE('',#10900,#3683);
#3508=LINE('',#10902,#3684);
#3509=LINE('',#10904,#3685);
#3510=LINE('',#10906,#3686);
#3511=LINE('',#10909,#3687);
#3512=LINE('',#10911,#3688);
#3513=LINE('',#10913,#3689);
#3514=LINE('',#10915,#3690);
#3515=LINE('',#10917,#3691);
#3516=LINE('',#10919,#3692);
#3517=LINE('',#10921,#3693);
#3518=LINE('',#10923,#3694);
#3519=LINE('',#10925,#3695);
#3520=LINE('',#10927,#3696);
#3521=LINE('',#10930,#3697);
#3522=LINE('',#10932,#3698);
#3523=LINE('',#10934,#3699);
#3524=LINE('',#10936,#3700);
#3525=LINE('',#10939,#3701);
#3526=LINE('',#10940,#3702);
#3527=LINE('',#10942,#3703);
#3528=LINE('',#10945,#3704);
#3529=LINE('',#10946,#3705);
#3530=LINE('',#10948,#3706);
#3531=LINE('',#10951,#3707);
#3532=LINE('',#10953,#3708);
#3533=LINE('',#10955,#3709);
#3534=LINE('',#10957,#3710);
#3535=LINE('',#10959,#3711);
#3536=LINE('',#10961,#3712);
#3537=LINE('',#10963,#3713);
#3538=LINE('',#10965,#3714);
#3539=LINE('',#10967,#3715);
#3540=LINE('',#10969,#3716);
#3541=LINE('',#10970,#3717);
#3542=LINE('',#10972,#3718);
#3543=LINE('',#10973,#3719);
#3544=LINE('',#10975,#3720);
#3545=LINE('',#10976,#3721);
#3546=LINE('',#10978,#3722);
#3547=LINE('',#10979,#3723);
#3548=LINE('',#10981,#3724);
#3549=LINE('',#10982,#3725);
#3550=LINE('',#11237,#3726);
#3551=LINE('',#11240,#3727);
#3552=LINE('',#11242,#3728);
#3553=LINE('',#11244,#3729);
#3554=LINE('',#11246,#3730);
#3555=LINE('',#11247,#3731);
#3556=LINE('',#11249,#3732);
#3557=LINE('',#11251,#3733);
#3558=LINE('',#11759,#3734);
#3559=LINE('',#11762,#3735);
#3560=LINE('',#11764,#3736);
#3561=LINE('',#11766,#3737);
#3562=LINE('',#11768,#3738);
#3563=LINE('',#11834,#3739);
#3564=LINE('',#11836,#3740);
#3565=LINE('',#11838,#3741);
#3566=LINE('',#11840,#3742);
#3567=LINE('',#11842,#3743);
#3568=LINE('',#11844,#3744);
#3569=LINE('',#11846,#3745);
#3570=LINE('',#11848,#3746);
#3571=LINE('',#11850,#3747);
#3572=LINE('',#11852,#3748);
#3573=LINE('',#11855,#3749);
#3574=LINE('',#11857,#3750);
#3575=LINE('',#11859,#3751);
#3576=LINE('',#11861,#3752);
#3577=LINE('',#11863,#3753);
#3578=LINE('',#11865,#3754);
#3579=LINE('',#11867,#3755);
#3580=LINE('',#11869,#3756);
#3581=LINE('',#11871,#3757);
#3582=LINE('',#11873,#3758);
#3583=LINE('',#11874,#3759);
#3584=LINE('',#11876,#3760);
#3585=LINE('',#12009,#3761);
#3586=LINE('',#12012,#3762);
#3587=LINE('',#12014,#3763);
#3588=LINE('',#12016,#3764);
#3589=LINE('',#12018,#3765);
#3590=LINE('',#12084,#3766);
#3591=LINE('',#12086,#3767);
#3592=LINE('',#12088,#3768);
#3593=LINE('',#12090,#3769);
#3594=LINE('',#12092,#3770);
#3595=LINE('',#12094,#3771);
#3596=LINE('',#12096,#3772);
#3597=LINE('',#12098,#3773);
#3598=LINE('',#12100,#3774);
#3599=LINE('',#12102,#3775);
#3600=LINE('',#12105,#3776);
#3601=LINE('',#12107,#3777);
#3602=LINE('',#12109,#3778);
#3603=LINE('',#12111,#3779);
#3604=LINE('',#12113,#3780);
#3605=LINE('',#12115,#3781);
#3606=LINE('',#12117,#3782);
#3607=LINE('',#12119,#3783);
#3608=LINE('',#12121,#3784);
#3609=LINE('',#12123,#3785);
#3610=LINE('',#12124,#3786);
#3611=LINE('',#12126,#3787);
#3612=VECTOR('',#8028,1.);
#3613=VECTOR('',#8029,1.);
#3614=VECTOR('',#8030,1.);
#3615=VECTOR('',#8031,1.);
#3616=VECTOR('',#8032,1.);
#3617=VECTOR('',#8095,1.);
#3618=VECTOR('',#8096,1.);
#3619=VECTOR('',#8097,1.);
#3620=VECTOR('',#8100,1.);
#3621=VECTOR('',#8101,1.);
#3622=VECTOR('',#8104,1.);
#3623=VECTOR('',#8105,1.);
#3624=VECTOR('',#8106,1.);
#3625=VECTOR('',#8109,1.);
#3626=VECTOR('',#8112,1.);
#3627=VECTOR('',#8113,1.);
#3628=VECTOR('',#8114,1.);
#3629=VECTOR('',#8115,1.);
#3630=VECTOR('',#8118,1.);
#3631=VECTOR('',#8119,1.);
#3632=VECTOR('',#8120,1.);
#3633=VECTOR('',#8123,1.);
#3634=VECTOR('',#8124,1.);
#3635=VECTOR('',#8125,1.);
#3636=VECTOR('',#8128,1.);
#3637=VECTOR('',#8129,1.);
#3638=VECTOR('',#8132,1.);
#3639=VECTOR('',#8321,1.);
#3640=VECTOR('',#8322,1.);
#3641=VECTOR('',#8323,1.);
#3642=VECTOR('',#8324,1.);
#3643=VECTOR('',#8325,1.);
#3644=VECTOR('',#8392,1.);
#3645=VECTOR('',#8393,1.);
#3646=VECTOR('',#8394,1.);
#3647=VECTOR('',#8397,1.);
#3648=VECTOR('',#8398,1.);
#3649=VECTOR('',#8401,1.);
#3650=VECTOR('',#8402,1.);
#3651=VECTOR('',#8403,1.);
#3652=VECTOR('',#8406,1.);
#3653=VECTOR('',#8409,1.);
#3654=VECTOR('',#8410,1.);
#3655=VECTOR('',#8411,1.);
#3656=VECTOR('',#8412,1.);
#3657=VECTOR('',#8415,1.);
#3658=VECTOR('',#8416,1.);
#3659=VECTOR('',#8417,1.);
#3660=VECTOR('',#8420,1.);
#3661=VECTOR('',#8421,1.);
#3662=VECTOR('',#8422,1.);
#3663=VECTOR('',#8425,1.);
#3664=VECTOR('',#8426,1.);
#3665=VECTOR('',#8429,1.);
#3666=VECTOR('',#8630,1.);
#3667=VECTOR('',#8631,1.);
#3668=VECTOR('',#8632,1.);
#3669=VECTOR('',#8633,1.);
#3670=VECTOR('',#8636,1.);
#3671=VECTOR('',#8637,1.);
#3672=VECTOR('',#8638,1.);
#3673=VECTOR('',#8641,1.);
#3674=VECTOR('',#8642,1.);
#3675=VECTOR('',#8643,1.);
#3676=VECTOR('',#8646,1.);
#3677=VECTOR('',#8647,1.);
#3678=VECTOR('',#8648,1.);
#3679=VECTOR('',#8649,1.);
#3680=VECTOR('',#8652,1.);
#3681=VECTOR('',#8653,1.);
#3682=VECTOR('',#8654,1.);
#3683=VECTOR('',#8657,1.);
#3684=VECTOR('',#8658,1.);
#3685=VECTOR('',#8659,1.);
#3686=VECTOR('',#8662,1.);
#3687=VECTOR('',#8663,1.);
#3688=VECTOR('',#8664,1.);
#3689=VECTOR('',#8665,1.);
#3690=VECTOR('',#8668,1.);
#3691=VECTOR('',#8669,1.);
#3692=VECTOR('',#8670,1.);
#3693=VECTOR('',#8673,1.);
#3694=VECTOR('',#8674,1.);
#3695=VECTOR('',#8675,1.);
#3696=VECTOR('',#8678,1.);
#3697=VECTOR('',#8679,1.);
#3698=VECTOR('',#8680,1.);
#3699=VECTOR('',#8681,1.);
#3700=VECTOR('',#8684,1.);
#3701=VECTOR('',#8685,1.);
#3702=VECTOR('',#8686,1.);
#3703=VECTOR('',#8689,1.);
#3704=VECTOR('',#8690,1.);
#3705=VECTOR('',#8691,1.);
#3706=VECTOR('',#8694,1.);
#3707=VECTOR('',#8695,1.);
#3708=VECTOR('',#8696,1.);
#3709=VECTOR('',#8697,1.);
#3710=VECTOR('',#8700,1.);
#3711=VECTOR('',#8701,1.);
#3712=VECTOR('',#8702,1.);
#3713=VECTOR('',#8705,1.);
#3714=VECTOR('',#8706,1.);
#3715=VECTOR('',#8707,1.);
#3716=VECTOR('',#8710,1.);
#3717=VECTOR('',#8711,1.);
#3718=VECTOR('',#8714,1.);
#3719=VECTOR('',#8715,1.);
#3720=VECTOR('',#8718,1.);
#3721=VECTOR('',#8719,1.);
#3722=VECTOR('',#8722,1.);
#3723=VECTOR('',#8723,1.);
#3724=VECTOR('',#8726,1.);
#3725=VECTOR('',#8727,1.);
#3726=VECTOR('',#8984,1.);
#3727=VECTOR('',#8985,1.);
#3728=VECTOR('',#8986,1.);
#3729=VECTOR('',#8987,1.);
#3730=VECTOR('',#8990,1.);
#3731=VECTOR('',#8991,1.);
#3732=VECTOR('',#8994,1.);
#3733=VECTOR('',#8997,1.);
#3734=VECTOR('',#9760,1.);
#3735=VECTOR('',#9761,1.);
#3736=VECTOR('',#9762,1.);
#3737=VECTOR('',#9763,1.);
#3738=VECTOR('',#9764,1.);
#3739=VECTOR('',#9831,1.);
#3740=VECTOR('',#9832,1.);
#3741=VECTOR('',#9833,1.);
#3742=VECTOR('',#9836,1.);
#3743=VECTOR('',#9837,1.);
#3744=VECTOR('',#9840,1.);
#3745=VECTOR('',#9841,1.);
#3746=VECTOR('',#9842,1.);
#3747=VECTOR('',#9845,1.);
#3748=VECTOR('',#9848,1.);
#3749=VECTOR('',#9849,1.);
#3750=VECTOR('',#9850,1.);
#3751=VECTOR('',#9851,1.);
#3752=VECTOR('',#9854,1.);
#3753=VECTOR('',#9855,1.);
#3754=VECTOR('',#9856,1.);
#3755=VECTOR('',#9859,1.);
#3756=VECTOR('',#9860,1.);
#3757=VECTOR('',#9861,1.);
#3758=VECTOR('',#9864,1.);
#3759=VECTOR('',#9865,1.);
#3760=VECTOR('',#9868,1.);
#3761=VECTOR('',#10069,1.);
#3762=VECTOR('',#10070,1.);
#3763=VECTOR('',#10071,1.);
#3764=VECTOR('',#10072,1.);
#3765=VECTOR('',#10073,1.);
#3766=VECTOR('',#10140,1.);
#3767=VECTOR('',#10141,1.);
#3768=VECTOR('',#10142,1.);
#3769=VECTOR('',#10145,1.);
#3770=VECTOR('',#10146,1.);
#3771=VECTOR('',#10149,1.);
#3772=VECTOR('',#10150,1.);
#3773=VECTOR('',#10151,1.);
#3774=VECTOR('',#10154,1.);
#3775=VECTOR('',#10157,1.);
#3776=VECTOR('',#10158,1.);
#3777=VECTOR('',#10159,1.);
#3778=VECTOR('',#10160,1.);
#3779=VECTOR('',#10163,1.);
#3780=VECTOR('',#10164,1.);
#3781=VECTOR('',#10165,1.);
#3782=VECTOR('',#10168,1.);
#3783=VECTOR('',#10169,1.);
#3784=VECTOR('',#10170,1.);
#3785=VECTOR('',#10173,1.);
#3786=VECTOR('',#10174,1.);
#3787=VECTOR('',#10177,1.);
#3788=EDGE_LOOP('',(#776,#777,#778,#779,#780));
#3789=EDGE_LOOP('',(#781));
#3790=EDGE_LOOP('',(#782));
#3791=EDGE_LOOP('',(#783));
#3792=EDGE_LOOP('',(#784));
#3793=EDGE_LOOP('',(#785));
#3794=EDGE_LOOP('',(#786));
#3795=EDGE_LOOP('',(#787));
#3796=EDGE_LOOP('',(#788));
#3797=EDGE_LOOP('',(#789));
#3798=EDGE_LOOP('',(#790));
#3799=EDGE_LOOP('',(#791));
#3800=EDGE_LOOP('',(#792));
#3801=EDGE_LOOP('',(#793));
#3802=EDGE_LOOP('',(#794));
#3803=EDGE_LOOP('',(#795));
#3804=EDGE_LOOP('',(#796));
#3805=EDGE_LOOP('',(#797));
#3806=EDGE_LOOP('',(#798));
#3807=EDGE_LOOP('',(#799));
#3808=EDGE_LOOP('',(#800));
#3809=EDGE_LOOP('',(#801));
#3810=EDGE_LOOP('',(#802));
#3811=EDGE_LOOP('',(#803));
#3812=EDGE_LOOP('',(#804));
#3813=EDGE_LOOP('',(#805));
#3814=EDGE_LOOP('',(#806));
#3815=EDGE_LOOP('',(#807));
#3816=EDGE_LOOP('',(#808));
#3817=EDGE_LOOP('',(#809));
#3818=EDGE_LOOP('',(#810));
#3819=EDGE_LOOP('',(#811,#812,#813,#814));
#3820=EDGE_LOOP('',(#815,#816,#817,#818));
#3821=EDGE_LOOP('',(#819,#820,#821,#822,#823));
#3822=EDGE_LOOP('',(#824,#825,#826,#827));
#3823=EDGE_LOOP('',(#828,#829,#830,#831));
#3824=EDGE_LOOP('',(#832,#833,#834,#835));
#3825=EDGE_LOOP('',(#836,#837,#838,#839));
#3826=EDGE_LOOP('',(#840,#841,#842,#843));
#3827=EDGE_LOOP('',(#844,#845,#846,#847));
#3828=EDGE_LOOP('',(#848,#849,#850,#851));
#3829=EDGE_LOOP('',(#852,#853,#854,#855));
#3830=EDGE_LOOP('',(#856,#857,#858,#859));
#3831=EDGE_LOOP('',(#860));
#3832=EDGE_LOOP('',(#861));
#3833=EDGE_LOOP('',(#862));
#3834=EDGE_LOOP('',(#863));
#3835=EDGE_LOOP('',(#864));
#3836=EDGE_LOOP('',(#865));
#3837=EDGE_LOOP('',(#866));
#3838=EDGE_LOOP('',(#867));
#3839=EDGE_LOOP('',(#868));
#3840=EDGE_LOOP('',(#869));
#3841=EDGE_LOOP('',(#870));
#3842=EDGE_LOOP('',(#871));
#3843=EDGE_LOOP('',(#872));
#3844=EDGE_LOOP('',(#873));
#3845=EDGE_LOOP('',(#874));
#3846=EDGE_LOOP('',(#875));
#3847=EDGE_LOOP('',(#876));
#3848=EDGE_LOOP('',(#877));
#3849=EDGE_LOOP('',(#878));
#3850=EDGE_LOOP('',(#879));
#3851=EDGE_LOOP('',(#880));
#3852=EDGE_LOOP('',(#881));
#3853=EDGE_LOOP('',(#882));
#3854=EDGE_LOOP('',(#883));
#3855=EDGE_LOOP('',(#884));
#3856=EDGE_LOOP('',(#885));
#3857=EDGE_LOOP('',(#886));
#3858=EDGE_LOOP('',(#887));
#3859=EDGE_LOOP('',(#888));
#3860=EDGE_LOOP('',(#889));
#3861=EDGE_LOOP('',(#890));
#3862=EDGE_LOOP('',(#891));
#3863=EDGE_LOOP('',(#892));
#3864=EDGE_LOOP('',(#893));
#3865=EDGE_LOOP('',(#894));
#3866=EDGE_LOOP('',(#895));
#3867=EDGE_LOOP('',(#896));
#3868=EDGE_LOOP('',(#897));
#3869=EDGE_LOOP('',(#898));
#3870=EDGE_LOOP('',(#899));
#3871=EDGE_LOOP('',(#900));
#3872=EDGE_LOOP('',(#901));
#3873=EDGE_LOOP('',(#902));
#3874=EDGE_LOOP('',(#903));
#3875=EDGE_LOOP('',(#904));
#3876=EDGE_LOOP('',(#905));
#3877=EDGE_LOOP('',(#906));
#3878=EDGE_LOOP('',(#907));
#3879=EDGE_LOOP('',(#908));
#3880=EDGE_LOOP('',(#909));
#3881=EDGE_LOOP('',(#910));
#3882=EDGE_LOOP('',(#911));
#3883=EDGE_LOOP('',(#912));
#3884=EDGE_LOOP('',(#913));
#3885=EDGE_LOOP('',(#914));
#3886=EDGE_LOOP('',(#915));
#3887=EDGE_LOOP('',(#916));
#3888=EDGE_LOOP('',(#917));
#3889=EDGE_LOOP('',(#918));
#3890=EDGE_LOOP('',(#919));
#3891=EDGE_LOOP('',(#920));
#3892=EDGE_LOOP('',(#921));
#3893=EDGE_LOOP('',(#922));
#3894=EDGE_LOOP('',(#923));
#3895=EDGE_LOOP('',(#924));
#3896=EDGE_LOOP('',(#925));
#3897=EDGE_LOOP('',(#926));
#3898=EDGE_LOOP('',(#927));
#3899=EDGE_LOOP('',(#928));
#3900=EDGE_LOOP('',(#929));
#3901=EDGE_LOOP('',(#930));
#3902=EDGE_LOOP('',(#931));
#3903=EDGE_LOOP('',(#932));
#3904=EDGE_LOOP('',(#933));
#3905=EDGE_LOOP('',(#934));
#3906=EDGE_LOOP('',(#935));
#3907=EDGE_LOOP('',(#936));
#3908=EDGE_LOOP('',(#937));
#3909=EDGE_LOOP('',(#938));
#3910=EDGE_LOOP('',(#939));
#3911=EDGE_LOOP('',(#940));
#3912=EDGE_LOOP('',(#941));
#3913=EDGE_LOOP('',(#942));
#3914=EDGE_LOOP('',(#943));
#3915=EDGE_LOOP('',(#944));
#3916=EDGE_LOOP('',(#945));
#3917=EDGE_LOOP('',(#946));
#3918=EDGE_LOOP('',(#947));
#3919=EDGE_LOOP('',(#948));
#3920=EDGE_LOOP('',(#949));
#3921=EDGE_LOOP('',(#950,#951,#952,#953,#954));
#3922=EDGE_LOOP('',(#955));
#3923=EDGE_LOOP('',(#956));
#3924=EDGE_LOOP('',(#957));
#3925=EDGE_LOOP('',(#958));
#3926=EDGE_LOOP('',(#959));
#3927=EDGE_LOOP('',(#960));
#3928=EDGE_LOOP('',(#961));
#3929=EDGE_LOOP('',(#962));
#3930=EDGE_LOOP('',(#963));
#3931=EDGE_LOOP('',(#964));
#3932=EDGE_LOOP('',(#965));
#3933=EDGE_LOOP('',(#966));
#3934=EDGE_LOOP('',(#967));
#3935=EDGE_LOOP('',(#968));
#3936=EDGE_LOOP('',(#969));
#3937=EDGE_LOOP('',(#970));
#3938=EDGE_LOOP('',(#971));
#3939=EDGE_LOOP('',(#972));
#3940=EDGE_LOOP('',(#973));
#3941=EDGE_LOOP('',(#974));
#3942=EDGE_LOOP('',(#975));
#3943=EDGE_LOOP('',(#976));
#3944=EDGE_LOOP('',(#977));
#3945=EDGE_LOOP('',(#978));
#3946=EDGE_LOOP('',(#979));
#3947=EDGE_LOOP('',(#980));
#3948=EDGE_LOOP('',(#981));
#3949=EDGE_LOOP('',(#982));
#3950=EDGE_LOOP('',(#983));
#3951=EDGE_LOOP('',(#984));
#3952=EDGE_LOOP('',(#985));
#3953=EDGE_LOOP('',(#986));
#3954=EDGE_LOOP('',(#987,#988,#989,#990));
#3955=EDGE_LOOP('',(#991,#992,#993,#994));
#3956=EDGE_LOOP('',(#995,#996,#997,#998,#999));
#3957=EDGE_LOOP('',(#1000,#1001,#1002,#1003));
#3958=EDGE_LOOP('',(#1004,#1005,#1006,#1007));
#3959=EDGE_LOOP('',(#1008,#1009,#1010,#1011));
#3960=EDGE_LOOP('',(#1012,#1013,#1014,#1015));
#3961=EDGE_LOOP('',(#1016,#1017,#1018,#1019));
#3962=EDGE_LOOP('',(#1020,#1021,#1022,#1023));
#3963=EDGE_LOOP('',(#1024,#1025,#1026,#1027));
#3964=EDGE_LOOP('',(#1028,#1029,#1030,#1031));
#3965=EDGE_LOOP('',(#1032,#1033,#1034,#1035));
#3966=EDGE_LOOP('',(#1036));
#3967=EDGE_LOOP('',(#1037));
#3968=EDGE_LOOP('',(#1038));
#3969=EDGE_LOOP('',(#1039));
#3970=EDGE_LOOP('',(#1040));
#3971=EDGE_LOOP('',(#1041));
#3972=EDGE_LOOP('',(#1042));
#3973=EDGE_LOOP('',(#1043));
#3974=EDGE_LOOP('',(#1044));
#3975=EDGE_LOOP('',(#1045));
#3976=EDGE_LOOP('',(#1046));
#3977=EDGE_LOOP('',(#1047));
#3978=EDGE_LOOP('',(#1048));
#3979=EDGE_LOOP('',(#1049));
#3980=EDGE_LOOP('',(#1050));
#3981=EDGE_LOOP('',(#1051));
#3982=EDGE_LOOP('',(#1052));
#3983=EDGE_LOOP('',(#1053));
#3984=EDGE_LOOP('',(#1054));
#3985=EDGE_LOOP('',(#1055));
#3986=EDGE_LOOP('',(#1056));
#3987=EDGE_LOOP('',(#1057));
#3988=EDGE_LOOP('',(#1058));
#3989=EDGE_LOOP('',(#1059));
#3990=EDGE_LOOP('',(#1060));
#3991=EDGE_LOOP('',(#1061));
#3992=EDGE_LOOP('',(#1062));
#3993=EDGE_LOOP('',(#1063));
#3994=EDGE_LOOP('',(#1064));
#3995=EDGE_LOOP('',(#1065));
#3996=EDGE_LOOP('',(#1066));
#3997=EDGE_LOOP('',(#1067));
#3998=EDGE_LOOP('',(#1068));
#3999=EDGE_LOOP('',(#1069));
#4000=EDGE_LOOP('',(#1070));
#4001=EDGE_LOOP('',(#1071));
#4002=EDGE_LOOP('',(#1072));
#4003=EDGE_LOOP('',(#1073));
#4004=EDGE_LOOP('',(#1074));
#4005=EDGE_LOOP('',(#1075));
#4006=EDGE_LOOP('',(#1076));
#4007=EDGE_LOOP('',(#1077));
#4008=EDGE_LOOP('',(#1078));
#4009=EDGE_LOOP('',(#1079));
#4010=EDGE_LOOP('',(#1080));
#4011=EDGE_LOOP('',(#1081));
#4012=EDGE_LOOP('',(#1082));
#4013=EDGE_LOOP('',(#1083));
#4014=EDGE_LOOP('',(#1084));
#4015=EDGE_LOOP('',(#1085));
#4016=EDGE_LOOP('',(#1086));
#4017=EDGE_LOOP('',(#1087));
#4018=EDGE_LOOP('',(#1088));
#4019=EDGE_LOOP('',(#1089));
#4020=EDGE_LOOP('',(#1090));
#4021=EDGE_LOOP('',(#1091));
#4022=EDGE_LOOP('',(#1092));
#4023=EDGE_LOOP('',(#1093));
#4024=EDGE_LOOP('',(#1094));
#4025=EDGE_LOOP('',(#1095));
#4026=EDGE_LOOP('',(#1096));
#4027=EDGE_LOOP('',(#1097));
#4028=EDGE_LOOP('',(#1098));
#4029=EDGE_LOOP('',(#1099));
#4030=EDGE_LOOP('',(#1100));
#4031=EDGE_LOOP('',(#1101));
#4032=EDGE_LOOP('',(#1102));
#4033=EDGE_LOOP('',(#1103));
#4034=EDGE_LOOP('',(#1104));
#4035=EDGE_LOOP('',(#1105));
#4036=EDGE_LOOP('',(#1106));
#4037=EDGE_LOOP('',(#1107));
#4038=EDGE_LOOP('',(#1108));
#4039=EDGE_LOOP('',(#1109));
#4040=EDGE_LOOP('',(#1110));
#4041=EDGE_LOOP('',(#1111));
#4042=EDGE_LOOP('',(#1112));
#4043=EDGE_LOOP('',(#1113));
#4044=EDGE_LOOP('',(#1114));
#4045=EDGE_LOOP('',(#1115));
#4046=EDGE_LOOP('',(#1116));
#4047=EDGE_LOOP('',(#1117));
#4048=EDGE_LOOP('',(#1118));
#4049=EDGE_LOOP('',(#1119));
#4050=EDGE_LOOP('',(#1120));
#4051=EDGE_LOOP('',(#1121));
#4052=EDGE_LOOP('',(#1122));
#4053=EDGE_LOOP('',(#1123));
#4054=EDGE_LOOP('',(#1124));
#4055=EDGE_LOOP('',(#1125));
#4056=EDGE_LOOP('',(#1126));
#4057=EDGE_LOOP('',(#1127));
#4058=EDGE_LOOP('',(#1128));
#4059=EDGE_LOOP('',(#1129));
#4060=EDGE_LOOP('',(#1130));
#4061=EDGE_LOOP('',(#1131));
#4062=EDGE_LOOP('',(#1132,#1133,#1134,#1135));
#4063=EDGE_LOOP('',(#1136,#1137,#1138,#1139));
#4064=EDGE_LOOP('',(#1140,#1141,#1142,#1143));
#4065=EDGE_LOOP('',(#1144,#1145,#1146,#1147));
#4066=EDGE_LOOP('',(#1148,#1149,#1150,#1151));
#4067=EDGE_LOOP('',(#1152,#1153,#1154,#1155));
#4068=EDGE_LOOP('',(#1156,#1157,#1158,#1159));
#4069=EDGE_LOOP('',(#1160,#1161,#1162,#1163));
#4070=EDGE_LOOP('',(#1164,#1165,#1166,#1167));
#4071=EDGE_LOOP('',(#1168,#1169,#1170,#1171));
#4072=EDGE_LOOP('',(#1172,#1173,#1174,#1175));
#4073=EDGE_LOOP('',(#1176,#1177,#1178,#1179));
#4074=EDGE_LOOP('',(#1180,#1181,#1182,#1183));
#4075=EDGE_LOOP('',(#1184,#1185,#1186,#1187));
#4076=EDGE_LOOP('',(#1188,#1189,#1190,#1191));
#4077=EDGE_LOOP('',(#1192,#1193,#1194,#1195));
#4078=EDGE_LOOP('',(#1196,#1197,#1198,#1199));
#4079=EDGE_LOOP('',(#1200,#1201,#1202,#1203));
#4080=EDGE_LOOP('',(#1204,#1205,#1206,#1207));
#4081=EDGE_LOOP('',(#1208,#1209,#1210,#1211));
#4082=EDGE_LOOP('',(#1212,#1213,#1214,#1215));
#4083=EDGE_LOOP('',(#1216,#1217,#1218,#1219));
#4084=EDGE_LOOP('',(#1220,#1221,#1222,#1223));
#4085=EDGE_LOOP('',(#1224,#1225,#1226,#1227));
#4086=EDGE_LOOP('',(#1228,#1229,#1230,#1231));
#4087=EDGE_LOOP('',(#1232));
#4088=EDGE_LOOP('',(#1233));
#4089=EDGE_LOOP('',(#1234));
#4090=EDGE_LOOP('',(#1235));
#4091=EDGE_LOOP('',(#1236));
#4092=EDGE_LOOP('',(#1237));
#4093=EDGE_LOOP('',(#1238));
#4094=EDGE_LOOP('',(#1239));
#4095=EDGE_LOOP('',(#1240));
#4096=EDGE_LOOP('',(#1241));
#4097=EDGE_LOOP('',(#1242));
#4098=EDGE_LOOP('',(#1243));
#4099=EDGE_LOOP('',(#1244));
#4100=EDGE_LOOP('',(#1245));
#4101=EDGE_LOOP('',(#1246));
#4102=EDGE_LOOP('',(#1247));
#4103=EDGE_LOOP('',(#1248));
#4104=EDGE_LOOP('',(#1249));
#4105=EDGE_LOOP('',(#1250));
#4106=EDGE_LOOP('',(#1251));
#4107=EDGE_LOOP('',(#1252));
#4108=EDGE_LOOP('',(#1253));
#4109=EDGE_LOOP('',(#1254));
#4110=EDGE_LOOP('',(#1255));
#4111=EDGE_LOOP('',(#1256));
#4112=EDGE_LOOP('',(#1257));
#4113=EDGE_LOOP('',(#1258));
#4114=EDGE_LOOP('',(#1259));
#4115=EDGE_LOOP('',(#1260));
#4116=EDGE_LOOP('',(#1261));
#4117=EDGE_LOOP('',(#1262));
#4118=EDGE_LOOP('',(#1263));
#4119=EDGE_LOOP('',(#1264));
#4120=EDGE_LOOP('',(#1265));
#4121=EDGE_LOOP('',(#1266));
#4122=EDGE_LOOP('',(#1267));
#4123=EDGE_LOOP('',(#1268));
#4124=EDGE_LOOP('',(#1269));
#4125=EDGE_LOOP('',(#1270));
#4126=EDGE_LOOP('',(#1271));
#4127=EDGE_LOOP('',(#1272));
#4128=EDGE_LOOP('',(#1273));
#4129=EDGE_LOOP('',(#1274));
#4130=EDGE_LOOP('',(#1275));
#4131=EDGE_LOOP('',(#1276));
#4132=EDGE_LOOP('',(#1277));
#4133=EDGE_LOOP('',(#1278));
#4134=EDGE_LOOP('',(#1279));
#4135=EDGE_LOOP('',(#1280));
#4136=EDGE_LOOP('',(#1281));
#4137=EDGE_LOOP('',(#1282));
#4138=EDGE_LOOP('',(#1283));
#4139=EDGE_LOOP('',(#1284));
#4140=EDGE_LOOP('',(#1285));
#4141=EDGE_LOOP('',(#1286));
#4142=EDGE_LOOP('',(#1287));
#4143=EDGE_LOOP('',(#1288));
#4144=EDGE_LOOP('',(#1289));
#4145=EDGE_LOOP('',(#1290));
#4146=EDGE_LOOP('',(#1291));
#4147=EDGE_LOOP('',(#1292));
#4148=EDGE_LOOP('',(#1293));
#4149=EDGE_LOOP('',(#1294));
#4150=EDGE_LOOP('',(#1295));
#4151=EDGE_LOOP('',(#1296));
#4152=EDGE_LOOP('',(#1297));
#4153=EDGE_LOOP('',(#1298));
#4154=EDGE_LOOP('',(#1299));
#4155=EDGE_LOOP('',(#1300));
#4156=EDGE_LOOP('',(#1301));
#4157=EDGE_LOOP('',(#1302));
#4158=EDGE_LOOP('',(#1303));
#4159=EDGE_LOOP('',(#1304));
#4160=EDGE_LOOP('',(#1305));
#4161=EDGE_LOOP('',(#1306));
#4162=EDGE_LOOP('',(#1307));
#4163=EDGE_LOOP('',(#1308));
#4164=EDGE_LOOP('',(#1309));
#4165=EDGE_LOOP('',(#1310));
#4166=EDGE_LOOP('',(#1311));
#4167=EDGE_LOOP('',(#1312));
#4168=EDGE_LOOP('',(#1313));
#4169=EDGE_LOOP('',(#1314));
#4170=EDGE_LOOP('',(#1315));
#4171=EDGE_LOOP('',(#1316));
#4172=EDGE_LOOP('',(#1317));
#4173=EDGE_LOOP('',(#1318));
#4174=EDGE_LOOP('',(#1319));
#4175=EDGE_LOOP('',(#1320));
#4176=EDGE_LOOP('',(#1321));
#4177=EDGE_LOOP('',(#1322));
#4178=EDGE_LOOP('',(#1323));
#4179=EDGE_LOOP('',(#1324));
#4180=EDGE_LOOP('',(#1325));
#4181=EDGE_LOOP('',(#1326));
#4182=EDGE_LOOP('',(#1327));
#4183=EDGE_LOOP('',(#1328));
#4184=EDGE_LOOP('',(#1329));
#4185=EDGE_LOOP('',(#1330));
#4186=EDGE_LOOP('',(#1331));
#4187=EDGE_LOOP('',(#1332));
#4188=EDGE_LOOP('',(#1333));
#4189=EDGE_LOOP('',(#1334));
#4190=EDGE_LOOP('',(#1335));
#4191=EDGE_LOOP('',(#1336));
#4192=EDGE_LOOP('',(#1337));
#4193=EDGE_LOOP('',(#1338));
#4194=EDGE_LOOP('',(#1339));
#4195=EDGE_LOOP('',(#1340));
#4196=EDGE_LOOP('',(#1341));
#4197=EDGE_LOOP('',(#1342));
#4198=EDGE_LOOP('',(#1343));
#4199=EDGE_LOOP('',(#1344));
#4200=EDGE_LOOP('',(#1345));
#4201=EDGE_LOOP('',(#1346));
#4202=EDGE_LOOP('',(#1347));
#4203=EDGE_LOOP('',(#1348));
#4204=EDGE_LOOP('',(#1349));
#4205=EDGE_LOOP('',(#1350));
#4206=EDGE_LOOP('',(#1351));
#4207=EDGE_LOOP('',(#1352));
#4208=EDGE_LOOP('',(#1353));
#4209=EDGE_LOOP('',(#1354));
#4210=EDGE_LOOP('',(#1355));
#4211=EDGE_LOOP('',(#1356));
#4212=EDGE_LOOP('',(#1357));
#4213=EDGE_LOOP('',(#1358,#1359,#1360,#1361));
#4214=EDGE_LOOP('',(#1362,#1363,#1364,#1365));
#4215=EDGE_LOOP('',(#1366,#1367,#1368,#1369));
#4216=EDGE_LOOP('',(#1370,#1371,#1372,#1373));
#4217=EDGE_LOOP('',(#1374,#1375,#1376,#1377));
#4218=EDGE_LOOP('',(#1378,#1379,#1380,#1381));
#4219=EDGE_LOOP('',(#1382,#1383,#1384,#1385));
#4220=EDGE_LOOP('',(#1386,#1387,#1388,#1389));
#4221=EDGE_LOOP('',(#1390,#1391,#1392,#1393));
#4222=EDGE_LOOP('',(#1394));
#4223=EDGE_LOOP('',(#1395));
#4224=EDGE_LOOP('',(#1396));
#4225=EDGE_LOOP('',(#1397));
#4226=EDGE_LOOP('',(#1398));
#4227=EDGE_LOOP('',(#1399));
#4228=EDGE_LOOP('',(#1400));
#4229=EDGE_LOOP('',(#1401));
#4230=EDGE_LOOP('',(#1402));
#4231=EDGE_LOOP('',(#1403));
#4232=EDGE_LOOP('',(#1404));
#4233=EDGE_LOOP('',(#1405));
#4234=EDGE_LOOP('',(#1406));
#4235=EDGE_LOOP('',(#1407));
#4236=EDGE_LOOP('',(#1408));
#4237=EDGE_LOOP('',(#1409));
#4238=EDGE_LOOP('',(#1410));
#4239=EDGE_LOOP('',(#1411));
#4240=EDGE_LOOP('',(#1412));
#4241=EDGE_LOOP('',(#1413));
#4242=EDGE_LOOP('',(#1414));
#4243=EDGE_LOOP('',(#1415));
#4244=EDGE_LOOP('',(#1416));
#4245=EDGE_LOOP('',(#1417));
#4246=EDGE_LOOP('',(#1418));
#4247=EDGE_LOOP('',(#1419));
#4248=EDGE_LOOP('',(#1420));
#4249=EDGE_LOOP('',(#1421));
#4250=EDGE_LOOP('',(#1422));
#4251=EDGE_LOOP('',(#1423));
#4252=EDGE_LOOP('',(#1424));
#4253=EDGE_LOOP('',(#1425));
#4254=EDGE_LOOP('',(#1426));
#4255=EDGE_LOOP('',(#1427));
#4256=EDGE_LOOP('',(#1428));
#4257=EDGE_LOOP('',(#1429));
#4258=EDGE_LOOP('',(#1430));
#4259=EDGE_LOOP('',(#1431));
#4260=EDGE_LOOP('',(#1432));
#4261=EDGE_LOOP('',(#1433));
#4262=EDGE_LOOP('',(#1434));
#4263=EDGE_LOOP('',(#1435));
#4264=EDGE_LOOP('',(#1436));
#4265=EDGE_LOOP('',(#1437));
#4266=EDGE_LOOP('',(#1438));
#4267=EDGE_LOOP('',(#1439));
#4268=EDGE_LOOP('',(#1440));
#4269=EDGE_LOOP('',(#1441));
#4270=EDGE_LOOP('',(#1442));
#4271=EDGE_LOOP('',(#1443));
#4272=EDGE_LOOP('',(#1444));
#4273=EDGE_LOOP('',(#1445));
#4274=EDGE_LOOP('',(#1446));
#4275=EDGE_LOOP('',(#1447));
#4276=EDGE_LOOP('',(#1448));
#4277=EDGE_LOOP('',(#1449));
#4278=EDGE_LOOP('',(#1450));
#4279=EDGE_LOOP('',(#1451));
#4280=EDGE_LOOP('',(#1452));
#4281=EDGE_LOOP('',(#1453));
#4282=EDGE_LOOP('',(#1454));
#4283=EDGE_LOOP('',(#1455));
#4284=EDGE_LOOP('',(#1456));
#4285=EDGE_LOOP('',(#1457));
#4286=EDGE_LOOP('',(#1458));
#4287=EDGE_LOOP('',(#1459));
#4288=EDGE_LOOP('',(#1460));
#4289=EDGE_LOOP('',(#1461));
#4290=EDGE_LOOP('',(#1462));
#4291=EDGE_LOOP('',(#1463));
#4292=EDGE_LOOP('',(#1464));
#4293=EDGE_LOOP('',(#1465));
#4294=EDGE_LOOP('',(#1466));
#4295=EDGE_LOOP('',(#1467));
#4296=EDGE_LOOP('',(#1468));
#4297=EDGE_LOOP('',(#1469));
#4298=EDGE_LOOP('',(#1470));
#4299=EDGE_LOOP('',(#1471));
#4300=EDGE_LOOP('',(#1472));
#4301=EDGE_LOOP('',(#1473));
#4302=EDGE_LOOP('',(#1474));
#4303=EDGE_LOOP('',(#1475));
#4304=EDGE_LOOP('',(#1476));
#4305=EDGE_LOOP('',(#1477));
#4306=EDGE_LOOP('',(#1478));
#4307=EDGE_LOOP('',(#1479));
#4308=EDGE_LOOP('',(#1480));
#4309=EDGE_LOOP('',(#1481));
#4310=EDGE_LOOP('',(#1482));
#4311=EDGE_LOOP('',(#1483));
#4312=EDGE_LOOP('',(#1484));
#4313=EDGE_LOOP('',(#1485));
#4314=EDGE_LOOP('',(#1486));
#4315=EDGE_LOOP('',(#1487));
#4316=EDGE_LOOP('',(#1488));
#4317=EDGE_LOOP('',(#1489));
#4318=EDGE_LOOP('',(#1490));
#4319=EDGE_LOOP('',(#1491));
#4320=EDGE_LOOP('',(#1492));
#4321=EDGE_LOOP('',(#1493));
#4322=EDGE_LOOP('',(#1494));
#4323=EDGE_LOOP('',(#1495));
#4324=EDGE_LOOP('',(#1496));
#4325=EDGE_LOOP('',(#1497));
#4326=EDGE_LOOP('',(#1498));
#4327=EDGE_LOOP('',(#1499));
#4328=EDGE_LOOP('',(#1500));
#4329=EDGE_LOOP('',(#1501));
#4330=EDGE_LOOP('',(#1502));
#4331=EDGE_LOOP('',(#1503));
#4332=EDGE_LOOP('',(#1504));
#4333=EDGE_LOOP('',(#1505));
#4334=EDGE_LOOP('',(#1506));
#4335=EDGE_LOOP('',(#1507));
#4336=EDGE_LOOP('',(#1508));
#4337=EDGE_LOOP('',(#1509));
#4338=EDGE_LOOP('',(#1510));
#4339=EDGE_LOOP('',(#1511));
#4340=EDGE_LOOP('',(#1512));
#4341=EDGE_LOOP('',(#1513));
#4342=EDGE_LOOP('',(#1514));
#4343=EDGE_LOOP('',(#1515));
#4344=EDGE_LOOP('',(#1516));
#4345=EDGE_LOOP('',(#1517));
#4346=EDGE_LOOP('',(#1518));
#4347=EDGE_LOOP('',(#1519));
#4348=EDGE_LOOP('',(#1520));
#4349=EDGE_LOOP('',(#1521));
#4350=EDGE_LOOP('',(#1522));
#4351=EDGE_LOOP('',(#1523));
#4352=EDGE_LOOP('',(#1524));
#4353=EDGE_LOOP('',(#1525));
#4354=EDGE_LOOP('',(#1526));
#4355=EDGE_LOOP('',(#1527));
#4356=EDGE_LOOP('',(#1528));
#4357=EDGE_LOOP('',(#1529));
#4358=EDGE_LOOP('',(#1530));
#4359=EDGE_LOOP('',(#1531));
#4360=EDGE_LOOP('',(#1532));
#4361=EDGE_LOOP('',(#1533));
#4362=EDGE_LOOP('',(#1534));
#4363=EDGE_LOOP('',(#1535));
#4364=EDGE_LOOP('',(#1536));
#4365=EDGE_LOOP('',(#1537));
#4366=EDGE_LOOP('',(#1538));
#4367=EDGE_LOOP('',(#1539));
#4368=EDGE_LOOP('',(#1540));
#4369=EDGE_LOOP('',(#1541));
#4370=EDGE_LOOP('',(#1542));
#4371=EDGE_LOOP('',(#1543));
#4372=EDGE_LOOP('',(#1544));
#4373=EDGE_LOOP('',(#1545));
#4374=EDGE_LOOP('',(#1546));
#4375=EDGE_LOOP('',(#1547));
#4376=EDGE_LOOP('',(#1548));
#4377=EDGE_LOOP('',(#1549));
#4378=EDGE_LOOP('',(#1550));
#4379=EDGE_LOOP('',(#1551));
#4380=EDGE_LOOP('',(#1552));
#4381=EDGE_LOOP('',(#1553));
#4382=EDGE_LOOP('',(#1554));
#4383=EDGE_LOOP('',(#1555));
#4384=EDGE_LOOP('',(#1556));
#4385=EDGE_LOOP('',(#1557));
#4386=EDGE_LOOP('',(#1558));
#4387=EDGE_LOOP('',(#1559));
#4388=EDGE_LOOP('',(#1560));
#4389=EDGE_LOOP('',(#1561));
#4390=EDGE_LOOP('',(#1562));
#4391=EDGE_LOOP('',(#1563));
#4392=EDGE_LOOP('',(#1564));
#4393=EDGE_LOOP('',(#1565));
#4394=EDGE_LOOP('',(#1566));
#4395=EDGE_LOOP('',(#1567));
#4396=EDGE_LOOP('',(#1568));
#4397=EDGE_LOOP('',(#1569));
#4398=EDGE_LOOP('',(#1570));
#4399=EDGE_LOOP('',(#1571));
#4400=EDGE_LOOP('',(#1572));
#4401=EDGE_LOOP('',(#1573));
#4402=EDGE_LOOP('',(#1574));
#4403=EDGE_LOOP('',(#1575));
#4404=EDGE_LOOP('',(#1576));
#4405=EDGE_LOOP('',(#1577));
#4406=EDGE_LOOP('',(#1578));
#4407=EDGE_LOOP('',(#1579));
#4408=EDGE_LOOP('',(#1580));
#4409=EDGE_LOOP('',(#1581));
#4410=EDGE_LOOP('',(#1582));
#4411=EDGE_LOOP('',(#1583));
#4412=EDGE_LOOP('',(#1584));
#4413=EDGE_LOOP('',(#1585));
#4414=EDGE_LOOP('',(#1586));
#4415=EDGE_LOOP('',(#1587));
#4416=EDGE_LOOP('',(#1588));
#4417=EDGE_LOOP('',(#1589));
#4418=EDGE_LOOP('',(#1590));
#4419=EDGE_LOOP('',(#1591));
#4420=EDGE_LOOP('',(#1592));
#4421=EDGE_LOOP('',(#1593));
#4422=EDGE_LOOP('',(#1594));
#4423=EDGE_LOOP('',(#1595));
#4424=EDGE_LOOP('',(#1596));
#4425=EDGE_LOOP('',(#1597));
#4426=EDGE_LOOP('',(#1598));
#4427=EDGE_LOOP('',(#1599));
#4428=EDGE_LOOP('',(#1600));
#4429=EDGE_LOOP('',(#1601));
#4430=EDGE_LOOP('',(#1602));
#4431=EDGE_LOOP('',(#1603));
#4432=EDGE_LOOP('',(#1604));
#4433=EDGE_LOOP('',(#1605));
#4434=EDGE_LOOP('',(#1606));
#4435=EDGE_LOOP('',(#1607));
#4436=EDGE_LOOP('',(#1608));
#4437=EDGE_LOOP('',(#1609));
#4438=EDGE_LOOP('',(#1610));
#4439=EDGE_LOOP('',(#1611));
#4440=EDGE_LOOP('',(#1612));
#4441=EDGE_LOOP('',(#1613));
#4442=EDGE_LOOP('',(#1614));
#4443=EDGE_LOOP('',(#1615));
#4444=EDGE_LOOP('',(#1616));
#4445=EDGE_LOOP('',(#1617));
#4446=EDGE_LOOP('',(#1618));
#4447=EDGE_LOOP('',(#1619));
#4448=EDGE_LOOP('',(#1620));
#4449=EDGE_LOOP('',(#1621));
#4450=EDGE_LOOP('',(#1622));
#4451=EDGE_LOOP('',(#1623));
#4452=EDGE_LOOP('',(#1624));
#4453=EDGE_LOOP('',(#1625));
#4454=EDGE_LOOP('',(#1626));
#4455=EDGE_LOOP('',(#1627));
#4456=EDGE_LOOP('',(#1628));
#4457=EDGE_LOOP('',(#1629));
#4458=EDGE_LOOP('',(#1630));
#4459=EDGE_LOOP('',(#1631));
#4460=EDGE_LOOP('',(#1632));
#4461=EDGE_LOOP('',(#1633));
#4462=EDGE_LOOP('',(#1634));
#4463=EDGE_LOOP('',(#1635));
#4464=EDGE_LOOP('',(#1636));
#4465=EDGE_LOOP('',(#1637));
#4466=EDGE_LOOP('',(#1638));
#4467=EDGE_LOOP('',(#1639));
#4468=EDGE_LOOP('',(#1640));
#4469=EDGE_LOOP('',(#1641));
#4470=EDGE_LOOP('',(#1642));
#4471=EDGE_LOOP('',(#1643));
#4472=EDGE_LOOP('',(#1644));
#4473=EDGE_LOOP('',(#1645));
#4474=EDGE_LOOP('',(#1646));
#4475=EDGE_LOOP('',(#1647));
#4476=EDGE_LOOP('',(#1648));
#4477=EDGE_LOOP('',(#1649));
#4478=EDGE_LOOP('',(#1650));
#4479=EDGE_LOOP('',(#1651));
#4480=EDGE_LOOP('',(#1652));
#4481=EDGE_LOOP('',(#1653));
#4482=EDGE_LOOP('',(#1654));
#4483=EDGE_LOOP('',(#1655));
#4484=EDGE_LOOP('',(#1656));
#4485=EDGE_LOOP('',(#1657));
#4486=EDGE_LOOP('',(#1658));
#4487=EDGE_LOOP('',(#1659));
#4488=EDGE_LOOP('',(#1660));
#4489=EDGE_LOOP('',(#1661));
#4490=EDGE_LOOP('',(#1662));
#4491=EDGE_LOOP('',(#1663));
#4492=EDGE_LOOP('',(#1664));
#4493=EDGE_LOOP('',(#1665));
#4494=EDGE_LOOP('',(#1666));
#4495=EDGE_LOOP('',(#1667));
#4496=EDGE_LOOP('',(#1668));
#4497=EDGE_LOOP('',(#1669));
#4498=EDGE_LOOP('',(#1670));
#4499=EDGE_LOOP('',(#1671));
#4500=EDGE_LOOP('',(#1672));
#4501=EDGE_LOOP('',(#1673));
#4502=EDGE_LOOP('',(#1674));
#4503=EDGE_LOOP('',(#1675));
#4504=EDGE_LOOP('',(#1676));
#4505=EDGE_LOOP('',(#1677));
#4506=EDGE_LOOP('',(#1678));
#4507=EDGE_LOOP('',(#1679));
#4508=EDGE_LOOP('',(#1680));
#4509=EDGE_LOOP('',(#1681));
#4510=EDGE_LOOP('',(#1682));
#4511=EDGE_LOOP('',(#1683));
#4512=EDGE_LOOP('',(#1684));
#4513=EDGE_LOOP('',(#1685));
#4514=EDGE_LOOP('',(#1686));
#4515=EDGE_LOOP('',(#1687));
#4516=EDGE_LOOP('',(#1688));
#4517=EDGE_LOOP('',(#1689));
#4518=EDGE_LOOP('',(#1690));
#4519=EDGE_LOOP('',(#1691));
#4520=EDGE_LOOP('',(#1692));
#4521=EDGE_LOOP('',(#1693));
#4522=EDGE_LOOP('',(#1694));
#4523=EDGE_LOOP('',(#1695));
#4524=EDGE_LOOP('',(#1696));
#4525=EDGE_LOOP('',(#1697));
#4526=EDGE_LOOP('',(#1698));
#4527=EDGE_LOOP('',(#1699));
#4528=EDGE_LOOP('',(#1700));
#4529=EDGE_LOOP('',(#1701));
#4530=EDGE_LOOP('',(#1702));
#4531=EDGE_LOOP('',(#1703));
#4532=EDGE_LOOP('',(#1704));
#4533=EDGE_LOOP('',(#1705));
#4534=EDGE_LOOP('',(#1706));
#4535=EDGE_LOOP('',(#1707));
#4536=EDGE_LOOP('',(#1708));
#4537=EDGE_LOOP('',(#1709));
#4538=EDGE_LOOP('',(#1710));
#4539=EDGE_LOOP('',(#1711));
#4540=EDGE_LOOP('',(#1712));
#4541=EDGE_LOOP('',(#1713));
#4542=EDGE_LOOP('',(#1714));
#4543=EDGE_LOOP('',(#1715));
#4544=EDGE_LOOP('',(#1716));
#4545=EDGE_LOOP('',(#1717));
#4546=EDGE_LOOP('',(#1718));
#4547=EDGE_LOOP('',(#1719));
#4548=EDGE_LOOP('',(#1720));
#4549=EDGE_LOOP('',(#1721));
#4550=EDGE_LOOP('',(#1722));
#4551=EDGE_LOOP('',(#1723));
#4552=EDGE_LOOP('',(#1724));
#4553=EDGE_LOOP('',(#1725));
#4554=EDGE_LOOP('',(#1726));
#4555=EDGE_LOOP('',(#1727));
#4556=EDGE_LOOP('',(#1728));
#4557=EDGE_LOOP('',(#1729));
#4558=EDGE_LOOP('',(#1730));
#4559=EDGE_LOOP('',(#1731));
#4560=EDGE_LOOP('',(#1732));
#4561=EDGE_LOOP('',(#1733));
#4562=EDGE_LOOP('',(#1734));
#4563=EDGE_LOOP('',(#1735));
#4564=EDGE_LOOP('',(#1736));
#4565=EDGE_LOOP('',(#1737));
#4566=EDGE_LOOP('',(#1738));
#4567=EDGE_LOOP('',(#1739));
#4568=EDGE_LOOP('',(#1740));
#4569=EDGE_LOOP('',(#1741));
#4570=EDGE_LOOP('',(#1742));
#4571=EDGE_LOOP('',(#1743));
#4572=EDGE_LOOP('',(#1744));
#4573=EDGE_LOOP('',(#1745));
#4574=EDGE_LOOP('',(#1746));
#4575=EDGE_LOOP('',(#1747));
#4576=EDGE_LOOP('',(#1748));
#4577=EDGE_LOOP('',(#1749));
#4578=EDGE_LOOP('',(#1750));
#4579=EDGE_LOOP('',(#1751));
#4580=EDGE_LOOP('',(#1752));
#4581=EDGE_LOOP('',(#1753));
#4582=EDGE_LOOP('',(#1754));
#4583=EDGE_LOOP('',(#1755));
#4584=EDGE_LOOP('',(#1756));
#4585=EDGE_LOOP('',(#1757));
#4586=EDGE_LOOP('',(#1758));
#4587=EDGE_LOOP('',(#1759));
#4588=EDGE_LOOP('',(#1760));
#4589=EDGE_LOOP('',(#1761));
#4590=EDGE_LOOP('',(#1762));
#4591=EDGE_LOOP('',(#1763));
#4592=EDGE_LOOP('',(#1764));
#4593=EDGE_LOOP('',(#1765));
#4594=EDGE_LOOP('',(#1766));
#4595=EDGE_LOOP('',(#1767));
#4596=EDGE_LOOP('',(#1768));
#4597=EDGE_LOOP('',(#1769));
#4598=EDGE_LOOP('',(#1770));
#4599=EDGE_LOOP('',(#1771));
#4600=EDGE_LOOP('',(#1772,#1773,#1774,#1775,#1776));
#4601=EDGE_LOOP('',(#1777));
#4602=EDGE_LOOP('',(#1778));
#4603=EDGE_LOOP('',(#1779));
#4604=EDGE_LOOP('',(#1780));
#4605=EDGE_LOOP('',(#1781));
#4606=EDGE_LOOP('',(#1782));
#4607=EDGE_LOOP('',(#1783));
#4608=EDGE_LOOP('',(#1784));
#4609=EDGE_LOOP('',(#1785));
#4610=EDGE_LOOP('',(#1786));
#4611=EDGE_LOOP('',(#1787));
#4612=EDGE_LOOP('',(#1788));
#4613=EDGE_LOOP('',(#1789));
#4614=EDGE_LOOP('',(#1790));
#4615=EDGE_LOOP('',(#1791));
#4616=EDGE_LOOP('',(#1792));
#4617=EDGE_LOOP('',(#1793));
#4618=EDGE_LOOP('',(#1794));
#4619=EDGE_LOOP('',(#1795));
#4620=EDGE_LOOP('',(#1796));
#4621=EDGE_LOOP('',(#1797));
#4622=EDGE_LOOP('',(#1798));
#4623=EDGE_LOOP('',(#1799));
#4624=EDGE_LOOP('',(#1800));
#4625=EDGE_LOOP('',(#1801));
#4626=EDGE_LOOP('',(#1802));
#4627=EDGE_LOOP('',(#1803));
#4628=EDGE_LOOP('',(#1804));
#4629=EDGE_LOOP('',(#1805));
#4630=EDGE_LOOP('',(#1806));
#4631=EDGE_LOOP('',(#1807));
#4632=EDGE_LOOP('',(#1808));
#4633=EDGE_LOOP('',(#1809,#1810,#1811,#1812));
#4634=EDGE_LOOP('',(#1813,#1814,#1815,#1816));
#4635=EDGE_LOOP('',(#1817,#1818,#1819,#1820,#1821));
#4636=EDGE_LOOP('',(#1822,#1823,#1824,#1825));
#4637=EDGE_LOOP('',(#1826,#1827,#1828,#1829));
#4638=EDGE_LOOP('',(#1830,#1831,#1832,#1833));
#4639=EDGE_LOOP('',(#1834,#1835,#1836,#1837));
#4640=EDGE_LOOP('',(#1838,#1839,#1840,#1841));
#4641=EDGE_LOOP('',(#1842,#1843,#1844,#1845));
#4642=EDGE_LOOP('',(#1846,#1847,#1848,#1849));
#4643=EDGE_LOOP('',(#1850,#1851,#1852,#1853));
#4644=EDGE_LOOP('',(#1854,#1855,#1856,#1857));
#4645=EDGE_LOOP('',(#1858));
#4646=EDGE_LOOP('',(#1859));
#4647=EDGE_LOOP('',(#1860));
#4648=EDGE_LOOP('',(#1861));
#4649=EDGE_LOOP('',(#1862));
#4650=EDGE_LOOP('',(#1863));
#4651=EDGE_LOOP('',(#1864));
#4652=EDGE_LOOP('',(#1865));
#4653=EDGE_LOOP('',(#1866));
#4654=EDGE_LOOP('',(#1867));
#4655=EDGE_LOOP('',(#1868));
#4656=EDGE_LOOP('',(#1869));
#4657=EDGE_LOOP('',(#1870));
#4658=EDGE_LOOP('',(#1871));
#4659=EDGE_LOOP('',(#1872));
#4660=EDGE_LOOP('',(#1873));
#4661=EDGE_LOOP('',(#1874));
#4662=EDGE_LOOP('',(#1875));
#4663=EDGE_LOOP('',(#1876));
#4664=EDGE_LOOP('',(#1877));
#4665=EDGE_LOOP('',(#1878));
#4666=EDGE_LOOP('',(#1879));
#4667=EDGE_LOOP('',(#1880));
#4668=EDGE_LOOP('',(#1881));
#4669=EDGE_LOOP('',(#1882));
#4670=EDGE_LOOP('',(#1883));
#4671=EDGE_LOOP('',(#1884));
#4672=EDGE_LOOP('',(#1885));
#4673=EDGE_LOOP('',(#1886));
#4674=EDGE_LOOP('',(#1887));
#4675=EDGE_LOOP('',(#1888));
#4676=EDGE_LOOP('',(#1889));
#4677=EDGE_LOOP('',(#1890));
#4678=EDGE_LOOP('',(#1891));
#4679=EDGE_LOOP('',(#1892));
#4680=EDGE_LOOP('',(#1893));
#4681=EDGE_LOOP('',(#1894));
#4682=EDGE_LOOP('',(#1895));
#4683=EDGE_LOOP('',(#1896));
#4684=EDGE_LOOP('',(#1897));
#4685=EDGE_LOOP('',(#1898));
#4686=EDGE_LOOP('',(#1899));
#4687=EDGE_LOOP('',(#1900));
#4688=EDGE_LOOP('',(#1901));
#4689=EDGE_LOOP('',(#1902));
#4690=EDGE_LOOP('',(#1903));
#4691=EDGE_LOOP('',(#1904));
#4692=EDGE_LOOP('',(#1905));
#4693=EDGE_LOOP('',(#1906));
#4694=EDGE_LOOP('',(#1907));
#4695=EDGE_LOOP('',(#1908));
#4696=EDGE_LOOP('',(#1909));
#4697=EDGE_LOOP('',(#1910));
#4698=EDGE_LOOP('',(#1911));
#4699=EDGE_LOOP('',(#1912));
#4700=EDGE_LOOP('',(#1913));
#4701=EDGE_LOOP('',(#1914));
#4702=EDGE_LOOP('',(#1915));
#4703=EDGE_LOOP('',(#1916));
#4704=EDGE_LOOP('',(#1917));
#4705=EDGE_LOOP('',(#1918));
#4706=EDGE_LOOP('',(#1919));
#4707=EDGE_LOOP('',(#1920));
#4708=EDGE_LOOP('',(#1921));
#4709=EDGE_LOOP('',(#1922));
#4710=EDGE_LOOP('',(#1923));
#4711=EDGE_LOOP('',(#1924));
#4712=EDGE_LOOP('',(#1925));
#4713=EDGE_LOOP('',(#1926));
#4714=EDGE_LOOP('',(#1927));
#4715=EDGE_LOOP('',(#1928));
#4716=EDGE_LOOP('',(#1929));
#4717=EDGE_LOOP('',(#1930));
#4718=EDGE_LOOP('',(#1931));
#4719=EDGE_LOOP('',(#1932));
#4720=EDGE_LOOP('',(#1933));
#4721=EDGE_LOOP('',(#1934));
#4722=EDGE_LOOP('',(#1935));
#4723=EDGE_LOOP('',(#1936));
#4724=EDGE_LOOP('',(#1937));
#4725=EDGE_LOOP('',(#1938));
#4726=EDGE_LOOP('',(#1939));
#4727=EDGE_LOOP('',(#1940));
#4728=EDGE_LOOP('',(#1941));
#4729=EDGE_LOOP('',(#1942));
#4730=EDGE_LOOP('',(#1943));
#4731=EDGE_LOOP('',(#1944));
#4732=EDGE_LOOP('',(#1945));
#4733=EDGE_LOOP('',(#1946));
#4734=EDGE_LOOP('',(#1947));
#4735=EDGE_LOOP('',(#1948));
#4736=EDGE_LOOP('',(#1949));
#4737=EDGE_LOOP('',(#1950));
#4738=EDGE_LOOP('',(#1951));
#4739=EDGE_LOOP('',(#1952));
#4740=EDGE_LOOP('',(#1953));
#4741=EDGE_LOOP('',(#1954,#1955,#1956,#1957,#1958));
#4742=EDGE_LOOP('',(#1959));
#4743=EDGE_LOOP('',(#1960));
#4744=EDGE_LOOP('',(#1961));
#4745=EDGE_LOOP('',(#1962));
#4746=EDGE_LOOP('',(#1963));
#4747=EDGE_LOOP('',(#1964));
#4748=EDGE_LOOP('',(#1965));
#4749=EDGE_LOOP('',(#1966));
#4750=EDGE_LOOP('',(#1967));
#4751=EDGE_LOOP('',(#1968));
#4752=EDGE_LOOP('',(#1969));
#4753=EDGE_LOOP('',(#1970));
#4754=EDGE_LOOP('',(#1971));
#4755=EDGE_LOOP('',(#1972));
#4756=EDGE_LOOP('',(#1973));
#4757=EDGE_LOOP('',(#1974));
#4758=EDGE_LOOP('',(#1975));
#4759=EDGE_LOOP('',(#1976));
#4760=EDGE_LOOP('',(#1977));
#4761=EDGE_LOOP('',(#1978));
#4762=EDGE_LOOP('',(#1979));
#4763=EDGE_LOOP('',(#1980));
#4764=EDGE_LOOP('',(#1981));
#4765=EDGE_LOOP('',(#1982));
#4766=EDGE_LOOP('',(#1983));
#4767=EDGE_LOOP('',(#1984));
#4768=EDGE_LOOP('',(#1985));
#4769=EDGE_LOOP('',(#1986));
#4770=EDGE_LOOP('',(#1987));
#4771=EDGE_LOOP('',(#1988));
#4772=EDGE_LOOP('',(#1989));
#4773=EDGE_LOOP('',(#1990));
#4774=EDGE_LOOP('',(#1991,#1992,#1993,#1994));
#4775=EDGE_LOOP('',(#1995,#1996,#1997,#1998));
#4776=EDGE_LOOP('',(#1999,#2000,#2001,#2002,#2003));
#4777=EDGE_LOOP('',(#2004,#2005,#2006,#2007));
#4778=EDGE_LOOP('',(#2008,#2009,#2010,#2011));
#4779=EDGE_LOOP('',(#2012,#2013,#2014,#2015));
#4780=EDGE_LOOP('',(#2016,#2017,#2018,#2019));
#4781=EDGE_LOOP('',(#2020,#2021,#2022,#2023));
#4782=EDGE_LOOP('',(#2024,#2025,#2026,#2027));
#4783=EDGE_LOOP('',(#2028,#2029,#2030,#2031));
#4784=EDGE_LOOP('',(#2032,#2033,#2034,#2035));
#4785=EDGE_LOOP('',(#2036,#2037,#2038,#2039));
#4786=EDGE_LOOP('',(#2040));
#4787=EDGE_LOOP('',(#2041));
#4788=EDGE_LOOP('',(#2042));
#4789=EDGE_LOOP('',(#2043));
#4790=EDGE_LOOP('',(#2044));
#4791=EDGE_LOOP('',(#2045));
#4792=EDGE_LOOP('',(#2046));
#4793=EDGE_LOOP('',(#2047));
#4794=EDGE_LOOP('',(#2048));
#4795=EDGE_LOOP('',(#2049));
#4796=EDGE_LOOP('',(#2050));
#4797=EDGE_LOOP('',(#2051));
#4798=EDGE_LOOP('',(#2052));
#4799=EDGE_LOOP('',(#2053));
#4800=EDGE_LOOP('',(#2054));
#4801=EDGE_LOOP('',(#2055));
#4802=EDGE_LOOP('',(#2056));
#4803=EDGE_LOOP('',(#2057));
#4804=EDGE_LOOP('',(#2058));
#4805=EDGE_LOOP('',(#2059));
#4806=EDGE_LOOP('',(#2060));
#4807=EDGE_LOOP('',(#2061));
#4808=EDGE_LOOP('',(#2062));
#4809=EDGE_LOOP('',(#2063));
#4810=EDGE_LOOP('',(#2064));
#4811=EDGE_LOOP('',(#2065));
#4812=EDGE_LOOP('',(#2066));
#4813=EDGE_LOOP('',(#2067));
#4814=EDGE_LOOP('',(#2068));
#4815=EDGE_LOOP('',(#2069));
#4816=EDGE_LOOP('',(#2070));
#4817=EDGE_LOOP('',(#2071));
#4818=EDGE_LOOP('',(#2072));
#4819=EDGE_LOOP('',(#2073));
#4820=EDGE_LOOP('',(#2074));
#4821=EDGE_LOOP('',(#2075));
#4822=EDGE_LOOP('',(#2076));
#4823=EDGE_LOOP('',(#2077));
#4824=EDGE_LOOP('',(#2078));
#4825=EDGE_LOOP('',(#2079));
#4826=EDGE_LOOP('',(#2080));
#4827=EDGE_LOOP('',(#2081));
#4828=EDGE_LOOP('',(#2082));
#4829=EDGE_LOOP('',(#2083));
#4830=EDGE_LOOP('',(#2084));
#4831=EDGE_LOOP('',(#2085));
#4832=EDGE_LOOP('',(#2086));
#4833=EDGE_LOOP('',(#2087));
#4834=EDGE_LOOP('',(#2088));
#4835=EDGE_LOOP('',(#2089));
#4836=EDGE_LOOP('',(#2090));
#4837=EDGE_LOOP('',(#2091));
#4838=EDGE_LOOP('',(#2092));
#4839=EDGE_LOOP('',(#2093));
#4840=EDGE_LOOP('',(#2094));
#4841=EDGE_LOOP('',(#2095));
#4842=EDGE_LOOP('',(#2096));
#4843=EDGE_LOOP('',(#2097));
#4844=EDGE_LOOP('',(#2098));
#4845=EDGE_LOOP('',(#2099));
#4846=EDGE_LOOP('',(#2100));
#4847=EDGE_LOOP('',(#2101));
#4848=EDGE_LOOP('',(#2102));
#4849=EDGE_LOOP('',(#2103));
#4850=EDGE_LOOP('',(#2104));
#4851=EDGE_LOOP('',(#2105));
#4852=EDGE_LOOP('',(#2106));
#4853=EDGE_LOOP('',(#2107));
#4854=EDGE_LOOP('',(#2108));
#4855=EDGE_LOOP('',(#2109));
#4856=EDGE_LOOP('',(#2110));
#4857=EDGE_LOOP('',(#2111));
#4858=EDGE_LOOP('',(#2112));
#4859=EDGE_LOOP('',(#2113));
#4860=EDGE_LOOP('',(#2114));
#4861=EDGE_LOOP('',(#2115));
#4862=EDGE_LOOP('',(#2116));
#4863=EDGE_LOOP('',(#2117));
#4864=EDGE_LOOP('',(#2118));
#4865=EDGE_LOOP('',(#2119));
#4866=EDGE_LOOP('',(#2120));
#4867=EDGE_LOOP('',(#2121));
#4868=EDGE_LOOP('',(#2122));
#4869=EDGE_LOOP('',(#2123));
#4870=EDGE_LOOP('',(#2124));
#4871=EDGE_LOOP('',(#2125));
#4872=EDGE_LOOP('',(#2126));
#4873=EDGE_LOOP('',(#2127));
#4874=EDGE_LOOP('',(#2128));
#4875=EDGE_LOOP('',(#2129));
#4876=EDGE_LOOP('',(#2130));
#4877=EDGE_LOOP('',(#2131));
#4878=EDGE_LOOP('',(#2132));
#4879=EDGE_LOOP('',(#2133));
#4880=EDGE_LOOP('',(#2134));
#4881=EDGE_LOOP('',(#2135));
#4882=FACE_BOUND('',#3788,.T.);
#4883=FACE_BOUND('',#3789,.T.);
#4884=FACE_BOUND('',#3790,.T.);
#4885=FACE_BOUND('',#3791,.T.);
#4886=FACE_BOUND('',#3792,.T.);
#4887=FACE_BOUND('',#3793,.T.);
#4888=FACE_BOUND('',#3794,.T.);
#4889=FACE_BOUND('',#3795,.T.);
#4890=FACE_BOUND('',#3796,.T.);
#4891=FACE_BOUND('',#3797,.T.);
#4892=FACE_BOUND('',#3798,.T.);
#4893=FACE_BOUND('',#3799,.T.);
#4894=FACE_BOUND('',#3800,.T.);
#4895=FACE_BOUND('',#3801,.T.);
#4896=FACE_BOUND('',#3802,.T.);
#4897=FACE_BOUND('',#3803,.T.);
#4898=FACE_BOUND('',#3804,.T.);
#4899=FACE_BOUND('',#3805,.T.);
#4900=FACE_BOUND('',#3806,.T.);
#4901=FACE_BOUND('',#3807,.T.);
#4902=FACE_BOUND('',#3808,.T.);
#4903=FACE_BOUND('',#3809,.T.);
#4904=FACE_BOUND('',#3810,.T.);
#4905=FACE_BOUND('',#3811,.T.);
#4906=FACE_BOUND('',#3812,.T.);
#4907=FACE_BOUND('',#3813,.T.);
#4908=FACE_BOUND('',#3814,.T.);
#4909=FACE_BOUND('',#3815,.T.);
#4910=FACE_BOUND('',#3816,.T.);
#4911=FACE_BOUND('',#3817,.T.);
#4912=FACE_BOUND('',#3818,.T.);
#4913=FACE_BOUND('',#3819,.T.);
#4914=FACE_BOUND('',#3820,.T.);
#4915=FACE_BOUND('',#3821,.T.);
#4916=FACE_BOUND('',#3822,.T.);
#4917=FACE_BOUND('',#3823,.T.);
#4918=FACE_BOUND('',#3824,.T.);
#4919=FACE_BOUND('',#3825,.T.);
#4920=FACE_BOUND('',#3826,.T.);
#4921=FACE_BOUND('',#3827,.T.);
#4922=FACE_BOUND('',#3828,.T.);
#4923=FACE_BOUND('',#3829,.T.);
#4924=FACE_BOUND('',#3830,.T.);
#4925=FACE_BOUND('',#3831,.T.);
#4926=FACE_BOUND('',#3832,.T.);
#4927=FACE_BOUND('',#3833,.T.);
#4928=FACE_BOUND('',#3834,.T.);
#4929=FACE_BOUND('',#3835,.T.);
#4930=FACE_BOUND('',#3836,.T.);
#4931=FACE_BOUND('',#3837,.T.);
#4932=FACE_BOUND('',#3838,.T.);
#4933=FACE_BOUND('',#3839,.T.);
#4934=FACE_BOUND('',#3840,.T.);
#4935=FACE_BOUND('',#3841,.T.);
#4936=FACE_BOUND('',#3842,.T.);
#4937=FACE_BOUND('',#3843,.T.);
#4938=FACE_BOUND('',#3844,.T.);
#4939=FACE_BOUND('',#3845,.T.);
#4940=FACE_BOUND('',#3846,.T.);
#4941=FACE_BOUND('',#3847,.T.);
#4942=FACE_BOUND('',#3848,.T.);
#4943=FACE_BOUND('',#3849,.T.);
#4944=FACE_BOUND('',#3850,.T.);
#4945=FACE_BOUND('',#3851,.T.);
#4946=FACE_BOUND('',#3852,.T.);
#4947=FACE_BOUND('',#3853,.T.);
#4948=FACE_BOUND('',#3854,.T.);
#4949=FACE_BOUND('',#3855,.T.);
#4950=FACE_BOUND('',#3856,.T.);
#4951=FACE_BOUND('',#3857,.T.);
#4952=FACE_BOUND('',#3858,.T.);
#4953=FACE_BOUND('',#3859,.T.);
#4954=FACE_BOUND('',#3860,.T.);
#4955=FACE_BOUND('',#3861,.T.);
#4956=FACE_BOUND('',#3862,.T.);
#4957=FACE_BOUND('',#3863,.T.);
#4958=FACE_BOUND('',#3864,.T.);
#4959=FACE_BOUND('',#3865,.T.);
#4960=FACE_BOUND('',#3866,.T.);
#4961=FACE_BOUND('',#3867,.T.);
#4962=FACE_BOUND('',#3868,.T.);
#4963=FACE_BOUND('',#3869,.T.);
#4964=FACE_BOUND('',#3870,.T.);
#4965=FACE_BOUND('',#3871,.T.);
#4966=FACE_BOUND('',#3872,.T.);
#4967=FACE_BOUND('',#3873,.T.);
#4968=FACE_BOUND('',#3874,.T.);
#4969=FACE_BOUND('',#3875,.T.);
#4970=FACE_BOUND('',#3876,.T.);
#4971=FACE_BOUND('',#3877,.T.);
#4972=FACE_BOUND('',#3878,.T.);
#4973=FACE_BOUND('',#3879,.T.);
#4974=FACE_BOUND('',#3880,.T.);
#4975=FACE_BOUND('',#3881,.T.);
#4976=FACE_BOUND('',#3882,.T.);
#4977=FACE_BOUND('',#3883,.T.);
#4978=FACE_BOUND('',#3884,.T.);
#4979=FACE_BOUND('',#3885,.T.);
#4980=FACE_BOUND('',#3886,.T.);
#4981=FACE_BOUND('',#3887,.T.);
#4982=FACE_BOUND('',#3888,.T.);
#4983=FACE_BOUND('',#3889,.T.);
#4984=FACE_BOUND('',#3890,.T.);
#4985=FACE_BOUND('',#3891,.T.);
#4986=FACE_BOUND('',#3892,.T.);
#4987=FACE_BOUND('',#3893,.T.);
#4988=FACE_BOUND('',#3894,.T.);
#4989=FACE_BOUND('',#3895,.T.);
#4990=FACE_BOUND('',#3896,.T.);
#4991=FACE_BOUND('',#3897,.T.);
#4992=FACE_BOUND('',#3898,.T.);
#4993=FACE_BOUND('',#3899,.T.);
#4994=FACE_BOUND('',#3900,.T.);
#4995=FACE_BOUND('',#3901,.T.);
#4996=FACE_BOUND('',#3902,.T.);
#4997=FACE_BOUND('',#3903,.T.);
#4998=FACE_BOUND('',#3904,.T.);
#4999=FACE_BOUND('',#3905,.T.);
#5000=FACE_BOUND('',#3906,.T.);
#5001=FACE_BOUND('',#3907,.T.);
#5002=FACE_BOUND('',#3908,.T.);
#5003=FACE_BOUND('',#3909,.T.);
#5004=FACE_BOUND('',#3910,.T.);
#5005=FACE_BOUND('',#3911,.T.);
#5006=FACE_BOUND('',#3912,.T.);
#5007=FACE_BOUND('',#3913,.T.);
#5008=FACE_BOUND('',#3914,.T.);
#5009=FACE_BOUND('',#3915,.T.);
#5010=FACE_BOUND('',#3916,.T.);
#5011=FACE_BOUND('',#3917,.T.);
#5012=FACE_BOUND('',#3918,.T.);
#5013=FACE_BOUND('',#3919,.T.);
#5014=FACE_BOUND('',#3920,.T.);
#5015=FACE_BOUND('',#3921,.T.);
#5016=FACE_BOUND('',#3922,.T.);
#5017=FACE_BOUND('',#3923,.T.);
#5018=FACE_BOUND('',#3924,.T.);
#5019=FACE_BOUND('',#3925,.T.);
#5020=FACE_BOUND('',#3926,.T.);
#5021=FACE_BOUND('',#3927,.T.);
#5022=FACE_BOUND('',#3928,.T.);
#5023=FACE_BOUND('',#3929,.T.);
#5024=FACE_BOUND('',#3930,.T.);
#5025=FACE_BOUND('',#3931,.T.);
#5026=FACE_BOUND('',#3932,.T.);
#5027=FACE_BOUND('',#3933,.T.);
#5028=FACE_BOUND('',#3934,.T.);
#5029=FACE_BOUND('',#3935,.T.);
#5030=FACE_BOUND('',#3936,.T.);
#5031=FACE_BOUND('',#3937,.T.);
#5032=FACE_BOUND('',#3938,.T.);
#5033=FACE_BOUND('',#3939,.T.);
#5034=FACE_BOUND('',#3940,.T.);
#5035=FACE_BOUND('',#3941,.T.);
#5036=FACE_BOUND('',#3942,.T.);
#5037=FACE_BOUND('',#3943,.T.);
#5038=FACE_BOUND('',#3944,.T.);
#5039=FACE_BOUND('',#3945,.T.);
#5040=FACE_BOUND('',#3946,.T.);
#5041=FACE_BOUND('',#3947,.T.);
#5042=FACE_BOUND('',#3948,.T.);
#5043=FACE_BOUND('',#3949,.T.);
#5044=FACE_BOUND('',#3950,.T.);
#5045=FACE_BOUND('',#3951,.T.);
#5046=FACE_BOUND('',#3952,.T.);
#5047=FACE_BOUND('',#3953,.T.);
#5048=FACE_BOUND('',#3954,.T.);
#5049=FACE_BOUND('',#3955,.T.);
#5050=FACE_BOUND('',#3956,.T.);
#5051=FACE_BOUND('',#3957,.T.);
#5052=FACE_BOUND('',#3958,.T.);
#5053=FACE_BOUND('',#3959,.T.);
#5054=FACE_BOUND('',#3960,.T.);
#5055=FACE_BOUND('',#3961,.T.);
#5056=FACE_BOUND('',#3962,.T.);
#5057=FACE_BOUND('',#3963,.T.);
#5058=FACE_BOUND('',#3964,.T.);
#5059=FACE_BOUND('',#3965,.T.);
#5060=FACE_BOUND('',#3966,.T.);
#5061=FACE_BOUND('',#3967,.T.);
#5062=FACE_BOUND('',#3968,.T.);
#5063=FACE_BOUND('',#3969,.T.);
#5064=FACE_BOUND('',#3970,.T.);
#5065=FACE_BOUND('',#3971,.T.);
#5066=FACE_BOUND('',#3972,.T.);
#5067=FACE_BOUND('',#3973,.T.);
#5068=FACE_BOUND('',#3974,.T.);
#5069=FACE_BOUND('',#3975,.T.);
#5070=FACE_BOUND('',#3976,.T.);
#5071=FACE_BOUND('',#3977,.T.);
#5072=FACE_BOUND('',#3978,.T.);
#5073=FACE_BOUND('',#3979,.T.);
#5074=FACE_BOUND('',#3980,.T.);
#5075=FACE_BOUND('',#3981,.T.);
#5076=FACE_BOUND('',#3982,.T.);
#5077=FACE_BOUND('',#3983,.T.);
#5078=FACE_BOUND('',#3984,.T.);
#5079=FACE_BOUND('',#3985,.T.);
#5080=FACE_BOUND('',#3986,.T.);
#5081=FACE_BOUND('',#3987,.T.);
#5082=FACE_BOUND('',#3988,.T.);
#5083=FACE_BOUND('',#3989,.T.);
#5084=FACE_BOUND('',#3990,.T.);
#5085=FACE_BOUND('',#3991,.T.);
#5086=FACE_BOUND('',#3992,.T.);
#5087=FACE_BOUND('',#3993,.T.);
#5088=FACE_BOUND('',#3994,.T.);
#5089=FACE_BOUND('',#3995,.T.);
#5090=FACE_BOUND('',#3996,.T.);
#5091=FACE_BOUND('',#3997,.T.);
#5092=FACE_BOUND('',#3998,.T.);
#5093=FACE_BOUND('',#3999,.T.);
#5094=FACE_BOUND('',#4000,.T.);
#5095=FACE_BOUND('',#4001,.T.);
#5096=FACE_BOUND('',#4002,.T.);
#5097=FACE_BOUND('',#4003,.T.);
#5098=FACE_BOUND('',#4004,.T.);
#5099=FACE_BOUND('',#4005,.T.);
#5100=FACE_BOUND('',#4006,.T.);
#5101=FACE_BOUND('',#4007,.T.);
#5102=FACE_BOUND('',#4008,.T.);
#5103=FACE_BOUND('',#4009,.T.);
#5104=FACE_BOUND('',#4010,.T.);
#5105=FACE_BOUND('',#4011,.T.);
#5106=FACE_BOUND('',#4012,.T.);
#5107=FACE_BOUND('',#4013,.T.);
#5108=FACE_BOUND('',#4014,.T.);
#5109=FACE_BOUND('',#4015,.T.);
#5110=FACE_BOUND('',#4016,.T.);
#5111=FACE_BOUND('',#4017,.T.);
#5112=FACE_BOUND('',#4018,.T.);
#5113=FACE_BOUND('',#4019,.T.);
#5114=FACE_BOUND('',#4020,.T.);
#5115=FACE_BOUND('',#4021,.T.);
#5116=FACE_BOUND('',#4022,.T.);
#5117=FACE_BOUND('',#4023,.T.);
#5118=FACE_BOUND('',#4024,.T.);
#5119=FACE_BOUND('',#4025,.T.);
#5120=FACE_BOUND('',#4026,.T.);
#5121=FACE_BOUND('',#4027,.T.);
#5122=FACE_BOUND('',#4028,.T.);
#5123=FACE_BOUND('',#4029,.T.);
#5124=FACE_BOUND('',#4030,.T.);
#5125=FACE_BOUND('',#4031,.T.);
#5126=FACE_BOUND('',#4032,.T.);
#5127=FACE_BOUND('',#4033,.T.);
#5128=FACE_BOUND('',#4034,.T.);
#5129=FACE_BOUND('',#4035,.T.);
#5130=FACE_BOUND('',#4036,.T.);
#5131=FACE_BOUND('',#4037,.T.);
#5132=FACE_BOUND('',#4038,.T.);
#5133=FACE_BOUND('',#4039,.T.);
#5134=FACE_BOUND('',#4040,.T.);
#5135=FACE_BOUND('',#4041,.T.);
#5136=FACE_BOUND('',#4042,.T.);
#5137=FACE_BOUND('',#4043,.T.);
#5138=FACE_BOUND('',#4044,.T.);
#5139=FACE_BOUND('',#4045,.T.);
#5140=FACE_BOUND('',#4046,.T.);
#5141=FACE_BOUND('',#4047,.T.);
#5142=FACE_BOUND('',#4048,.T.);
#5143=FACE_BOUND('',#4049,.T.);
#5144=FACE_BOUND('',#4050,.T.);
#5145=FACE_BOUND('',#4051,.T.);
#5146=FACE_BOUND('',#4052,.T.);
#5147=FACE_BOUND('',#4053,.T.);
#5148=FACE_BOUND('',#4054,.T.);
#5149=FACE_BOUND('',#4055,.T.);
#5150=FACE_BOUND('',#4056,.T.);
#5151=FACE_BOUND('',#4057,.T.);
#5152=FACE_BOUND('',#4058,.T.);
#5153=FACE_BOUND('',#4059,.T.);
#5154=FACE_BOUND('',#4060,.T.);
#5155=FACE_BOUND('',#4061,.T.);
#5156=FACE_BOUND('',#4062,.T.);
#5157=FACE_BOUND('',#4063,.T.);
#5158=FACE_BOUND('',#4064,.T.);
#5159=FACE_BOUND('',#4065,.T.);
#5160=FACE_BOUND('',#4066,.T.);
#5161=FACE_BOUND('',#4067,.T.);
#5162=FACE_BOUND('',#4068,.T.);
#5163=FACE_BOUND('',#4069,.T.);
#5164=FACE_BOUND('',#4070,.T.);
#5165=FACE_BOUND('',#4071,.T.);
#5166=FACE_BOUND('',#4072,.T.);
#5167=FACE_BOUND('',#4073,.T.);
#5168=FACE_BOUND('',#4074,.T.);
#5169=FACE_BOUND('',#4075,.T.);
#5170=FACE_BOUND('',#4076,.T.);
#5171=FACE_BOUND('',#4077,.T.);
#5172=FACE_BOUND('',#4078,.T.);
#5173=FACE_BOUND('',#4079,.T.);
#5174=FACE_BOUND('',#4080,.T.);
#5175=FACE_BOUND('',#4081,.T.);
#5176=FACE_BOUND('',#4082,.T.);
#5177=FACE_BOUND('',#4083,.T.);
#5178=FACE_BOUND('',#4084,.T.);
#5179=FACE_BOUND('',#4085,.T.);
#5180=FACE_BOUND('',#4086,.T.);
#5181=FACE_BOUND('',#4087,.T.);
#5182=FACE_BOUND('',#4088,.T.);
#5183=FACE_BOUND('',#4089,.T.);
#5184=FACE_BOUND('',#4090,.T.);
#5185=FACE_BOUND('',#4091,.T.);
#5186=FACE_BOUND('',#4092,.T.);
#5187=FACE_BOUND('',#4093,.T.);
#5188=FACE_BOUND('',#4094,.T.);
#5189=FACE_BOUND('',#4095,.T.);
#5190=FACE_BOUND('',#4096,.T.);
#5191=FACE_BOUND('',#4097,.T.);
#5192=FACE_BOUND('',#4098,.T.);
#5193=FACE_BOUND('',#4099,.T.);
#5194=FACE_BOUND('',#4100,.T.);
#5195=FACE_BOUND('',#4101,.T.);
#5196=FACE_BOUND('',#4102,.T.);
#5197=FACE_BOUND('',#4103,.T.);
#5198=FACE_BOUND('',#4104,.T.);
#5199=FACE_BOUND('',#4105,.T.);
#5200=FACE_BOUND('',#4106,.T.);
#5201=FACE_BOUND('',#4107,.T.);
#5202=FACE_BOUND('',#4108,.T.);
#5203=FACE_BOUND('',#4109,.T.);
#5204=FACE_BOUND('',#4110,.T.);
#5205=FACE_BOUND('',#4111,.T.);
#5206=FACE_BOUND('',#4112,.T.);
#5207=FACE_BOUND('',#4113,.T.);
#5208=FACE_BOUND('',#4114,.T.);
#5209=FACE_BOUND('',#4115,.T.);
#5210=FACE_BOUND('',#4116,.T.);
#5211=FACE_BOUND('',#4117,.T.);
#5212=FACE_BOUND('',#4118,.T.);
#5213=FACE_BOUND('',#4119,.T.);
#5214=FACE_BOUND('',#4120,.T.);
#5215=FACE_BOUND('',#4121,.T.);
#5216=FACE_BOUND('',#4122,.T.);
#5217=FACE_BOUND('',#4123,.T.);
#5218=FACE_BOUND('',#4124,.T.);
#5219=FACE_BOUND('',#4125,.T.);
#5220=FACE_BOUND('',#4126,.T.);
#5221=FACE_BOUND('',#4127,.T.);
#5222=FACE_BOUND('',#4128,.T.);
#5223=FACE_BOUND('',#4129,.T.);
#5224=FACE_BOUND('',#4130,.T.);
#5225=FACE_BOUND('',#4131,.T.);
#5226=FACE_BOUND('',#4132,.T.);
#5227=FACE_BOUND('',#4133,.T.);
#5228=FACE_BOUND('',#4134,.T.);
#5229=FACE_BOUND('',#4135,.T.);
#5230=FACE_BOUND('',#4136,.T.);
#5231=FACE_BOUND('',#4137,.T.);
#5232=FACE_BOUND('',#4138,.T.);
#5233=FACE_BOUND('',#4139,.T.);
#5234=FACE_BOUND('',#4140,.T.);
#5235=FACE_BOUND('',#4141,.T.);
#5236=FACE_BOUND('',#4142,.T.);
#5237=FACE_BOUND('',#4143,.T.);
#5238=FACE_BOUND('',#4144,.T.);
#5239=FACE_BOUND('',#4145,.T.);
#5240=FACE_BOUND('',#4146,.T.);
#5241=FACE_BOUND('',#4147,.T.);
#5242=FACE_BOUND('',#4148,.T.);
#5243=FACE_BOUND('',#4149,.T.);
#5244=FACE_BOUND('',#4150,.T.);
#5245=FACE_BOUND('',#4151,.T.);
#5246=FACE_BOUND('',#4152,.T.);
#5247=FACE_BOUND('',#4153,.T.);
#5248=FACE_BOUND('',#4154,.T.);
#5249=FACE_BOUND('',#4155,.T.);
#5250=FACE_BOUND('',#4156,.T.);
#5251=FACE_BOUND('',#4157,.T.);
#5252=FACE_BOUND('',#4158,.T.);
#5253=FACE_BOUND('',#4159,.T.);
#5254=FACE_BOUND('',#4160,.T.);
#5255=FACE_BOUND('',#4161,.T.);
#5256=FACE_BOUND('',#4162,.T.);
#5257=FACE_BOUND('',#4163,.T.);
#5258=FACE_BOUND('',#4164,.T.);
#5259=FACE_BOUND('',#4165,.T.);
#5260=FACE_BOUND('',#4166,.T.);
#5261=FACE_BOUND('',#4167,.T.);
#5262=FACE_BOUND('',#4168,.T.);
#5263=FACE_BOUND('',#4169,.T.);
#5264=FACE_BOUND('',#4170,.T.);
#5265=FACE_BOUND('',#4171,.T.);
#5266=FACE_BOUND('',#4172,.T.);
#5267=FACE_BOUND('',#4173,.T.);
#5268=FACE_BOUND('',#4174,.T.);
#5269=FACE_BOUND('',#4175,.T.);
#5270=FACE_BOUND('',#4176,.T.);
#5271=FACE_BOUND('',#4177,.T.);
#5272=FACE_BOUND('',#4178,.T.);
#5273=FACE_BOUND('',#4179,.T.);
#5274=FACE_BOUND('',#4180,.T.);
#5275=FACE_BOUND('',#4181,.T.);
#5276=FACE_BOUND('',#4182,.T.);
#5277=FACE_BOUND('',#4183,.T.);
#5278=FACE_BOUND('',#4184,.T.);
#5279=FACE_BOUND('',#4185,.T.);
#5280=FACE_BOUND('',#4186,.T.);
#5281=FACE_BOUND('',#4187,.T.);
#5282=FACE_BOUND('',#4188,.T.);
#5283=FACE_BOUND('',#4189,.T.);
#5284=FACE_BOUND('',#4190,.T.);
#5285=FACE_BOUND('',#4191,.T.);
#5286=FACE_BOUND('',#4192,.T.);
#5287=FACE_BOUND('',#4193,.T.);
#5288=FACE_BOUND('',#4194,.T.);
#5289=FACE_BOUND('',#4195,.T.);
#5290=FACE_BOUND('',#4196,.T.);
#5291=FACE_BOUND('',#4197,.T.);
#5292=FACE_BOUND('',#4198,.T.);
#5293=FACE_BOUND('',#4199,.T.);
#5294=FACE_BOUND('',#4200,.T.);
#5295=FACE_BOUND('',#4201,.T.);
#5296=FACE_BOUND('',#4202,.T.);
#5297=FACE_BOUND('',#4203,.T.);
#5298=FACE_BOUND('',#4204,.T.);
#5299=FACE_BOUND('',#4205,.T.);
#5300=FACE_BOUND('',#4206,.T.);
#5301=FACE_BOUND('',#4207,.T.);
#5302=FACE_BOUND('',#4208,.T.);
#5303=FACE_BOUND('',#4209,.T.);
#5304=FACE_BOUND('',#4210,.T.);
#5305=FACE_BOUND('',#4211,.T.);
#5306=FACE_BOUND('',#4212,.T.);
#5307=FACE_BOUND('',#4213,.T.);
#5308=FACE_BOUND('',#4214,.T.);
#5309=FACE_BOUND('',#4215,.T.);
#5310=FACE_BOUND('',#4216,.T.);
#5311=FACE_BOUND('',#4217,.T.);
#5312=FACE_BOUND('',#4218,.T.);
#5313=FACE_BOUND('',#4219,.T.);
#5314=FACE_BOUND('',#4220,.T.);
#5315=FACE_BOUND('',#4221,.T.);
#5316=FACE_BOUND('',#4222,.T.);
#5317=FACE_BOUND('',#4223,.T.);
#5318=FACE_BOUND('',#4224,.T.);
#5319=FACE_BOUND('',#4225,.T.);
#5320=FACE_BOUND('',#4226,.T.);
#5321=FACE_BOUND('',#4227,.T.);
#5322=FACE_BOUND('',#4228,.T.);
#5323=FACE_BOUND('',#4229,.T.);
#5324=FACE_BOUND('',#4230,.T.);
#5325=FACE_BOUND('',#4231,.T.);
#5326=FACE_BOUND('',#4232,.T.);
#5327=FACE_BOUND('',#4233,.T.);
#5328=FACE_BOUND('',#4234,.T.);
#5329=FACE_BOUND('',#4235,.T.);
#5330=FACE_BOUND('',#4236,.T.);
#5331=FACE_BOUND('',#4237,.T.);
#5332=FACE_BOUND('',#4238,.T.);
#5333=FACE_BOUND('',#4239,.T.);
#5334=FACE_BOUND('',#4240,.T.);
#5335=FACE_BOUND('',#4241,.T.);
#5336=FACE_BOUND('',#4242,.T.);
#5337=FACE_BOUND('',#4243,.T.);
#5338=FACE_BOUND('',#4244,.T.);
#5339=FACE_BOUND('',#4245,.T.);
#5340=FACE_BOUND('',#4246,.T.);
#5341=FACE_BOUND('',#4247,.T.);
#5342=FACE_BOUND('',#4248,.T.);
#5343=FACE_BOUND('',#4249,.T.);
#5344=FACE_BOUND('',#4250,.T.);
#5345=FACE_BOUND('',#4251,.T.);
#5346=FACE_BOUND('',#4252,.T.);
#5347=FACE_BOUND('',#4253,.T.);
#5348=FACE_BOUND('',#4254,.T.);
#5349=FACE_BOUND('',#4255,.T.);
#5350=FACE_BOUND('',#4256,.T.);
#5351=FACE_BOUND('',#4257,.T.);
#5352=FACE_BOUND('',#4258,.T.);
#5353=FACE_BOUND('',#4259,.T.);
#5354=FACE_BOUND('',#4260,.T.);
#5355=FACE_BOUND('',#4261,.T.);
#5356=FACE_BOUND('',#4262,.T.);
#5357=FACE_BOUND('',#4263,.T.);
#5358=FACE_BOUND('',#4264,.T.);
#5359=FACE_BOUND('',#4265,.T.);
#5360=FACE_BOUND('',#4266,.T.);
#5361=FACE_BOUND('',#4267,.T.);
#5362=FACE_BOUND('',#4268,.T.);
#5363=FACE_BOUND('',#4269,.T.);
#5364=FACE_BOUND('',#4270,.T.);
#5365=FACE_BOUND('',#4271,.T.);
#5366=FACE_BOUND('',#4272,.T.);
#5367=FACE_BOUND('',#4273,.T.);
#5368=FACE_BOUND('',#4274,.T.);
#5369=FACE_BOUND('',#4275,.T.);
#5370=FACE_BOUND('',#4276,.T.);
#5371=FACE_BOUND('',#4277,.T.);
#5372=FACE_BOUND('',#4278,.T.);
#5373=FACE_BOUND('',#4279,.T.);
#5374=FACE_BOUND('',#4280,.T.);
#5375=FACE_BOUND('',#4281,.T.);
#5376=FACE_BOUND('',#4282,.T.);
#5377=FACE_BOUND('',#4283,.T.);
#5378=FACE_BOUND('',#4284,.T.);
#5379=FACE_BOUND('',#4285,.T.);
#5380=FACE_BOUND('',#4286,.T.);
#5381=FACE_BOUND('',#4287,.T.);
#5382=FACE_BOUND('',#4288,.T.);
#5383=FACE_BOUND('',#4289,.T.);
#5384=FACE_BOUND('',#4290,.T.);
#5385=FACE_BOUND('',#4291,.T.);
#5386=FACE_BOUND('',#4292,.T.);
#5387=FACE_BOUND('',#4293,.T.);
#5388=FACE_BOUND('',#4294,.T.);
#5389=FACE_BOUND('',#4295,.T.);
#5390=FACE_BOUND('',#4296,.T.);
#5391=FACE_BOUND('',#4297,.T.);
#5392=FACE_BOUND('',#4298,.T.);
#5393=FACE_BOUND('',#4299,.T.);
#5394=FACE_BOUND('',#4300,.T.);
#5395=FACE_BOUND('',#4301,.T.);
#5396=FACE_BOUND('',#4302,.T.);
#5397=FACE_BOUND('',#4303,.T.);
#5398=FACE_BOUND('',#4304,.T.);
#5399=FACE_BOUND('',#4305,.T.);
#5400=FACE_BOUND('',#4306,.T.);
#5401=FACE_BOUND('',#4307,.T.);
#5402=FACE_BOUND('',#4308,.T.);
#5403=FACE_BOUND('',#4309,.T.);
#5404=FACE_BOUND('',#4310,.T.);
#5405=FACE_BOUND('',#4311,.T.);
#5406=FACE_BOUND('',#4312,.T.);
#5407=FACE_BOUND('',#4313,.T.);
#5408=FACE_BOUND('',#4314,.T.);
#5409=FACE_BOUND('',#4315,.T.);
#5410=FACE_BOUND('',#4316,.T.);
#5411=FACE_BOUND('',#4317,.T.);
#5412=FACE_BOUND('',#4318,.T.);
#5413=FACE_BOUND('',#4319,.T.);
#5414=FACE_BOUND('',#4320,.T.);
#5415=FACE_BOUND('',#4321,.T.);
#5416=FACE_BOUND('',#4322,.T.);
#5417=FACE_BOUND('',#4323,.T.);
#5418=FACE_BOUND('',#4324,.T.);
#5419=FACE_BOUND('',#4325,.T.);
#5420=FACE_BOUND('',#4326,.T.);
#5421=FACE_BOUND('',#4327,.T.);
#5422=FACE_BOUND('',#4328,.T.);
#5423=FACE_BOUND('',#4329,.T.);
#5424=FACE_BOUND('',#4330,.T.);
#5425=FACE_BOUND('',#4331,.T.);
#5426=FACE_BOUND('',#4332,.T.);
#5427=FACE_BOUND('',#4333,.T.);
#5428=FACE_BOUND('',#4334,.T.);
#5429=FACE_BOUND('',#4335,.T.);
#5430=FACE_BOUND('',#4336,.T.);
#5431=FACE_BOUND('',#4337,.T.);
#5432=FACE_BOUND('',#4338,.T.);
#5433=FACE_BOUND('',#4339,.T.);
#5434=FACE_BOUND('',#4340,.T.);
#5435=FACE_BOUND('',#4341,.T.);
#5436=FACE_BOUND('',#4342,.T.);
#5437=FACE_BOUND('',#4343,.T.);
#5438=FACE_BOUND('',#4344,.T.);
#5439=FACE_BOUND('',#4345,.T.);
#5440=FACE_BOUND('',#4346,.T.);
#5441=FACE_BOUND('',#4347,.T.);
#5442=FACE_BOUND('',#4348,.T.);
#5443=FACE_BOUND('',#4349,.T.);
#5444=FACE_BOUND('',#4350,.T.);
#5445=FACE_BOUND('',#4351,.T.);
#5446=FACE_BOUND('',#4352,.T.);
#5447=FACE_BOUND('',#4353,.T.);
#5448=FACE_BOUND('',#4354,.T.);
#5449=FACE_BOUND('',#4355,.T.);
#5450=FACE_BOUND('',#4356,.T.);
#5451=FACE_BOUND('',#4357,.T.);
#5452=FACE_BOUND('',#4358,.T.);
#5453=FACE_BOUND('',#4359,.T.);
#5454=FACE_BOUND('',#4360,.T.);
#5455=FACE_BOUND('',#4361,.T.);
#5456=FACE_BOUND('',#4362,.T.);
#5457=FACE_BOUND('',#4363,.T.);
#5458=FACE_BOUND('',#4364,.T.);
#5459=FACE_BOUND('',#4365,.T.);
#5460=FACE_BOUND('',#4366,.T.);
#5461=FACE_BOUND('',#4367,.T.);
#5462=FACE_BOUND('',#4368,.T.);
#5463=FACE_BOUND('',#4369,.T.);
#5464=FACE_BOUND('',#4370,.T.);
#5465=FACE_BOUND('',#4371,.T.);
#5466=FACE_BOUND('',#4372,.T.);
#5467=FACE_BOUND('',#4373,.T.);
#5468=FACE_BOUND('',#4374,.T.);
#5469=FACE_BOUND('',#4375,.T.);
#5470=FACE_BOUND('',#4376,.T.);
#5471=FACE_BOUND('',#4377,.T.);
#5472=FACE_BOUND('',#4378,.T.);
#5473=FACE_BOUND('',#4379,.T.);
#5474=FACE_BOUND('',#4380,.T.);
#5475=FACE_BOUND('',#4381,.T.);
#5476=FACE_BOUND('',#4382,.T.);
#5477=FACE_BOUND('',#4383,.T.);
#5478=FACE_BOUND('',#4384,.T.);
#5479=FACE_BOUND('',#4385,.T.);
#5480=FACE_BOUND('',#4386,.T.);
#5481=FACE_BOUND('',#4387,.T.);
#5482=FACE_BOUND('',#4388,.T.);
#5483=FACE_BOUND('',#4389,.T.);
#5484=FACE_BOUND('',#4390,.T.);
#5485=FACE_BOUND('',#4391,.T.);
#5486=FACE_BOUND('',#4392,.T.);
#5487=FACE_BOUND('',#4393,.T.);
#5488=FACE_BOUND('',#4394,.T.);
#5489=FACE_BOUND('',#4395,.T.);
#5490=FACE_BOUND('',#4396,.T.);
#5491=FACE_BOUND('',#4397,.T.);
#5492=FACE_BOUND('',#4398,.T.);
#5493=FACE_BOUND('',#4399,.T.);
#5494=FACE_BOUND('',#4400,.T.);
#5495=FACE_BOUND('',#4401,.T.);
#5496=FACE_BOUND('',#4402,.T.);
#5497=FACE_BOUND('',#4403,.T.);
#5498=FACE_BOUND('',#4404,.T.);
#5499=FACE_BOUND('',#4405,.T.);
#5500=FACE_BOUND('',#4406,.T.);
#5501=FACE_BOUND('',#4407,.T.);
#5502=FACE_BOUND('',#4408,.T.);
#5503=FACE_BOUND('',#4409,.T.);
#5504=FACE_BOUND('',#4410,.T.);
#5505=FACE_BOUND('',#4411,.T.);
#5506=FACE_BOUND('',#4412,.T.);
#5507=FACE_BOUND('',#4413,.T.);
#5508=FACE_BOUND('',#4414,.T.);
#5509=FACE_BOUND('',#4415,.T.);
#5510=FACE_BOUND('',#4416,.T.);
#5511=FACE_BOUND('',#4417,.T.);
#5512=FACE_BOUND('',#4418,.T.);
#5513=FACE_BOUND('',#4419,.T.);
#5514=FACE_BOUND('',#4420,.T.);
#5515=FACE_BOUND('',#4421,.T.);
#5516=FACE_BOUND('',#4422,.T.);
#5517=FACE_BOUND('',#4423,.T.);
#5518=FACE_BOUND('',#4424,.T.);
#5519=FACE_BOUND('',#4425,.T.);
#5520=FACE_BOUND('',#4426,.T.);
#5521=FACE_BOUND('',#4427,.T.);
#5522=FACE_BOUND('',#4428,.T.);
#5523=FACE_BOUND('',#4429,.T.);
#5524=FACE_BOUND('',#4430,.T.);
#5525=FACE_BOUND('',#4431,.T.);
#5526=FACE_BOUND('',#4432,.T.);
#5527=FACE_BOUND('',#4433,.T.);
#5528=FACE_BOUND('',#4434,.T.);
#5529=FACE_BOUND('',#4435,.T.);
#5530=FACE_BOUND('',#4436,.T.);
#5531=FACE_BOUND('',#4437,.T.);
#5532=FACE_BOUND('',#4438,.T.);
#5533=FACE_BOUND('',#4439,.T.);
#5534=FACE_BOUND('',#4440,.T.);
#5535=FACE_BOUND('',#4441,.T.);
#5536=FACE_BOUND('',#4442,.T.);
#5537=FACE_BOUND('',#4443,.T.);
#5538=FACE_BOUND('',#4444,.T.);
#5539=FACE_BOUND('',#4445,.T.);
#5540=FACE_BOUND('',#4446,.T.);
#5541=FACE_BOUND('',#4447,.T.);
#5542=FACE_BOUND('',#4448,.T.);
#5543=FACE_BOUND('',#4449,.T.);
#5544=FACE_BOUND('',#4450,.T.);
#5545=FACE_BOUND('',#4451,.T.);
#5546=FACE_BOUND('',#4452,.T.);
#5547=FACE_BOUND('',#4453,.T.);
#5548=FACE_BOUND('',#4454,.T.);
#5549=FACE_BOUND('',#4455,.T.);
#5550=FACE_BOUND('',#4456,.T.);
#5551=FACE_BOUND('',#4457,.T.);
#5552=FACE_BOUND('',#4458,.T.);
#5553=FACE_BOUND('',#4459,.T.);
#5554=FACE_BOUND('',#4460,.T.);
#5555=FACE_BOUND('',#4461,.T.);
#5556=FACE_BOUND('',#4462,.T.);
#5557=FACE_BOUND('',#4463,.T.);
#5558=FACE_BOUND('',#4464,.T.);
#5559=FACE_BOUND('',#4465,.T.);
#5560=FACE_BOUND('',#4466,.T.);
#5561=FACE_BOUND('',#4467,.T.);
#5562=FACE_BOUND('',#4468,.T.);
#5563=FACE_BOUND('',#4469,.T.);
#5564=FACE_BOUND('',#4470,.T.);
#5565=FACE_BOUND('',#4471,.T.);
#5566=FACE_BOUND('',#4472,.T.);
#5567=FACE_BOUND('',#4473,.T.);
#5568=FACE_BOUND('',#4474,.T.);
#5569=FACE_BOUND('',#4475,.T.);
#5570=FACE_BOUND('',#4476,.T.);
#5571=FACE_BOUND('',#4477,.T.);
#5572=FACE_BOUND('',#4478,.T.);
#5573=FACE_BOUND('',#4479,.T.);
#5574=FACE_BOUND('',#4480,.T.);
#5575=FACE_BOUND('',#4481,.T.);
#5576=FACE_BOUND('',#4482,.T.);
#5577=FACE_BOUND('',#4483,.T.);
#5578=FACE_BOUND('',#4484,.T.);
#5579=FACE_BOUND('',#4485,.T.);
#5580=FACE_BOUND('',#4486,.T.);
#5581=FACE_BOUND('',#4487,.T.);
#5582=FACE_BOUND('',#4488,.T.);
#5583=FACE_BOUND('',#4489,.T.);
#5584=FACE_BOUND('',#4490,.T.);
#5585=FACE_BOUND('',#4491,.T.);
#5586=FACE_BOUND('',#4492,.T.);
#5587=FACE_BOUND('',#4493,.T.);
#5588=FACE_BOUND('',#4494,.T.);
#5589=FACE_BOUND('',#4495,.T.);
#5590=FACE_BOUND('',#4496,.T.);
#5591=FACE_BOUND('',#4497,.T.);
#5592=FACE_BOUND('',#4498,.T.);
#5593=FACE_BOUND('',#4499,.T.);
#5594=FACE_BOUND('',#4500,.T.);
#5595=FACE_BOUND('',#4501,.T.);
#5596=FACE_BOUND('',#4502,.T.);
#5597=FACE_BOUND('',#4503,.T.);
#5598=FACE_BOUND('',#4504,.T.);
#5599=FACE_BOUND('',#4505,.T.);
#5600=FACE_BOUND('',#4506,.T.);
#5601=FACE_BOUND('',#4507,.T.);
#5602=FACE_BOUND('',#4508,.T.);
#5603=FACE_BOUND('',#4509,.T.);
#5604=FACE_BOUND('',#4510,.T.);
#5605=FACE_BOUND('',#4511,.T.);
#5606=FACE_BOUND('',#4512,.T.);
#5607=FACE_BOUND('',#4513,.T.);
#5608=FACE_BOUND('',#4514,.T.);
#5609=FACE_BOUND('',#4515,.T.);
#5610=FACE_BOUND('',#4516,.T.);
#5611=FACE_BOUND('',#4517,.T.);
#5612=FACE_BOUND('',#4518,.T.);
#5613=FACE_BOUND('',#4519,.T.);
#5614=FACE_BOUND('',#4520,.T.);
#5615=FACE_BOUND('',#4521,.T.);
#5616=FACE_BOUND('',#4522,.T.);
#5617=FACE_BOUND('',#4523,.T.);
#5618=FACE_BOUND('',#4524,.T.);
#5619=FACE_BOUND('',#4525,.T.);
#5620=FACE_BOUND('',#4526,.T.);
#5621=FACE_BOUND('',#4527,.T.);
#5622=FACE_BOUND('',#4528,.T.);
#5623=FACE_BOUND('',#4529,.T.);
#5624=FACE_BOUND('',#4530,.T.);
#5625=FACE_BOUND('',#4531,.T.);
#5626=FACE_BOUND('',#4532,.T.);
#5627=FACE_BOUND('',#4533,.T.);
#5628=FACE_BOUND('',#4534,.T.);
#5629=FACE_BOUND('',#4535,.T.);
#5630=FACE_BOUND('',#4536,.T.);
#5631=FACE_BOUND('',#4537,.T.);
#5632=FACE_BOUND('',#4538,.T.);
#5633=FACE_BOUND('',#4539,.T.);
#5634=FACE_BOUND('',#4540,.T.);
#5635=FACE_BOUND('',#4541,.T.);
#5636=FACE_BOUND('',#4542,.T.);
#5637=FACE_BOUND('',#4543,.T.);
#5638=FACE_BOUND('',#4544,.T.);
#5639=FACE_BOUND('',#4545,.T.);
#5640=FACE_BOUND('',#4546,.T.);
#5641=FACE_BOUND('',#4547,.T.);
#5642=FACE_BOUND('',#4548,.T.);
#5643=FACE_BOUND('',#4549,.T.);
#5644=FACE_BOUND('',#4550,.T.);
#5645=FACE_BOUND('',#4551,.T.);
#5646=FACE_BOUND('',#4552,.T.);
#5647=FACE_BOUND('',#4553,.T.);
#5648=FACE_BOUND('',#4554,.T.);
#5649=FACE_BOUND('',#4555,.T.);
#5650=FACE_BOUND('',#4556,.T.);
#5651=FACE_BOUND('',#4557,.T.);
#5652=FACE_BOUND('',#4558,.T.);
#5653=FACE_BOUND('',#4559,.T.);
#5654=FACE_BOUND('',#4560,.T.);
#5655=FACE_BOUND('',#4561,.T.);
#5656=FACE_BOUND('',#4562,.T.);
#5657=FACE_BOUND('',#4563,.T.);
#5658=FACE_BOUND('',#4564,.T.);
#5659=FACE_BOUND('',#4565,.T.);
#5660=FACE_BOUND('',#4566,.T.);
#5661=FACE_BOUND('',#4567,.T.);
#5662=FACE_BOUND('',#4568,.T.);
#5663=FACE_BOUND('',#4569,.T.);
#5664=FACE_BOUND('',#4570,.T.);
#5665=FACE_BOUND('',#4571,.T.);
#5666=FACE_BOUND('',#4572,.T.);
#5667=FACE_BOUND('',#4573,.T.);
#5668=FACE_BOUND('',#4574,.T.);
#5669=FACE_BOUND('',#4575,.T.);
#5670=FACE_BOUND('',#4576,.T.);
#5671=FACE_BOUND('',#4577,.T.);
#5672=FACE_BOUND('',#4578,.T.);
#5673=FACE_BOUND('',#4579,.T.);
#5674=FACE_BOUND('',#4580,.T.);
#5675=FACE_BOUND('',#4581,.T.);
#5676=FACE_BOUND('',#4582,.T.);
#5677=FACE_BOUND('',#4583,.T.);
#5678=FACE_BOUND('',#4584,.T.);
#5679=FACE_BOUND('',#4585,.T.);
#5680=FACE_BOUND('',#4586,.T.);
#5681=FACE_BOUND('',#4587,.T.);
#5682=FACE_BOUND('',#4588,.T.);
#5683=FACE_BOUND('',#4589,.T.);
#5684=FACE_BOUND('',#4590,.T.);
#5685=FACE_BOUND('',#4591,.T.);
#5686=FACE_BOUND('',#4592,.T.);
#5687=FACE_BOUND('',#4593,.T.);
#5688=FACE_BOUND('',#4594,.T.);
#5689=FACE_BOUND('',#4595,.T.);
#5690=FACE_BOUND('',#4596,.T.);
#5691=FACE_BOUND('',#4597,.T.);
#5692=FACE_BOUND('',#4598,.T.);
#5693=FACE_BOUND('',#4599,.T.);
#5694=FACE_BOUND('',#4600,.T.);
#5695=FACE_BOUND('',#4601,.T.);
#5696=FACE_BOUND('',#4602,.T.);
#5697=FACE_BOUND('',#4603,.T.);
#5698=FACE_BOUND('',#4604,.T.);
#5699=FACE_BOUND('',#4605,.T.);
#5700=FACE_BOUND('',#4606,.T.);
#5701=FACE_BOUND('',#4607,.T.);
#5702=FACE_BOUND('',#4608,.T.);
#5703=FACE_BOUND('',#4609,.T.);
#5704=FACE_BOUND('',#4610,.T.);
#5705=FACE_BOUND('',#4611,.T.);
#5706=FACE_BOUND('',#4612,.T.);
#5707=FACE_BOUND('',#4613,.T.);
#5708=FACE_BOUND('',#4614,.T.);
#5709=FACE_BOUND('',#4615,.T.);
#5710=FACE_BOUND('',#4616,.T.);
#5711=FACE_BOUND('',#4617,.T.);
#5712=FACE_BOUND('',#4618,.T.);
#5713=FACE_BOUND('',#4619,.T.);
#5714=FACE_BOUND('',#4620,.T.);
#5715=FACE_BOUND('',#4621,.T.);
#5716=FACE_BOUND('',#4622,.T.);
#5717=FACE_BOUND('',#4623,.T.);
#5718=FACE_BOUND('',#4624,.T.);
#5719=FACE_BOUND('',#4625,.T.);
#5720=FACE_BOUND('',#4626,.T.);
#5721=FACE_BOUND('',#4627,.T.);
#5722=FACE_BOUND('',#4628,.T.);
#5723=FACE_BOUND('',#4629,.T.);
#5724=FACE_BOUND('',#4630,.T.);
#5725=FACE_BOUND('',#4631,.T.);
#5726=FACE_BOUND('',#4632,.T.);
#5727=FACE_BOUND('',#4633,.T.);
#5728=FACE_BOUND('',#4634,.T.);
#5729=FACE_BOUND('',#4635,.T.);
#5730=FACE_BOUND('',#4636,.T.);
#5731=FACE_BOUND('',#4637,.T.);
#5732=FACE_BOUND('',#4638,.T.);
#5733=FACE_BOUND('',#4639,.T.);
#5734=FACE_BOUND('',#4640,.T.);
#5735=FACE_BOUND('',#4641,.T.);
#5736=FACE_BOUND('',#4642,.T.);
#5737=FACE_BOUND('',#4643,.T.);
#5738=FACE_BOUND('',#4644,.T.);
#5739=FACE_BOUND('',#4645,.T.);
#5740=FACE_BOUND('',#4646,.T.);
#5741=FACE_BOUND('',#4647,.T.);
#5742=FACE_BOUND('',#4648,.T.);
#5743=FACE_BOUND('',#4649,.T.);
#5744=FACE_BOUND('',#4650,.T.);
#5745=FACE_BOUND('',#4651,.T.);
#5746=FACE_BOUND('',#4652,.T.);
#5747=FACE_BOUND('',#4653,.T.);
#5748=FACE_BOUND('',#4654,.T.);
#5749=FACE_BOUND('',#4655,.T.);
#5750=FACE_BOUND('',#4656,.T.);
#5751=FACE_BOUND('',#4657,.T.);
#5752=FACE_BOUND('',#4658,.T.);
#5753=FACE_BOUND('',#4659,.T.);
#5754=FACE_BOUND('',#4660,.T.);
#5755=FACE_BOUND('',#4661,.T.);
#5756=FACE_BOUND('',#4662,.T.);
#5757=FACE_BOUND('',#4663,.T.);
#5758=FACE_BOUND('',#4664,.T.);
#5759=FACE_BOUND('',#4665,.T.);
#5760=FACE_BOUND('',#4666,.T.);
#5761=FACE_BOUND('',#4667,.T.);
#5762=FACE_BOUND('',#4668,.T.);
#5763=FACE_BOUND('',#4669,.T.);
#5764=FACE_BOUND('',#4670,.T.);
#5765=FACE_BOUND('',#4671,.T.);
#5766=FACE_BOUND('',#4672,.T.);
#5767=FACE_BOUND('',#4673,.T.);
#5768=FACE_BOUND('',#4674,.T.);
#5769=FACE_BOUND('',#4675,.T.);
#5770=FACE_BOUND('',#4676,.T.);
#5771=FACE_BOUND('',#4677,.T.);
#5772=FACE_BOUND('',#4678,.T.);
#5773=FACE_BOUND('',#4679,.T.);
#5774=FACE_BOUND('',#4680,.T.);
#5775=FACE_BOUND('',#4681,.T.);
#5776=FACE_BOUND('',#4682,.T.);
#5777=FACE_BOUND('',#4683,.T.);
#5778=FACE_BOUND('',#4684,.T.);
#5779=FACE_BOUND('',#4685,.T.);
#5780=FACE_BOUND('',#4686,.T.);
#5781=FACE_BOUND('',#4687,.T.);
#5782=FACE_BOUND('',#4688,.T.);
#5783=FACE_BOUND('',#4689,.T.);
#5784=FACE_BOUND('',#4690,.T.);
#5785=FACE_BOUND('',#4691,.T.);
#5786=FACE_BOUND('',#4692,.T.);
#5787=FACE_BOUND('',#4693,.T.);
#5788=FACE_BOUND('',#4694,.T.);
#5789=FACE_BOUND('',#4695,.T.);
#5790=FACE_BOUND('',#4696,.T.);
#5791=FACE_BOUND('',#4697,.T.);
#5792=FACE_BOUND('',#4698,.T.);
#5793=FACE_BOUND('',#4699,.T.);
#5794=FACE_BOUND('',#4700,.T.);
#5795=FACE_BOUND('',#4701,.T.);
#5796=FACE_BOUND('',#4702,.T.);
#5797=FACE_BOUND('',#4703,.T.);
#5798=FACE_BOUND('',#4704,.T.);
#5799=FACE_BOUND('',#4705,.T.);
#5800=FACE_BOUND('',#4706,.T.);
#5801=FACE_BOUND('',#4707,.T.);
#5802=FACE_BOUND('',#4708,.T.);
#5803=FACE_BOUND('',#4709,.T.);
#5804=FACE_BOUND('',#4710,.T.);
#5805=FACE_BOUND('',#4711,.T.);
#5806=FACE_BOUND('',#4712,.T.);
#5807=FACE_BOUND('',#4713,.T.);
#5808=FACE_BOUND('',#4714,.T.);
#5809=FACE_BOUND('',#4715,.T.);
#5810=FACE_BOUND('',#4716,.T.);
#5811=FACE_BOUND('',#4717,.T.);
#5812=FACE_BOUND('',#4718,.T.);
#5813=FACE_BOUND('',#4719,.T.);
#5814=FACE_BOUND('',#4720,.T.);
#5815=FACE_BOUND('',#4721,.T.);
#5816=FACE_BOUND('',#4722,.T.);
#5817=FACE_BOUND('',#4723,.T.);
#5818=FACE_BOUND('',#4724,.T.);
#5819=FACE_BOUND('',#4725,.T.);
#5820=FACE_BOUND('',#4726,.T.);
#5821=FACE_BOUND('',#4727,.T.);
#5822=FACE_BOUND('',#4728,.T.);
#5823=FACE_BOUND('',#4729,.T.);
#5824=FACE_BOUND('',#4730,.T.);
#5825=FACE_BOUND('',#4731,.T.);
#5826=FACE_BOUND('',#4732,.T.);
#5827=FACE_BOUND('',#4733,.T.);
#5828=FACE_BOUND('',#4734,.T.);
#5829=FACE_BOUND('',#4735,.T.);
#5830=FACE_BOUND('',#4736,.T.);
#5831=FACE_BOUND('',#4737,.T.);
#5832=FACE_BOUND('',#4738,.T.);
#5833=FACE_BOUND('',#4739,.T.);
#5834=FACE_BOUND('',#4740,.T.);
#5835=FACE_BOUND('',#4741,.T.);
#5836=FACE_BOUND('',#4742,.T.);
#5837=FACE_BOUND('',#4743,.T.);
#5838=FACE_BOUND('',#4744,.T.);
#5839=FACE_BOUND('',#4745,.T.);
#5840=FACE_BOUND('',#4746,.T.);
#5841=FACE_BOUND('',#4747,.T.);
#5842=FACE_BOUND('',#4748,.T.);
#5843=FACE_BOUND('',#4749,.T.);
#5844=FACE_BOUND('',#4750,.T.);
#5845=FACE_BOUND('',#4751,.T.);
#5846=FACE_BOUND('',#4752,.T.);
#5847=FACE_BOUND('',#4753,.T.);
#5848=FACE_BOUND('',#4754,.T.);
#5849=FACE_BOUND('',#4755,.T.);
#5850=FACE_BOUND('',#4756,.T.);
#5851=FACE_BOUND('',#4757,.T.);
#5852=FACE_BOUND('',#4758,.T.);
#5853=FACE_BOUND('',#4759,.T.);
#5854=FACE_BOUND('',#4760,.T.);
#5855=FACE_BOUND('',#4761,.T.);
#5856=FACE_BOUND('',#4762,.T.);
#5857=FACE_BOUND('',#4763,.T.);
#5858=FACE_BOUND('',#4764,.T.);
#5859=FACE_BOUND('',#4765,.T.);
#5860=FACE_BOUND('',#4766,.T.);
#5861=FACE_BOUND('',#4767,.T.);
#5862=FACE_BOUND('',#4768,.T.);
#5863=FACE_BOUND('',#4769,.T.);
#5864=FACE_BOUND('',#4770,.T.);
#5865=FACE_BOUND('',#4771,.T.);
#5866=FACE_BOUND('',#4772,.T.);
#5867=FACE_BOUND('',#4773,.T.);
#5868=FACE_BOUND('',#4774,.T.);
#5869=FACE_BOUND('',#4775,.T.);
#5870=FACE_BOUND('',#4776,.T.);
#5871=FACE_BOUND('',#4777,.T.);
#5872=FACE_BOUND('',#4778,.T.);
#5873=FACE_BOUND('',#4779,.T.);
#5874=FACE_BOUND('',#4780,.T.);
#5875=FACE_BOUND('',#4781,.T.);
#5876=FACE_BOUND('',#4782,.T.);
#5877=FACE_BOUND('',#4783,.T.);
#5878=FACE_BOUND('',#4784,.T.);
#5879=FACE_BOUND('',#4785,.T.);
#5880=FACE_BOUND('',#4786,.T.);
#5881=FACE_BOUND('',#4787,.T.);
#5882=FACE_BOUND('',#4788,.T.);
#5883=FACE_BOUND('',#4789,.T.);
#5884=FACE_BOUND('',#4790,.T.);
#5885=FACE_BOUND('',#4791,.T.);
#5886=FACE_BOUND('',#4792,.T.);
#5887=FACE_BOUND('',#4793,.T.);
#5888=FACE_BOUND('',#4794,.T.);
#5889=FACE_BOUND('',#4795,.T.);
#5890=FACE_BOUND('',#4796,.T.);
#5891=FACE_BOUND('',#4797,.T.);
#5892=FACE_BOUND('',#4798,.T.);
#5893=FACE_BOUND('',#4799,.T.);
#5894=FACE_BOUND('',#4800,.T.);
#5895=FACE_BOUND('',#4801,.T.);
#5896=FACE_BOUND('',#4802,.T.);
#5897=FACE_BOUND('',#4803,.T.);
#5898=FACE_BOUND('',#4804,.T.);
#5899=FACE_BOUND('',#4805,.T.);
#5900=FACE_BOUND('',#4806,.T.);
#5901=FACE_BOUND('',#4807,.T.);
#5902=FACE_BOUND('',#4808,.T.);
#5903=FACE_BOUND('',#4809,.T.);
#5904=FACE_BOUND('',#4810,.T.);
#5905=FACE_BOUND('',#4811,.T.);
#5906=FACE_BOUND('',#4812,.T.);
#5907=FACE_BOUND('',#4813,.T.);
#5908=FACE_BOUND('',#4814,.T.);
#5909=FACE_BOUND('',#4815,.T.);
#5910=FACE_BOUND('',#4816,.T.);
#5911=FACE_BOUND('',#4817,.T.);
#5912=FACE_BOUND('',#4818,.T.);
#5913=FACE_BOUND('',#4819,.T.);
#5914=FACE_BOUND('',#4820,.T.);
#5915=FACE_BOUND('',#4821,.T.);
#5916=FACE_BOUND('',#4822,.T.);
#5917=FACE_BOUND('',#4823,.T.);
#5918=FACE_BOUND('',#4824,.T.);
#5919=FACE_BOUND('',#4825,.T.);
#5920=FACE_BOUND('',#4826,.T.);
#5921=FACE_BOUND('',#4827,.T.);
#5922=FACE_BOUND('',#4828,.T.);
#5923=FACE_BOUND('',#4829,.T.);
#5924=FACE_BOUND('',#4830,.T.);
#5925=FACE_BOUND('',#4831,.T.);
#5926=FACE_BOUND('',#4832,.T.);
#5927=FACE_BOUND('',#4833,.T.);
#5928=FACE_BOUND('',#4834,.T.);
#5929=FACE_BOUND('',#4835,.T.);
#5930=FACE_BOUND('',#4836,.T.);
#5931=FACE_BOUND('',#4837,.T.);
#5932=FACE_BOUND('',#4838,.T.);
#5933=FACE_BOUND('',#4839,.T.);
#5934=FACE_BOUND('',#4840,.T.);
#5935=FACE_BOUND('',#4841,.T.);
#5936=FACE_BOUND('',#4842,.T.);
#5937=FACE_BOUND('',#4843,.T.);
#5938=FACE_BOUND('',#4844,.T.);
#5939=FACE_BOUND('',#4845,.T.);
#5940=FACE_BOUND('',#4846,.T.);
#5941=FACE_BOUND('',#4847,.T.);
#5942=FACE_BOUND('',#4848,.T.);
#5943=FACE_BOUND('',#4849,.T.);
#5944=FACE_BOUND('',#4850,.T.);
#5945=FACE_BOUND('',#4851,.T.);
#5946=FACE_BOUND('',#4852,.T.);
#5947=FACE_BOUND('',#4853,.T.);
#5948=FACE_BOUND('',#4854,.T.);
#5949=FACE_BOUND('',#4855,.T.);
#5950=FACE_BOUND('',#4856,.T.);
#5951=FACE_BOUND('',#4857,.T.);
#5952=FACE_BOUND('',#4858,.T.);
#5953=FACE_BOUND('',#4859,.T.);
#5954=FACE_BOUND('',#4860,.T.);
#5955=FACE_BOUND('',#4861,.T.);
#5956=FACE_BOUND('',#4862,.T.);
#5957=FACE_BOUND('',#4863,.T.);
#5958=FACE_BOUND('',#4864,.T.);
#5959=FACE_BOUND('',#4865,.T.);
#5960=FACE_BOUND('',#4866,.T.);
#5961=FACE_BOUND('',#4867,.T.);
#5962=FACE_BOUND('',#4868,.T.);
#5963=FACE_BOUND('',#4869,.T.);
#5964=FACE_BOUND('',#4870,.T.);
#5965=FACE_BOUND('',#4871,.T.);
#5966=FACE_BOUND('',#4872,.T.);
#5967=FACE_BOUND('',#4873,.T.);
#5968=FACE_BOUND('',#4874,.T.);
#5969=FACE_BOUND('',#4875,.T.);
#5970=FACE_BOUND('',#4876,.T.);
#5971=FACE_BOUND('',#4877,.T.);
#5972=FACE_BOUND('',#4878,.T.);
#5973=FACE_BOUND('',#4879,.T.);
#5974=FACE_BOUND('',#4880,.T.);
#5975=FACE_BOUND('',#4881,.T.);
#5976=PLANE('',#6938);
#5977=PLANE('',#6939);
#5978=PLANE('',#6970);
#5979=PLANE('',#6971);
#5980=PLANE('',#6972);
#5981=PLANE('',#6973);
#5982=PLANE('',#6974);
#5983=PLANE('',#6975);
#5984=PLANE('',#6976);
#5985=PLANE('',#6977);
#5986=PLANE('',#6978);
#5987=PLANE('',#6979);
#5988=PLANE('',#6982);
#5989=PLANE('',#6985);
#5990=PLANE('',#6988);
#5991=PLANE('',#6991);
#5992=PLANE('',#6994);
#5993=PLANE('',#6997);
#5994=PLANE('',#7000);
#5995=PLANE('',#7003);
#5996=PLANE('',#7006);
#5997=PLANE('',#7009);
#5998=PLANE('',#7012);
#5999=PLANE('',#7015);
#6000=PLANE('',#7018);
#6001=PLANE('',#7021);
#6002=PLANE('',#7024);
#6003=PLANE('',#7027);
#6004=PLANE('',#7030);
#6005=PLANE('',#7033);
#6006=PLANE('',#7036);
#6007=PLANE('',#7039);
#6008=PLANE('',#7042);
#6009=PLANE('',#7045);
#6010=PLANE('',#7048);
#6011=PLANE('',#7051);
#6012=PLANE('',#7054);
#6013=PLANE('',#7057);
#6014=PLANE('',#7060);
#6015=PLANE('',#7063);
#6016=PLANE('',#7066);
#6017=PLANE('',#7069);
#6018=PLANE('',#7071);
#6019=PLANE('',#7072);
#6020=PLANE('',#7105);
#6021=PLANE('',#7106);
#6022=PLANE('',#7107);
#6023=PLANE('',#7108);
#6024=PLANE('',#7109);
#6025=PLANE('',#7110);
#6026=PLANE('',#7111);
#6027=PLANE('',#7112);
#6028=PLANE('',#7113);
#6029=PLANE('',#7114);
#6030=PLANE('',#7117);
#6031=PLANE('',#7120);
#6032=PLANE('',#7123);
#6033=PLANE('',#7126);
#6034=PLANE('',#7129);
#6035=PLANE('',#7132);
#6036=PLANE('',#7135);
#6037=PLANE('',#7138);
#6038=PLANE('',#7141);
#6039=PLANE('',#7144);
#6040=PLANE('',#7147);
#6041=PLANE('',#7150);
#6042=PLANE('',#7153);
#6043=PLANE('',#7156);
#6044=PLANE('',#7159);
#6045=PLANE('',#7162);
#6046=PLANE('',#7165);
#6047=PLANE('',#7168);
#6048=PLANE('',#7171);
#6049=PLANE('',#7174);
#6050=PLANE('',#7177);
#6051=PLANE('',#7180);
#6052=PLANE('',#7183);
#6053=PLANE('',#7186);
#6054=PLANE('',#7189);
#6055=PLANE('',#7192);
#6056=PLANE('',#7195);
#6057=PLANE('',#7198);
#6058=PLANE('',#7201);
#6059=PLANE('',#7204);
#6060=PLANE('',#7207);
#6061=PLANE('',#7210);
#6062=PLANE('',#7212);
#6063=PLANE('',#7213);
#6064=PLANE('',#7214);
#6065=PLANE('',#7215);
#6066=PLANE('',#7216);
#6067=PLANE('',#7217);
#6068=PLANE('',#7218);
#6069=PLANE('',#7219);
#6070=PLANE('',#7220);
#6071=PLANE('',#7221);
#6072=PLANE('',#7222);
#6073=PLANE('',#7223);
#6074=PLANE('',#7224);
#6075=PLANE('',#7225);
#6076=PLANE('',#7226);
#6077=PLANE('',#7227);
#6078=PLANE('',#7228);
#6079=PLANE('',#7229);
#6080=PLANE('',#7230);
#6081=PLANE('',#7231);
#6082=PLANE('',#7232);
#6083=PLANE('',#7233);
#6084=PLANE('',#7360);
#6085=PLANE('',#7361);
#6086=PLANE('',#7362);
#6087=PLANE('',#7363);
#6088=PLANE('',#7366);
#6089=PLANE('',#7369);
#6090=PLANE('',#7372);
#6091=PLANE('',#7375);
#6092=PLANE('',#7378);
#6093=PLANE('',#7381);
#6094=PLANE('',#7384);
#6095=PLANE('',#7387);
#6096=PLANE('',#7390);
#6097=PLANE('',#7393);
#6098=PLANE('',#7396);
#6099=PLANE('',#7399);
#6100=PLANE('',#7402);
#6101=PLANE('',#7405);
#6102=PLANE('',#7408);
#6103=PLANE('',#7411);
#6104=PLANE('',#7414);
#6105=PLANE('',#7417);
#6106=PLANE('',#7420);
#6107=PLANE('',#7423);
#6108=PLANE('',#7426);
#6109=PLANE('',#7429);
#6110=PLANE('',#7432);
#6111=PLANE('',#7435);
#6112=PLANE('',#7438);
#6113=PLANE('',#7441);
#6114=PLANE('',#7444);
#6115=PLANE('',#7447);
#6116=PLANE('',#7450);
#6117=PLANE('',#7453);
#6118=PLANE('',#7456);
#6119=PLANE('',#7459);
#6120=PLANE('',#7462);
#6121=PLANE('',#7465);
#6122=PLANE('',#7468);
#6123=PLANE('',#7471);
#6124=PLANE('',#7474);
#6125=PLANE('',#7477);
#6126=PLANE('',#7480);
#6127=PLANE('',#7483);
#6128=PLANE('',#7486);
#6129=PLANE('',#7489);
#6130=PLANE('',#7492);
#6131=PLANE('',#7495);
#6132=PLANE('',#7498);
#6133=PLANE('',#7501);
#6134=PLANE('',#7504);
#6135=PLANE('',#7507);
#6136=PLANE('',#7510);
#6137=PLANE('',#7513);
#6138=PLANE('',#7516);
#6139=PLANE('',#7519);
#6140=PLANE('',#7522);
#6141=PLANE('',#7525);
#6142=PLANE('',#7528);
#6143=PLANE('',#7531);
#6144=PLANE('',#7534);
#6145=PLANE('',#7537);
#6146=PLANE('',#7540);
#6147=PLANE('',#7543);
#6148=PLANE('',#7546);
#6149=PLANE('',#7549);
#6150=PLANE('',#7552);
#6151=PLANE('',#7555);
#6152=PLANE('',#7558);
#6153=PLANE('',#7561);
#6154=PLANE('',#7564);
#6155=PLANE('',#7567);
#6156=PLANE('',#7570);
#6157=PLANE('',#7573);
#6158=PLANE('',#7576);
#6159=PLANE('',#7579);
#6160=PLANE('',#7582);
#6161=PLANE('',#7585);
#6162=PLANE('',#7588);
#6163=PLANE('',#7591);
#6164=PLANE('',#7594);
#6165=PLANE('',#7597);
#6166=PLANE('',#7600);
#6167=PLANE('',#7603);
#6168=PLANE('',#7606);
#6169=PLANE('',#7609);
#6170=PLANE('',#7612);
#6171=PLANE('',#7615);
#6172=PLANE('',#7618);
#6173=PLANE('',#7621);
#6174=PLANE('',#7624);
#6175=PLANE('',#7627);
#6176=PLANE('',#7630);
#6177=PLANE('',#7633);
#6178=PLANE('',#7636);
#6179=PLANE('',#7639);
#6180=PLANE('',#7642);
#6181=PLANE('',#7645);
#6182=PLANE('',#7648);
#6183=PLANE('',#7651);
#6184=PLANE('',#7654);
#6185=PLANE('',#7657);
#6186=PLANE('',#7660);
#6187=PLANE('',#7663);
#6188=PLANE('',#7666);
#6189=PLANE('',#7669);
#6190=PLANE('',#7672);
#6191=PLANE('',#7675);
#6192=PLANE('',#7678);
#6193=PLANE('',#7681);
#6194=PLANE('',#7684);
#6195=PLANE('',#7687);
#6196=PLANE('',#7690);
#6197=PLANE('',#7693);
#6198=PLANE('',#7696);
#6199=PLANE('',#7699);
#6200=PLANE('',#7702);
#6201=PLANE('',#7705);
#6202=PLANE('',#7708);
#6203=PLANE('',#7711);
#6204=PLANE('',#7714);
#6205=PLANE('',#7717);
#6206=PLANE('',#7720);
#6207=PLANE('',#7723);
#6208=PLANE('',#7726);
#6209=PLANE('',#7729);
#6210=PLANE('',#7732);
#6211=PLANE('',#7735);
#6212=PLANE('',#7738);
#6213=PLANE('',#7741);
#6214=PLANE('',#7743);
#6215=PLANE('',#7744);
#6216=PLANE('',#7777);
#6217=PLANE('',#7778);
#6218=PLANE('',#7779);
#6219=PLANE('',#7780);
#6220=PLANE('',#7781);
#6221=PLANE('',#7782);
#6222=PLANE('',#7783);
#6223=PLANE('',#7784);
#6224=PLANE('',#7785);
#6225=PLANE('',#7786);
#6226=PLANE('',#7789);
#6227=PLANE('',#7792);
#6228=PLANE('',#7795);
#6229=PLANE('',#7798);
#6230=PLANE('',#7801);
#6231=PLANE('',#7804);
#6232=PLANE('',#7807);
#6233=PLANE('',#7810);
#6234=PLANE('',#7813);
#6235=PLANE('',#7816);
#6236=PLANE('',#7819);
#6237=PLANE('',#7822);
#6238=PLANE('',#7825);
#6239=PLANE('',#7828);
#6240=PLANE('',#7831);
#6241=PLANE('',#7834);
#6242=PLANE('',#7837);
#6243=PLANE('',#7840);
#6244=PLANE('',#7843);
#6245=PLANE('',#7846);
#6246=PLANE('',#7849);
#6247=PLANE('',#7852);
#6248=PLANE('',#7855);
#6249=PLANE('',#7858);
#6250=PLANE('',#7861);
#6251=PLANE('',#7864);
#6252=PLANE('',#7867);
#6253=PLANE('',#7870);
#6254=PLANE('',#7873);
#6255=PLANE('',#7876);
#6256=PLANE('',#7879);
#6257=PLANE('',#7882);
#6258=PLANE('',#7884);
#6259=PLANE('',#7885);
#6260=PLANE('',#7918);
#6261=PLANE('',#7919);
#6262=PLANE('',#7920);
#6263=PLANE('',#7921);
#6264=PLANE('',#7922);
#6265=PLANE('',#7923);
#6266=PLANE('',#7924);
#6267=PLANE('',#7925);
#6268=PLANE('',#7926);
#6269=PLANE('',#7927);
#6270=PLANE('',#7930);
#6271=PLANE('',#7933);
#6272=PLANE('',#7936);
#6273=PLANE('',#7939);
#6274=PLANE('',#7942);
#6275=PLANE('',#7945);
#6276=PLANE('',#7948);
#6277=PLANE('',#7951);
#6278=PLANE('',#7954);
#6279=PLANE('',#7957);
#6280=PLANE('',#7960);
#6281=PLANE('',#7963);
#6282=PLANE('',#7966);
#6283=PLANE('',#7969);
#6284=PLANE('',#7972);
#6285=PLANE('',#7975);
#6286=PLANE('',#7978);
#6287=PLANE('',#7981);
#6288=PLANE('',#7984);
#6289=PLANE('',#7987);
#6290=PLANE('',#7990);
#6291=PLANE('',#7993);
#6292=PLANE('',#7996);
#6293=PLANE('',#7999);
#6294=PLANE('',#8002);
#6295=PLANE('',#8005);
#6296=PLANE('',#8008);
#6297=PLANE('',#8011);
#6298=PLANE('',#8014);
#6299=PLANE('',#8017);
#6300=PLANE('',#8020);
#6301=PLANE('',#8023);
#6302=ADVANCED_FACE('',(#4882),#5976,.T.);
#6303=ADVANCED_FACE('',(#4883,#4884,#4885,#4886,#4887,#4888,#4889,#4890,
#4891,#4892,#4893,#4894,#4895,#4896,#4897,#4898,#4899,#4900,#4901,#4902,
#4903,#4904,#4905,#4906,#4907,#4908,#4909,#4910,#4911,#4912,#4913),#5977,
 .T.);
#6304=ADVANCED_FACE('',(#4914),#5978,.T.);
#6305=ADVANCED_FACE('',(#4915),#5979,.T.);
#6306=ADVANCED_FACE('',(#4916),#5980,.T.);
#6307=ADVANCED_FACE('',(#4917),#5981,.T.);
#6308=ADVANCED_FACE('',(#4918),#5982,.F.);
#6309=ADVANCED_FACE('',(#4919),#5983,.F.);
#6310=ADVANCED_FACE('',(#4920),#5984,.T.);
#6311=ADVANCED_FACE('',(#4921,#4922),#5985,.F.);
#6312=ADVANCED_FACE('',(#4923),#5986,.F.);
#6313=ADVANCED_FACE('',(#4924),#5987,.T.);
#6314=ADVANCED_FACE('',(#4925,#4926),#20,.F.);
#6315=ADVANCED_FACE('',(#4927),#5988,.T.);
#6316=ADVANCED_FACE('',(#4928,#4929),#21,.F.);
#6317=ADVANCED_FACE('',(#4930),#5989,.T.);
#6318=ADVANCED_FACE('',(#4931,#4932),#22,.F.);
#6319=ADVANCED_FACE('',(#4933),#5990,.T.);
#6320=ADVANCED_FACE('',(#4934,#4935),#23,.F.);
#6321=ADVANCED_FACE('',(#4936),#5991,.T.);
#6322=ADVANCED_FACE('',(#4937,#4938),#24,.F.);
#6323=ADVANCED_FACE('',(#4939),#5992,.T.);
#6324=ADVANCED_FACE('',(#4940,#4941),#25,.F.);
#6325=ADVANCED_FACE('',(#4942),#5993,.T.);
#6326=ADVANCED_FACE('',(#4943,#4944),#26,.F.);
#6327=ADVANCED_FACE('',(#4945),#5994,.T.);
#6328=ADVANCED_FACE('',(#4946,#4947),#27,.F.);
#6329=ADVANCED_FACE('',(#4948),#5995,.T.);
#6330=ADVANCED_FACE('',(#4949,#4950),#28,.F.);
#6331=ADVANCED_FACE('',(#4951),#5996,.T.);
#6332=ADVANCED_FACE('',(#4952,#4953),#29,.F.);
#6333=ADVANCED_FACE('',(#4954),#5997,.T.);
#6334=ADVANCED_FACE('',(#4955,#4956),#30,.F.);
#6335=ADVANCED_FACE('',(#4957),#5998,.T.);
#6336=ADVANCED_FACE('',(#4958,#4959),#31,.F.);
#6337=ADVANCED_FACE('',(#4960),#5999,.T.);
#6338=ADVANCED_FACE('',(#4961,#4962),#32,.F.);
#6339=ADVANCED_FACE('',(#4963),#6000,.T.);
#6340=ADVANCED_FACE('',(#4964,#4965),#33,.F.);
#6341=ADVANCED_FACE('',(#4966),#6001,.T.);
#6342=ADVANCED_FACE('',(#4967,#4968),#34,.F.);
#6343=ADVANCED_FACE('',(#4969),#6002,.T.);
#6344=ADVANCED_FACE('',(#4970,#4971),#35,.F.);
#6345=ADVANCED_FACE('',(#4972),#6003,.T.);
#6346=ADVANCED_FACE('',(#4973,#4974),#36,.F.);
#6347=ADVANCED_FACE('',(#4975),#6004,.T.);
#6348=ADVANCED_FACE('',(#4976,#4977),#37,.F.);
#6349=ADVANCED_FACE('',(#4978),#6005,.T.);
#6350=ADVANCED_FACE('',(#4979,#4980),#38,.F.);
#6351=ADVANCED_FACE('',(#4981),#6006,.T.);
#6352=ADVANCED_FACE('',(#4982,#4983),#39,.F.);
#6353=ADVANCED_FACE('',(#4984),#6007,.T.);
#6354=ADVANCED_FACE('',(#4985,#4986),#40,.F.);
#6355=ADVANCED_FACE('',(#4987),#6008,.T.);
#6356=ADVANCED_FACE('',(#4988,#4989),#41,.F.);
#6357=ADVANCED_FACE('',(#4990),#6009,.T.);
#6358=ADVANCED_FACE('',(#4991,#4992),#42,.F.);
#6359=ADVANCED_FACE('',(#4993),#6010,.T.);
#6360=ADVANCED_FACE('',(#4994,#4995),#43,.F.);
#6361=ADVANCED_FACE('',(#4996),#6011,.T.);
#6362=ADVANCED_FACE('',(#4997,#4998),#44,.F.);
#6363=ADVANCED_FACE('',(#4999),#6012,.T.);
#6364=ADVANCED_FACE('',(#5000,#5001),#45,.F.);
#6365=ADVANCED_FACE('',(#5002),#6013,.T.);
#6366=ADVANCED_FACE('',(#5003,#5004),#46,.F.);
#6367=ADVANCED_FACE('',(#5005),#6014,.T.);
#6368=ADVANCED_FACE('',(#5006,#5007),#47,.F.);
#6369=ADVANCED_FACE('',(#5008),#6015,.T.);
#6370=ADVANCED_FACE('',(#5009,#5010),#48,.F.);
#6371=ADVANCED_FACE('',(#5011),#6016,.T.);
#6372=ADVANCED_FACE('',(#5012,#5013),#49,.F.);
#6373=ADVANCED_FACE('',(#5014),#6017,.T.);
#6374=ADVANCED_FACE('',(#5015),#6018,.T.);
#6375=ADVANCED_FACE('',(#5016,#5017,#5018,#5019,#5020,#5021,#5022,#5023,
#5024,#5025,#5026,#5027,#5028,#5029,#5030,#5031,#5032,#5033,#5034,#5035,
#5036,#5037,#5038,#5039,#5040,#5041,#5042,#5043,#5044,#5045,#5046,#5047,
#5048),#6019,.T.);
#6376=ADVANCED_FACE('',(#5049),#6020,.T.);
#6377=ADVANCED_FACE('',(#5050),#6021,.T.);
#6378=ADVANCED_FACE('',(#5051),#6022,.T.);
#6379=ADVANCED_FACE('',(#5052),#6023,.T.);
#6380=ADVANCED_FACE('',(#5053),#6024,.F.);
#6381=ADVANCED_FACE('',(#5054),#6025,.F.);
#6382=ADVANCED_FACE('',(#5055),#6026,.T.);
#6383=ADVANCED_FACE('',(#5056,#5057),#6027,.F.);
#6384=ADVANCED_FACE('',(#5058),#6028,.F.);
#6385=ADVANCED_FACE('',(#5059),#6029,.T.);
#6386=ADVANCED_FACE('',(#5060,#5061),#50,.F.);
#6387=ADVANCED_FACE('',(#5062),#6030,.T.);
#6388=ADVANCED_FACE('',(#5063,#5064),#51,.F.);
#6389=ADVANCED_FACE('',(#5065),#6031,.T.);
#6390=ADVANCED_FACE('',(#5066,#5067),#52,.F.);
#6391=ADVANCED_FACE('',(#5068),#6032,.T.);
#6392=ADVANCED_FACE('',(#5069,#5070),#53,.F.);
#6393=ADVANCED_FACE('',(#5071),#6033,.T.);
#6394=ADVANCED_FACE('',(#5072,#5073),#54,.F.);
#6395=ADVANCED_FACE('',(#5074),#6034,.T.);
#6396=ADVANCED_FACE('',(#5075,#5076),#55,.F.);
#6397=ADVANCED_FACE('',(#5077),#6035,.T.);
#6398=ADVANCED_FACE('',(#5078,#5079),#56,.F.);
#6399=ADVANCED_FACE('',(#5080),#6036,.T.);
#6400=ADVANCED_FACE('',(#5081,#5082),#57,.F.);
#6401=ADVANCED_FACE('',(#5083),#6037,.T.);
#6402=ADVANCED_FACE('',(#5084,#5085),#58,.F.);
#6403=ADVANCED_FACE('',(#5086),#6038,.T.);
#6404=ADVANCED_FACE('',(#5087,#5088),#59,.F.);
#6405=ADVANCED_FACE('',(#5089),#6039,.T.);
#6406=ADVANCED_FACE('',(#5090,#5091),#60,.F.);
#6407=ADVANCED_FACE('',(#5092),#6040,.T.);
#6408=ADVANCED_FACE('',(#5093,#5094),#61,.F.);
#6409=ADVANCED_FACE('',(#5095),#6041,.T.);
#6410=ADVANCED_FACE('',(#5096,#5097),#62,.F.);
#6411=ADVANCED_FACE('',(#5098),#6042,.T.);
#6412=ADVANCED_FACE('',(#5099,#5100),#63,.F.);
#6413=ADVANCED_FACE('',(#5101),#6043,.T.);
#6414=ADVANCED_FACE('',(#5102,#5103),#64,.F.);
#6415=ADVANCED_FACE('',(#5104),#6044,.T.);
#6416=ADVANCED_FACE('',(#5105,#5106),#65,.F.);
#6417=ADVANCED_FACE('',(#5107),#6045,.T.);
#6418=ADVANCED_FACE('',(#5108,#5109),#66,.F.);
#6419=ADVANCED_FACE('',(#5110),#6046,.T.);
#6420=ADVANCED_FACE('',(#5111,#5112),#67,.F.);
#6421=ADVANCED_FACE('',(#5113),#6047,.T.);
#6422=ADVANCED_FACE('',(#5114,#5115),#68,.F.);
#6423=ADVANCED_FACE('',(#5116),#6048,.T.);
#6424=ADVANCED_FACE('',(#5117,#5118),#69,.F.);
#6425=ADVANCED_FACE('',(#5119),#6049,.T.);
#6426=ADVANCED_FACE('',(#5120,#5121),#70,.F.);
#6427=ADVANCED_FACE('',(#5122),#6050,.T.);
#6428=ADVANCED_FACE('',(#5123,#5124),#71,.F.);
#6429=ADVANCED_FACE('',(#5125),#6051,.T.);
#6430=ADVANCED_FACE('',(#5126,#5127),#72,.F.);
#6431=ADVANCED_FACE('',(#5128),#6052,.T.);
#6432=ADVANCED_FACE('',(#5129,#5130),#73,.F.);
#6433=ADVANCED_FACE('',(#5131),#6053,.T.);
#6434=ADVANCED_FACE('',(#5132,#5133),#74,.F.);
#6435=ADVANCED_FACE('',(#5134),#6054,.T.);
#6436=ADVANCED_FACE('',(#5135,#5136),#75,.F.);
#6437=ADVANCED_FACE('',(#5137),#6055,.T.);
#6438=ADVANCED_FACE('',(#5138,#5139),#76,.F.);
#6439=ADVANCED_FACE('',(#5140),#6056,.T.);
#6440=ADVANCED_FACE('',(#5141,#5142),#77,.F.);
#6441=ADVANCED_FACE('',(#5143),#6057,.T.);
#6442=ADVANCED_FACE('',(#5144,#5145),#78,.F.);
#6443=ADVANCED_FACE('',(#5146),#6058,.T.);
#6444=ADVANCED_FACE('',(#5147,#5148),#79,.F.);
#6445=ADVANCED_FACE('',(#5149),#6059,.T.);
#6446=ADVANCED_FACE('',(#5150,#5151),#80,.F.);
#6447=ADVANCED_FACE('',(#5152),#6060,.T.);
#6448=ADVANCED_FACE('',(#5153,#5154),#81,.F.);
#6449=ADVANCED_FACE('',(#5155),#6061,.T.);
#6450=ADVANCED_FACE('',(#5156),#6062,.F.);
#6451=ADVANCED_FACE('',(#5157),#6063,.T.);
#6452=ADVANCED_FACE('',(#5158),#6064,.T.);
#6453=ADVANCED_FACE('',(#5159),#6065,.F.);
#6454=ADVANCED_FACE('',(#5160),#6066,.T.);
#6455=ADVANCED_FACE('',(#5161),#6067,.T.);
#6456=ADVANCED_FACE('',(#5162),#6068,.F.);
#6457=ADVANCED_FACE('',(#5163),#6069,.T.);
#6458=ADVANCED_FACE('',(#5164),#6070,.T.);
#6459=ADVANCED_FACE('',(#5165),#6071,.F.);
#6460=ADVANCED_FACE('',(#5166),#6072,.T.);
#6461=ADVANCED_FACE('',(#5167),#6073,.T.);
#6462=ADVANCED_FACE('',(#5168),#6074,.F.);
#6463=ADVANCED_FACE('',(#5169),#6075,.T.);
#6464=ADVANCED_FACE('',(#5170),#6076,.T.);
#6465=ADVANCED_FACE('',(#5171),#6077,.F.);
#6466=ADVANCED_FACE('',(#5172),#6078,.F.);
#6467=ADVANCED_FACE('',(#5173),#6079,.F.);
#6468=ADVANCED_FACE('',(#5174),#6080,.F.);
#6469=ADVANCED_FACE('',(#5175),#6081,.F.);
#6470=ADVANCED_FACE('',(#5176,#5177,#5178,#5179,#5180),#6082,.F.);
#6471=ADVANCED_FACE('',(#5181,#5182,#5183,#5184,#5185,#5186,#5187,#5188,
#5189,#5190,#5191,#5192,#5193,#5194,#5195,#5196,#5197,#5198,#5199,#5200,
#5201,#5202,#5203,#5204,#5205,#5206,#5207,#5208,#5209,#5210,#5211,#5212,
#5213,#5214,#5215,#5216,#5217,#5218,#5219,#5220,#5221,#5222,#5223,#5224,
#5225,#5226,#5227,#5228,#5229,#5230,#5231,#5232,#5233,#5234,#5235,#5236,
#5237,#5238,#5239,#5240,#5241,#5242,#5243,#5244,#5245,#5246,#5247,#5248,
#5249,#5250,#5251,#5252,#5253,#5254,#5255,#5256,#5257,#5258,#5259,#5260,
#5261,#5262,#5263,#5264,#5265,#5266,#5267,#5268,#5269,#5270,#5271,#5272,
#5273,#5274,#5275,#5276,#5277,#5278,#5279,#5280,#5281,#5282,#5283,#5284,
#5285,#5286,#5287,#5288,#5289,#5290,#5291,#5292,#5293,#5294,#5295,#5296,
#5297,#5298,#5299,#5300,#5301,#5302,#5303,#5304,#5305,#5306,#5307,#5308,
#5309,#5310,#5311),#6083,.T.);
#6472=ADVANCED_FACE('',(#5312),#6084,.F.);
#6473=ADVANCED_FACE('',(#5313),#6085,.T.);
#6474=ADVANCED_FACE('',(#5314),#6086,.F.);
#6475=ADVANCED_FACE('',(#5315),#6087,.T.);
#6476=ADVANCED_FACE('',(#5316,#5317),#82,.F.);
#6477=ADVANCED_FACE('',(#5318),#6088,.T.);
#6478=ADVANCED_FACE('',(#5319,#5320),#83,.F.);
#6479=ADVANCED_FACE('',(#5321),#6089,.T.);
#6480=ADVANCED_FACE('',(#5322,#5323),#84,.F.);
#6481=ADVANCED_FACE('',(#5324),#6090,.T.);
#6482=ADVANCED_FACE('',(#5325,#5326),#85,.F.);
#6483=ADVANCED_FACE('',(#5327),#6091,.T.);
#6484=ADVANCED_FACE('',(#5328,#5329),#86,.F.);
#6485=ADVANCED_FACE('',(#5330),#6092,.T.);
#6486=ADVANCED_FACE('',(#5331,#5332),#87,.F.);
#6487=ADVANCED_FACE('',(#5333),#6093,.T.);
#6488=ADVANCED_FACE('',(#5334,#5335),#88,.F.);
#6489=ADVANCED_FACE('',(#5336),#6094,.T.);
#6490=ADVANCED_FACE('',(#5337,#5338),#89,.F.);
#6491=ADVANCED_FACE('',(#5339),#6095,.T.);
#6492=ADVANCED_FACE('',(#5340,#5341),#90,.F.);
#6493=ADVANCED_FACE('',(#5342),#6096,.T.);
#6494=ADVANCED_FACE('',(#5343,#5344),#91,.F.);
#6495=ADVANCED_FACE('',(#5345),#6097,.T.);
#6496=ADVANCED_FACE('',(#5346,#5347),#92,.F.);
#6497=ADVANCED_FACE('',(#5348),#6098,.T.);
#6498=ADVANCED_FACE('',(#5349,#5350),#93,.F.);
#6499=ADVANCED_FACE('',(#5351),#6099,.T.);
#6500=ADVANCED_FACE('',(#5352,#5353),#94,.F.);
#6501=ADVANCED_FACE('',(#5354),#6100,.T.);
#6502=ADVANCED_FACE('',(#5355,#5356),#95,.F.);
#6503=ADVANCED_FACE('',(#5357),#6101,.T.);
#6504=ADVANCED_FACE('',(#5358,#5359),#96,.F.);
#6505=ADVANCED_FACE('',(#5360),#6102,.T.);
#6506=ADVANCED_FACE('',(#5361,#5362),#97,.F.);
#6507=ADVANCED_FACE('',(#5363),#6103,.T.);
#6508=ADVANCED_FACE('',(#5364,#5365),#98,.F.);
#6509=ADVANCED_FACE('',(#5366),#6104,.T.);
#6510=ADVANCED_FACE('',(#5367,#5368),#99,.F.);
#6511=ADVANCED_FACE('',(#5369),#6105,.T.);
#6512=ADVANCED_FACE('',(#5370,#5371),#100,.F.);
#6513=ADVANCED_FACE('',(#5372),#6106,.T.);
#6514=ADVANCED_FACE('',(#5373,#5374),#101,.F.);
#6515=ADVANCED_FACE('',(#5375),#6107,.T.);
#6516=ADVANCED_FACE('',(#5376,#5377),#102,.F.);
#6517=ADVANCED_FACE('',(#5378),#6108,.T.);
#6518=ADVANCED_FACE('',(#5379,#5380),#103,.F.);
#6519=ADVANCED_FACE('',(#5381),#6109,.T.);
#6520=ADVANCED_FACE('',(#5382,#5383),#104,.F.);
#6521=ADVANCED_FACE('',(#5384),#6110,.T.);
#6522=ADVANCED_FACE('',(#5385,#5386),#105,.F.);
#6523=ADVANCED_FACE('',(#5387),#6111,.T.);
#6524=ADVANCED_FACE('',(#5388,#5389),#106,.F.);
#6525=ADVANCED_FACE('',(#5390),#6112,.T.);
#6526=ADVANCED_FACE('',(#5391,#5392),#107,.F.);
#6527=ADVANCED_FACE('',(#5393),#6113,.T.);
#6528=ADVANCED_FACE('',(#5394,#5395),#108,.F.);
#6529=ADVANCED_FACE('',(#5396),#6114,.T.);
#6530=ADVANCED_FACE('',(#5397,#5398),#109,.F.);
#6531=ADVANCED_FACE('',(#5399),#6115,.T.);
#6532=ADVANCED_FACE('',(#5400,#5401),#110,.F.);
#6533=ADVANCED_FACE('',(#5402),#6116,.T.);
#6534=ADVANCED_FACE('',(#5403,#5404),#111,.F.);
#6535=ADVANCED_FACE('',(#5405),#6117,.T.);
#6536=ADVANCED_FACE('',(#5406,#5407),#112,.F.);
#6537=ADVANCED_FACE('',(#5408),#6118,.T.);
#6538=ADVANCED_FACE('',(#5409,#5410),#113,.F.);
#6539=ADVANCED_FACE('',(#5411),#6119,.T.);
#6540=ADVANCED_FACE('',(#5412,#5413),#114,.F.);
#6541=ADVANCED_FACE('',(#5414),#6120,.T.);
#6542=ADVANCED_FACE('',(#5415,#5416),#115,.F.);
#6543=ADVANCED_FACE('',(#5417),#6121,.T.);
#6544=ADVANCED_FACE('',(#5418,#5419),#116,.F.);
#6545=ADVANCED_FACE('',(#5420),#6122,.T.);
#6546=ADVANCED_FACE('',(#5421,#5422),#117,.F.);
#6547=ADVANCED_FACE('',(#5423),#6123,.T.);
#6548=ADVANCED_FACE('',(#5424,#5425),#118,.F.);
#6549=ADVANCED_FACE('',(#5426),#6124,.T.);
#6550=ADVANCED_FACE('',(#5427,#5428),#119,.F.);
#6551=ADVANCED_FACE('',(#5429),#6125,.T.);
#6552=ADVANCED_FACE('',(#5430,#5431),#120,.F.);
#6553=ADVANCED_FACE('',(#5432),#6126,.T.);
#6554=ADVANCED_FACE('',(#5433,#5434),#121,.F.);
#6555=ADVANCED_FACE('',(#5435),#6127,.T.);
#6556=ADVANCED_FACE('',(#5436,#5437),#122,.F.);
#6557=ADVANCED_FACE('',(#5438),#6128,.T.);
#6558=ADVANCED_FACE('',(#5439,#5440),#123,.F.);
#6559=ADVANCED_FACE('',(#5441),#6129,.T.);
#6560=ADVANCED_FACE('',(#5442,#5443),#124,.F.);
#6561=ADVANCED_FACE('',(#5444),#6130,.T.);
#6562=ADVANCED_FACE('',(#5445,#5446),#125,.F.);
#6563=ADVANCED_FACE('',(#5447),#6131,.T.);
#6564=ADVANCED_FACE('',(#5448,#5449),#126,.F.);
#6565=ADVANCED_FACE('',(#5450),#6132,.T.);
#6566=ADVANCED_FACE('',(#5451,#5452),#127,.F.);
#6567=ADVANCED_FACE('',(#5453),#6133,.T.);
#6568=ADVANCED_FACE('',(#5454,#5455),#128,.F.);
#6569=ADVANCED_FACE('',(#5456),#6134,.T.);
#6570=ADVANCED_FACE('',(#5457,#5458),#129,.F.);
#6571=ADVANCED_FACE('',(#5459),#6135,.T.);
#6572=ADVANCED_FACE('',(#5460,#5461),#130,.F.);
#6573=ADVANCED_FACE('',(#5462),#6136,.T.);
#6574=ADVANCED_FACE('',(#5463,#5464),#131,.F.);
#6575=ADVANCED_FACE('',(#5465),#6137,.T.);
#6576=ADVANCED_FACE('',(#5466,#5467),#132,.F.);
#6577=ADVANCED_FACE('',(#5468),#6138,.T.);
#6578=ADVANCED_FACE('',(#5469,#5470),#133,.F.);
#6579=ADVANCED_FACE('',(#5471),#6139,.T.);
#6580=ADVANCED_FACE('',(#5472,#5473),#134,.F.);
#6581=ADVANCED_FACE('',(#5474),#6140,.T.);
#6582=ADVANCED_FACE('',(#5475,#5476),#135,.F.);
#6583=ADVANCED_FACE('',(#5477),#6141,.T.);
#6584=ADVANCED_FACE('',(#5478,#5479),#136,.F.);
#6585=ADVANCED_FACE('',(#5480),#6142,.T.);
#6586=ADVANCED_FACE('',(#5481,#5482),#137,.F.);
#6587=ADVANCED_FACE('',(#5483),#6143,.T.);
#6588=ADVANCED_FACE('',(#5484,#5485),#138,.F.);
#6589=ADVANCED_FACE('',(#5486),#6144,.T.);
#6590=ADVANCED_FACE('',(#5487,#5488),#139,.F.);
#6591=ADVANCED_FACE('',(#5489),#6145,.T.);
#6592=ADVANCED_FACE('',(#5490,#5491),#140,.F.);
#6593=ADVANCED_FACE('',(#5492),#6146,.T.);
#6594=ADVANCED_FACE('',(#5493,#5494),#141,.F.);
#6595=ADVANCED_FACE('',(#5495),#6147,.T.);
#6596=ADVANCED_FACE('',(#5496,#5497),#142,.F.);
#6597=ADVANCED_FACE('',(#5498),#6148,.T.);
#6598=ADVANCED_FACE('',(#5499,#5500),#143,.F.);
#6599=ADVANCED_FACE('',(#5501),#6149,.T.);
#6600=ADVANCED_FACE('',(#5502,#5503),#144,.F.);
#6601=ADVANCED_FACE('',(#5504),#6150,.T.);
#6602=ADVANCED_FACE('',(#5505,#5506),#145,.F.);
#6603=ADVANCED_FACE('',(#5507),#6151,.T.);
#6604=ADVANCED_FACE('',(#5508,#5509),#146,.F.);
#6605=ADVANCED_FACE('',(#5510),#6152,.T.);
#6606=ADVANCED_FACE('',(#5511,#5512),#147,.F.);
#6607=ADVANCED_FACE('',(#5513),#6153,.T.);
#6608=ADVANCED_FACE('',(#5514,#5515),#148,.F.);
#6609=ADVANCED_FACE('',(#5516),#6154,.T.);
#6610=ADVANCED_FACE('',(#5517,#5518),#149,.F.);
#6611=ADVANCED_FACE('',(#5519),#6155,.T.);
#6612=ADVANCED_FACE('',(#5520,#5521),#150,.F.);
#6613=ADVANCED_FACE('',(#5522),#6156,.T.);
#6614=ADVANCED_FACE('',(#5523,#5524),#151,.F.);
#6615=ADVANCED_FACE('',(#5525),#6157,.T.);
#6616=ADVANCED_FACE('',(#5526,#5527),#152,.F.);
#6617=ADVANCED_FACE('',(#5528),#6158,.T.);
#6618=ADVANCED_FACE('',(#5529,#5530),#153,.F.);
#6619=ADVANCED_FACE('',(#5531),#6159,.T.);
#6620=ADVANCED_FACE('',(#5532,#5533),#154,.F.);
#6621=ADVANCED_FACE('',(#5534),#6160,.T.);
#6622=ADVANCED_FACE('',(#5535,#5536),#155,.F.);
#6623=ADVANCED_FACE('',(#5537),#6161,.T.);
#6624=ADVANCED_FACE('',(#5538,#5539),#156,.F.);
#6625=ADVANCED_FACE('',(#5540),#6162,.T.);
#6626=ADVANCED_FACE('',(#5541,#5542),#157,.F.);
#6627=ADVANCED_FACE('',(#5543),#6163,.T.);
#6628=ADVANCED_FACE('',(#5544,#5545),#158,.F.);
#6629=ADVANCED_FACE('',(#5546),#6164,.T.);
#6630=ADVANCED_FACE('',(#5547,#5548),#159,.F.);
#6631=ADVANCED_FACE('',(#5549),#6165,.T.);
#6632=ADVANCED_FACE('',(#5550,#5551),#160,.F.);
#6633=ADVANCED_FACE('',(#5552),#6166,.T.);
#6634=ADVANCED_FACE('',(#5553,#5554),#161,.F.);
#6635=ADVANCED_FACE('',(#5555),#6167,.T.);
#6636=ADVANCED_FACE('',(#5556,#5557),#162,.F.);
#6637=ADVANCED_FACE('',(#5558),#6168,.T.);
#6638=ADVANCED_FACE('',(#5559,#5560),#163,.F.);
#6639=ADVANCED_FACE('',(#5561),#6169,.T.);
#6640=ADVANCED_FACE('',(#5562,#5563),#164,.F.);
#6641=ADVANCED_FACE('',(#5564),#6170,.T.);
#6642=ADVANCED_FACE('',(#5565,#5566),#165,.F.);
#6643=ADVANCED_FACE('',(#5567),#6171,.T.);
#6644=ADVANCED_FACE('',(#5568,#5569),#166,.F.);
#6645=ADVANCED_FACE('',(#5570),#6172,.T.);
#6646=ADVANCED_FACE('',(#5571,#5572),#167,.F.);
#6647=ADVANCED_FACE('',(#5573),#6173,.T.);
#6648=ADVANCED_FACE('',(#5574,#5575),#168,.F.);
#6649=ADVANCED_FACE('',(#5576),#6174,.T.);
#6650=ADVANCED_FACE('',(#5577,#5578),#169,.F.);
#6651=ADVANCED_FACE('',(#5579),#6175,.T.);
#6652=ADVANCED_FACE('',(#5580,#5581),#170,.F.);
#6653=ADVANCED_FACE('',(#5582),#6176,.T.);
#6654=ADVANCED_FACE('',(#5583,#5584),#171,.F.);
#6655=ADVANCED_FACE('',(#5585),#6177,.T.);
#6656=ADVANCED_FACE('',(#5586,#5587),#172,.F.);
#6657=ADVANCED_FACE('',(#5588),#6178,.T.);
#6658=ADVANCED_FACE('',(#5589,#5590),#173,.F.);
#6659=ADVANCED_FACE('',(#5591),#6179,.T.);
#6660=ADVANCED_FACE('',(#5592,#5593),#174,.F.);
#6661=ADVANCED_FACE('',(#5594),#6180,.T.);
#6662=ADVANCED_FACE('',(#5595,#5596),#175,.F.);
#6663=ADVANCED_FACE('',(#5597),#6181,.T.);
#6664=ADVANCED_FACE('',(#5598,#5599),#176,.F.);
#6665=ADVANCED_FACE('',(#5600),#6182,.T.);
#6666=ADVANCED_FACE('',(#5601,#5602),#177,.F.);
#6667=ADVANCED_FACE('',(#5603),#6183,.T.);
#6668=ADVANCED_FACE('',(#5604,#5605),#178,.F.);
#6669=ADVANCED_FACE('',(#5606),#6184,.T.);
#6670=ADVANCED_FACE('',(#5607,#5608),#179,.F.);
#6671=ADVANCED_FACE('',(#5609),#6185,.T.);
#6672=ADVANCED_FACE('',(#5610,#5611),#180,.F.);
#6673=ADVANCED_FACE('',(#5612),#6186,.T.);
#6674=ADVANCED_FACE('',(#5613,#5614),#181,.F.);
#6675=ADVANCED_FACE('',(#5615),#6187,.T.);
#6676=ADVANCED_FACE('',(#5616,#5617),#182,.F.);
#6677=ADVANCED_FACE('',(#5618),#6188,.T.);
#6678=ADVANCED_FACE('',(#5619,#5620),#183,.F.);
#6679=ADVANCED_FACE('',(#5621),#6189,.T.);
#6680=ADVANCED_FACE('',(#5622,#5623),#184,.F.);
#6681=ADVANCED_FACE('',(#5624),#6190,.T.);
#6682=ADVANCED_FACE('',(#5625,#5626),#185,.F.);
#6683=ADVANCED_FACE('',(#5627),#6191,.T.);
#6684=ADVANCED_FACE('',(#5628,#5629),#186,.F.);
#6685=ADVANCED_FACE('',(#5630),#6192,.T.);
#6686=ADVANCED_FACE('',(#5631,#5632),#187,.F.);
#6687=ADVANCED_FACE('',(#5633),#6193,.T.);
#6688=ADVANCED_FACE('',(#5634,#5635),#188,.F.);
#6689=ADVANCED_FACE('',(#5636),#6194,.T.);
#6690=ADVANCED_FACE('',(#5637,#5638),#189,.F.);
#6691=ADVANCED_FACE('',(#5639),#6195,.T.);
#6692=ADVANCED_FACE('',(#5640,#5641),#190,.F.);
#6693=ADVANCED_FACE('',(#5642),#6196,.T.);
#6694=ADVANCED_FACE('',(#5643,#5644),#191,.F.);
#6695=ADVANCED_FACE('',(#5645),#6197,.T.);
#6696=ADVANCED_FACE('',(#5646,#5647),#192,.F.);
#6697=ADVANCED_FACE('',(#5648),#6198,.T.);
#6698=ADVANCED_FACE('',(#5649,#5650),#193,.F.);
#6699=ADVANCED_FACE('',(#5651),#6199,.T.);
#6700=ADVANCED_FACE('',(#5652,#5653),#194,.F.);
#6701=ADVANCED_FACE('',(#5654),#6200,.T.);
#6702=ADVANCED_FACE('',(#5655,#5656),#195,.F.);
#6703=ADVANCED_FACE('',(#5657),#6201,.T.);
#6704=ADVANCED_FACE('',(#5658,#5659),#196,.F.);
#6705=ADVANCED_FACE('',(#5660),#6202,.T.);
#6706=ADVANCED_FACE('',(#5661,#5662),#197,.F.);
#6707=ADVANCED_FACE('',(#5663),#6203,.T.);
#6708=ADVANCED_FACE('',(#5664,#5665),#198,.F.);
#6709=ADVANCED_FACE('',(#5666),#6204,.T.);
#6710=ADVANCED_FACE('',(#5667,#5668),#199,.F.);
#6711=ADVANCED_FACE('',(#5669),#6205,.T.);
#6712=ADVANCED_FACE('',(#5670,#5671),#200,.F.);
#6713=ADVANCED_FACE('',(#5672),#6206,.T.);
#6714=ADVANCED_FACE('',(#5673,#5674),#201,.F.);
#6715=ADVANCED_FACE('',(#5675),#6207,.T.);
#6716=ADVANCED_FACE('',(#5676,#5677),#202,.F.);
#6717=ADVANCED_FACE('',(#5678),#6208,.T.);
#6718=ADVANCED_FACE('',(#5679,#5680),#203,.F.);
#6719=ADVANCED_FACE('',(#5681),#6209,.T.);
#6720=ADVANCED_FACE('',(#5682,#5683),#204,.F.);
#6721=ADVANCED_FACE('',(#5684),#6210,.T.);
#6722=ADVANCED_FACE('',(#5685,#5686),#205,.F.);
#6723=ADVANCED_FACE('',(#5687),#6211,.T.);
#6724=ADVANCED_FACE('',(#5688,#5689),#206,.F.);
#6725=ADVANCED_FACE('',(#5690),#6212,.T.);
#6726=ADVANCED_FACE('',(#5691,#5692),#207,.F.);
#6727=ADVANCED_FACE('',(#5693),#6213,.T.);
#6728=ADVANCED_FACE('',(#5694),#6214,.T.);
#6729=ADVANCED_FACE('',(#5695,#5696,#5697,#5698,#5699,#5700,#5701,#5702,
#5703,#5704,#5705,#5706,#5707,#5708,#5709,#5710,#5711,#5712,#5713,#5714,
#5715,#5716,#5717,#5718,#5719,#5720,#5721,#5722,#5723,#5724,#5725,#5726,
#5727),#6215,.T.);
#6730=ADVANCED_FACE('',(#5728),#6216,.T.);
#6731=ADVANCED_FACE('',(#5729),#6217,.T.);
#6732=ADVANCED_FACE('',(#5730),#6218,.T.);
#6733=ADVANCED_FACE('',(#5731),#6219,.T.);
#6734=ADVANCED_FACE('',(#5732),#6220,.F.);
#6735=ADVANCED_FACE('',(#5733),#6221,.F.);
#6736=ADVANCED_FACE('',(#5734),#6222,.T.);
#6737=ADVANCED_FACE('',(#5735,#5736),#6223,.F.);
#6738=ADVANCED_FACE('',(#5737),#6224,.F.);
#6739=ADVANCED_FACE('',(#5738),#6225,.T.);
#6740=ADVANCED_FACE('',(#5739,#5740),#208,.F.);
#6741=ADVANCED_FACE('',(#5741),#6226,.T.);
#6742=ADVANCED_FACE('',(#5742,#5743),#209,.F.);
#6743=ADVANCED_FACE('',(#5744),#6227,.T.);
#6744=ADVANCED_FACE('',(#5745,#5746),#210,.F.);
#6745=ADVANCED_FACE('',(#5747),#6228,.T.);
#6746=ADVANCED_FACE('',(#5748,#5749),#211,.F.);
#6747=ADVANCED_FACE('',(#5750),#6229,.T.);
#6748=ADVANCED_FACE('',(#5751,#5752),#212,.F.);
#6749=ADVANCED_FACE('',(#5753),#6230,.T.);
#6750=ADVANCED_FACE('',(#5754,#5755),#213,.F.);
#6751=ADVANCED_FACE('',(#5756),#6231,.T.);
#6752=ADVANCED_FACE('',(#5757,#5758),#214,.F.);
#6753=ADVANCED_FACE('',(#5759),#6232,.T.);
#6754=ADVANCED_FACE('',(#5760,#5761),#215,.F.);
#6755=ADVANCED_FACE('',(#5762),#6233,.T.);
#6756=ADVANCED_FACE('',(#5763,#5764),#216,.F.);
#6757=ADVANCED_FACE('',(#5765),#6234,.T.);
#6758=ADVANCED_FACE('',(#5766,#5767),#217,.F.);
#6759=ADVANCED_FACE('',(#5768),#6235,.T.);
#6760=ADVANCED_FACE('',(#5769,#5770),#218,.F.);
#6761=ADVANCED_FACE('',(#5771),#6236,.T.);
#6762=ADVANCED_FACE('',(#5772,#5773),#219,.F.);
#6763=ADVANCED_FACE('',(#5774),#6237,.T.);
#6764=ADVANCED_FACE('',(#5775,#5776),#220,.F.);
#6765=ADVANCED_FACE('',(#5777),#6238,.T.);
#6766=ADVANCED_FACE('',(#5778,#5779),#221,.F.);
#6767=ADVANCED_FACE('',(#5780),#6239,.T.);
#6768=ADVANCED_FACE('',(#5781,#5782),#222,.F.);
#6769=ADVANCED_FACE('',(#5783),#6240,.T.);
#6770=ADVANCED_FACE('',(#5784,#5785),#223,.F.);
#6771=ADVANCED_FACE('',(#5786),#6241,.T.);
#6772=ADVANCED_FACE('',(#5787,#5788),#224,.F.);
#6773=ADVANCED_FACE('',(#5789),#6242,.T.);
#6774=ADVANCED_FACE('',(#5790,#5791),#225,.F.);
#6775=ADVANCED_FACE('',(#5792),#6243,.T.);
#6776=ADVANCED_FACE('',(#5793,#5794),#226,.F.);
#6777=ADVANCED_FACE('',(#5795),#6244,.T.);
#6778=ADVANCED_FACE('',(#5796,#5797),#227,.F.);
#6779=ADVANCED_FACE('',(#5798),#6245,.T.);
#6780=ADVANCED_FACE('',(#5799,#5800),#228,.F.);
#6781=ADVANCED_FACE('',(#5801),#6246,.T.);
#6782=ADVANCED_FACE('',(#5802,#5803),#229,.F.);
#6783=ADVANCED_FACE('',(#5804),#6247,.T.);
#6784=ADVANCED_FACE('',(#5805,#5806),#230,.F.);
#6785=ADVANCED_FACE('',(#5807),#6248,.T.);
#6786=ADVANCED_FACE('',(#5808,#5809),#231,.F.);
#6787=ADVANCED_FACE('',(#5810),#6249,.T.);
#6788=ADVANCED_FACE('',(#5811,#5812),#232,.F.);
#6789=ADVANCED_FACE('',(#5813),#6250,.T.);
#6790=ADVANCED_FACE('',(#5814,#5815),#233,.F.);
#6791=ADVANCED_FACE('',(#5816),#6251,.T.);
#6792=ADVANCED_FACE('',(#5817,#5818),#234,.F.);
#6793=ADVANCED_FACE('',(#5819),#6252,.T.);
#6794=ADVANCED_FACE('',(#5820,#5821),#235,.F.);
#6795=ADVANCED_FACE('',(#5822),#6253,.T.);
#6796=ADVANCED_FACE('',(#5823,#5824),#236,.F.);
#6797=ADVANCED_FACE('',(#5825),#6254,.T.);
#6798=ADVANCED_FACE('',(#5826,#5827),#237,.F.);
#6799=ADVANCED_FACE('',(#5828),#6255,.T.);
#6800=ADVANCED_FACE('',(#5829,#5830),#238,.F.);
#6801=ADVANCED_FACE('',(#5831),#6256,.T.);
#6802=ADVANCED_FACE('',(#5832,#5833),#239,.F.);
#6803=ADVANCED_FACE('',(#5834),#6257,.T.);
#6804=ADVANCED_FACE('',(#5835),#6258,.T.);
#6805=ADVANCED_FACE('',(#5836,#5837,#5838,#5839,#5840,#5841,#5842,#5843,
#5844,#5845,#5846,#5847,#5848,#5849,#5850,#5851,#5852,#5853,#5854,#5855,
#5856,#5857,#5858,#5859,#5860,#5861,#5862,#5863,#5864,#5865,#5866,#5867,
#5868),#6259,.T.);
#6806=ADVANCED_FACE('',(#5869),#6260,.T.);
#6807=ADVANCED_FACE('',(#5870),#6261,.T.);
#6808=ADVANCED_FACE('',(#5871),#6262,.T.);
#6809=ADVANCED_FACE('',(#5872),#6263,.T.);
#6810=ADVANCED_FACE('',(#5873),#6264,.F.);
#6811=ADVANCED_FACE('',(#5874),#6265,.F.);
#6812=ADVANCED_FACE('',(#5875),#6266,.T.);
#6813=ADVANCED_FACE('',(#5876,#5877),#6267,.F.);
#6814=ADVANCED_FACE('',(#5878),#6268,.F.);
#6815=ADVANCED_FACE('',(#5879),#6269,.T.);
#6816=ADVANCED_FACE('',(#5880,#5881),#240,.F.);
#6817=ADVANCED_FACE('',(#5882),#6270,.T.);
#6818=ADVANCED_FACE('',(#5883,#5884),#241,.F.);
#6819=ADVANCED_FACE('',(#5885),#6271,.T.);
#6820=ADVANCED_FACE('',(#5886,#5887),#242,.F.);
#6821=ADVANCED_FACE('',(#5888),#6272,.T.);
#6822=ADVANCED_FACE('',(#5889,#5890),#243,.F.);
#6823=ADVANCED_FACE('',(#5891),#6273,.T.);
#6824=ADVANCED_FACE('',(#5892,#5893),#244,.F.);
#6825=ADVANCED_FACE('',(#5894),#6274,.T.);
#6826=ADVANCED_FACE('',(#5895,#5896),#245,.F.);
#6827=ADVANCED_FACE('',(#5897),#6275,.T.);
#6828=ADVANCED_FACE('',(#5898,#5899),#246,.F.);
#6829=ADVANCED_FACE('',(#5900),#6276,.T.);
#6830=ADVANCED_FACE('',(#5901,#5902),#247,.F.);
#6831=ADVANCED_FACE('',(#5903),#6277,.T.);
#6832=ADVANCED_FACE('',(#5904,#5905),#248,.F.);
#6833=ADVANCED_FACE('',(#5906),#6278,.T.);
#6834=ADVANCED_FACE('',(#5907,#5908),#249,.F.);
#6835=ADVANCED_FACE('',(#5909),#6279,.T.);
#6836=ADVANCED_FACE('',(#5910,#5911),#250,.F.);
#6837=ADVANCED_FACE('',(#5912),#6280,.T.);
#6838=ADVANCED_FACE('',(#5913,#5914),#251,.F.);
#6839=ADVANCED_FACE('',(#5915),#6281,.T.);
#6840=ADVANCED_FACE('',(#5916,#5917),#252,.F.);
#6841=ADVANCED_FACE('',(#5918),#6282,.T.);
#6842=ADVANCED_FACE('',(#5919,#5920),#253,.F.);
#6843=ADVANCED_FACE('',(#5921),#6283,.T.);
#6844=ADVANCED_FACE('',(#5922,#5923),#254,.F.);
#6845=ADVANCED_FACE('',(#5924),#6284,.T.);
#6846=ADVANCED_FACE('',(#5925,#5926),#255,.F.);
#6847=ADVANCED_FACE('',(#5927),#6285,.T.);
#6848=ADVANCED_FACE('',(#5928,#5929),#256,.F.);
#6849=ADVANCED_FACE('',(#5930),#6286,.T.);
#6850=ADVANCED_FACE('',(#5931,#5932),#257,.F.);
#6851=ADVANCED_FACE('',(#5933),#6287,.T.);
#6852=ADVANCED_FACE('',(#5934,#5935),#258,.F.);
#6853=ADVANCED_FACE('',(#5936),#6288,.T.);
#6854=ADVANCED_FACE('',(#5937,#5938),#259,.F.);
#6855=ADVANCED_FACE('',(#5939),#6289,.T.);
#6856=ADVANCED_FACE('',(#5940,#5941),#260,.F.);
#6857=ADVANCED_FACE('',(#5942),#6290,.T.);
#6858=ADVANCED_FACE('',(#5943,#5944),#261,.F.);
#6859=ADVANCED_FACE('',(#5945),#6291,.T.);
#6860=ADVANCED_FACE('',(#5946,#5947),#262,.F.);
#6861=ADVANCED_FACE('',(#5948),#6292,.T.);
#6862=ADVANCED_FACE('',(#5949,#5950),#263,.F.);
#6863=ADVANCED_FACE('',(#5951),#6293,.T.);
#6864=ADVANCED_FACE('',(#5952,#5953),#264,.F.);
#6865=ADVANCED_FACE('',(#5954),#6294,.T.);
#6866=ADVANCED_FACE('',(#5955,#5956),#265,.F.);
#6867=ADVANCED_FACE('',(#5957),#6295,.T.);
#6868=ADVANCED_FACE('',(#5958,#5959),#266,.F.);
#6869=ADVANCED_FACE('',(#5960),#6296,.T.);
#6870=ADVANCED_FACE('',(#5961,#5962),#267,.F.);
#6871=ADVANCED_FACE('',(#5963),#6297,.T.);
#6872=ADVANCED_FACE('',(#5964,#5965),#268,.F.);
#6873=ADVANCED_FACE('',(#5966),#6298,.T.);
#6874=ADVANCED_FACE('',(#5967,#5968),#269,.F.);
#6875=ADVANCED_FACE('',(#5969),#6299,.T.);
#6876=ADVANCED_FACE('',(#5970,#5971),#270,.F.);
#6877=ADVANCED_FACE('',(#5972),#6300,.T.);
#6878=ADVANCED_FACE('',(#5973,#5974),#271,.F.);
#6879=ADVANCED_FACE('',(#5975),#6301,.T.);
#6880=CLOSED_SHELL('',(#6302,#6303,#6304,#6305,#6306,#6307,#6308,#6309,
#6310,#6311,#6312,#6313,#6314,#6315,#6316,#6317,#6318,#6319,#6320,#6321,
#6322,#6323,#6324,#6325,#6326,#6327,#6328,#6329,#6330,#6331,#6332,#6333,
#6334,#6335,#6336,#6337,#6338,#6339,#6340,#6341,#6342,#6343,#6344,#6345,
#6346,#6347,#6348,#6349,#6350,#6351,#6352,#6353,#6354,#6355,#6356,#6357,
#6358,#6359,#6360,#6361,#6362,#6363,#6364,#6365,#6366,#6367,#6368,#6369,
#6370,#6371,#6372,#6373));
#6881=CLOSED_SHELL('',(#6374,#6375,#6376,#6377,#6378,#6379,#6380,#6381,
#6382,#6383,#6384,#6385,#6386,#6387,#6388,#6389,#6390,#6391,#6392,#6393,
#6394,#6395,#6396,#6397,#6398,#6399,#6400,#6401,#6402,#6403,#6404,#6405,
#6406,#6407,#6408,#6409,#6410,#6411,#6412,#6413,#6414,#6415,#6416,#6417,
#6418,#6419,#6420,#6421,#6422,#6423,#6424,#6425,#6426,#6427,#6428,#6429,
#6430,#6431,#6432,#6433,#6434,#6435,#6436,#6437,#6438,#6439,#6440,#6441,
#6442,#6443,#6444,#6445,#6446,#6447,#6448,#6449));
#6882=CLOSED_SHELL('',(#6450,#6451,#6452,#6453,#6454,#6455,#6456,#6457,
#6458,#6459,#6460,#6461,#6462,#6463,#6464,#6465,#6466,#6467,#6468,#6469,
#6470,#6471,#6472,#6473,#6474,#6475,#6476,#6477,#6478,#6479,#6480,#6481,
#6482,#6483,#6484,#6485,#6486,#6487,#6488,#6489,#6490,#6491,#6492,#6493,
#6494,#6495,#6496,#6497,#6498,#6499,#6500,#6501,#6502,#6503,#6504,#6505,
#6506,#6507,#6508,#6509,#6510,#6511,#6512,#6513,#6514,#6515,#6516,#6517,
#6518,#6519,#6520,#6521,#6522,#6523,#6524,#6525,#6526,#6527,#6528,#6529,
#6530,#6531,#6532,#6533,#6534,#6535,#6536,#6537,#6538,#6539,#6540,#6541,
#6542,#6543,#6544,#6545,#6546,#6547,#6548,#6549,#6550,#6551,#6552,#6553,
#6554,#6555,#6556,#6557,#6558,#6559,#6560,#6561,#6562,#6563,#6564,#6565,
#6566,#6567,#6568,#6569,#6570,#6571,#6572,#6573,#6574,#6575,#6576,#6577,
#6578,#6579,#6580,#6581,#6582,#6583,#6584,#6585,#6586,#6587,#6588,#6589,
#6590,#6591,#6592,#6593,#6594,#6595,#6596,#6597,#6598,#6599,#6600,#6601,
#6602,#6603,#6604,#6605,#6606,#6607,#6608,#6609,#6610,#6611,#6612,#6613,
#6614,#6615,#6616,#6617,#6618,#6619,#6620,#6621,#6622,#6623,#6624,#6625,
#6626,#6627,#6628,#6629,#6630,#6631,#6632,#6633,#6634,#6635,#6636,#6637,
#6638,#6639,#6640,#6641,#6642,#6643,#6644,#6645,#6646,#6647,#6648,#6649,
#6650,#6651,#6652,#6653,#6654,#6655,#6656,#6657,#6658,#6659,#6660,#6661,
#6662,#6663,#6664,#6665,#6666,#6667,#6668,#6669,#6670,#6671,#6672,#6673,
#6674,#6675,#6676,#6677,#6678,#6679,#6680,#6681,#6682,#6683,#6684,#6685,
#6686,#6687,#6688,#6689,#6690,#6691,#6692,#6693,#6694,#6695,#6696,#6697,
#6698,#6699,#6700,#6701,#6702,#6703,#6704,#6705,#6706,#6707,#6708,#6709,
#6710,#6711,#6712,#6713,#6714,#6715,#6716,#6717,#6718,#6719,#6720,#6721,
#6722,#6723,#6724,#6725,#6726,#6727));
#6883=CLOSED_SHELL('',(#6728,#6729,#6730,#6731,#6732,#6733,#6734,#6735,
#6736,#6737,#6738,#6739,#6740,#6741,#6742,#6743,#6744,#6745,#6746,#6747,
#6748,#6749,#6750,#6751,#6752,#6753,#6754,#6755,#6756,#6757,#6758,#6759,
#6760,#6761,#6762,#6763,#6764,#6765,#6766,#6767,#6768,#6769,#6770,#6771,
#6772,#6773,#6774,#6775,#6776,#6777,#6778,#6779,#6780,#6781,#6782,#6783,
#6784,#6785,#6786,#6787,#6788,#6789,#6790,#6791,#6792,#6793,#6794,#6795,
#6796,#6797,#6798,#6799,#6800,#6801,#6802,#6803));
#6884=CLOSED_SHELL('',(#6804,#6805,#6806,#6807,#6808,#6809,#6810,#6811,
#6812,#6813,#6814,#6815,#6816,#6817,#6818,#6819,#6820,#6821,#6822,#6823,
#6824,#6825,#6826,#6827,#6828,#6829,#6830,#6831,#6832,#6833,#6834,#6835,
#6836,#6837,#6838,#6839,#6840,#6841,#6842,#6843,#6844,#6845,#6846,#6847,
#6848,#6849,#6850,#6851,#6852,#6853,#6854,#6855,#6856,#6857,#6858,#6859,
#6860,#6861,#6862,#6863,#6864,#6865,#6866,#6867,#6868,#6869,#6870,#6871,
#6872,#6873,#6874,#6875,#6876,#6877,#6878,#6879));
#6885=STYLED_ITEM('',(#6890),#6922);
#6886=STYLED_ITEM('',(#6891),#6923);
#6887=STYLED_ITEM('',(#6892),#6924);
#6888=STYLED_ITEM('',(#6893),#6925);
#6889=STYLED_ITEM('',(#6894),#6926);
#6890=PRESENTATION_STYLE_ASSIGNMENT((#6895));
#6891=PRESENTATION_STYLE_ASSIGNMENT((#6896));
#6892=PRESENTATION_STYLE_ASSIGNMENT((#6897));
#6893=PRESENTATION_STYLE_ASSIGNMENT((#6898));
#6894=PRESENTATION_STYLE_ASSIGNMENT((#6899));
#6895=SURFACE_STYLE_USAGE(.BOTH.,#6900);
#6896=SURFACE_STYLE_USAGE(.BOTH.,#6901);
#6897=SURFACE_STYLE_USAGE(.BOTH.,#6902);
#6898=SURFACE_STYLE_USAGE(.BOTH.,#6903);
#6899=SURFACE_STYLE_USAGE(.BOTH.,#6904);
#6900=SURFACE_SIDE_STYLE('',(#6905));
#6901=SURFACE_SIDE_STYLE('',(#6906));
#6902=SURFACE_SIDE_STYLE('',(#6907));
#6903=SURFACE_SIDE_STYLE('',(#6908));
#6904=SURFACE_SIDE_STYLE('',(#6909));
#6905=SURFACE_STYLE_FILL_AREA(#6910);
#6906=SURFACE_STYLE_FILL_AREA(#6911);
#6907=SURFACE_STYLE_FILL_AREA(#6912);
#6908=SURFACE_STYLE_FILL_AREA(#6913);
#6909=SURFACE_STYLE_FILL_AREA(#6914);
#6910=FILL_AREA_STYLE('',(#6915));
#6911=FILL_AREA_STYLE('',(#6916));
#6912=FILL_AREA_STYLE('',(#6917));
#6913=FILL_AREA_STYLE('',(#6918));
#6914=FILL_AREA_STYLE('',(#6919));
#6915=FILL_AREA_STYLE_COLOUR('',#6920);
#6916=FILL_AREA_STYLE_COLOUR('',#6920);
#6917=FILL_AREA_STYLE_COLOUR('',#6921);
#6918=FILL_AREA_STYLE_COLOUR('',#6920);
#6919=FILL_AREA_STYLE_COLOUR('',#6920);
#6920=COLOUR_RGB('',0.615686274509804,0.811764705882353,0.929411764705882);
#6921=COLOUR_RGB('',1.,0.756862745098039,0.0549019607843137);
#6922=MANIFOLD_SOLID_BREP('Tenon C0.40',#6880);
#6923=MANIFOLD_SOLID_BREP('Tenon C0.20',#6881);
#6924=MANIFOLD_SOLID_BREP('Mortise rail - C0.20 to C0.50',#6882);
#6925=MANIFOLD_SOLID_BREP('Tenon C0.50',#6883);
#6926=MANIFOLD_SOLID_BREP('Tenon C0.30',#6884);
#6927=SHAPE_DEFINITION_REPRESENTATION(#12287,#6932);
#6928=SHAPE_DEFINITION_REPRESENTATION(#12288,#6933);
#6929=SHAPE_DEFINITION_REPRESENTATION(#12289,#6934);
#6930=SHAPE_DEFINITION_REPRESENTATION(#12290,#6935);
#6931=SHAPE_DEFINITION_REPRESENTATION(#12291,#6936);
#6932=SHAPE_REPRESENTATION('Tenon C0.40',(#6937),#12262);
#6933=SHAPE_REPRESENTATION('Tenon C0.20',(#7070),#12263);
#6934=SHAPE_REPRESENTATION('Mortise rail - C0.20 to C0.50',(#7211),#12264);
#6935=SHAPE_REPRESENTATION('Tenon C0.50',(#7742),#12265);
#6936=SHAPE_REPRESENTATION('Tenon C0.30',(#7883),#12266);
#6937=AXIS2_PLACEMENT_3D('',#10374,#8024,#8025);
#6938=AXIS2_PLACEMENT_3D('',#10375,#8026,#8027);
#6939=AXIS2_PLACEMENT_3D('',#10386,#8033,#8034);
#6940=AXIS2_PLACEMENT_3D('',#10387,#8035,#8036);
#6941=AXIS2_PLACEMENT_3D('',#10389,#8037,#8038);
#6942=AXIS2_PLACEMENT_3D('',#10391,#8039,#8040);
#6943=AXIS2_PLACEMENT_3D('',#10393,#8041,#8042);
#6944=AXIS2_PLACEMENT_3D('',#10395,#8043,#8044);
#6945=AXIS2_PLACEMENT_3D('',#10397,#8045,#8046);
#6946=AXIS2_PLACEMENT_3D('',#10399,#8047,#8048);
#6947=AXIS2_PLACEMENT_3D('',#10401,#8049,#8050);
#6948=AXIS2_PLACEMENT_3D('',#10403,#8051,#8052);
#6949=AXIS2_PLACEMENT_3D('',#10405,#8053,#8054);
#6950=AXIS2_PLACEMENT_3D('',#10407,#8055,#8056);
#6951=AXIS2_PLACEMENT_3D('',#10409,#8057,#8058);
#6952=AXIS2_PLACEMENT_3D('',#10411,#8059,#8060);
#6953=AXIS2_PLACEMENT_3D('',#10413,#8061,#8062);
#6954=AXIS2_PLACEMENT_3D('',#10415,#8063,#8064);
#6955=AXIS2_PLACEMENT_3D('',#10417,#8065,#8066);
#6956=AXIS2_PLACEMENT_3D('',#10419,#8067,#8068);
#6957=AXIS2_PLACEMENT_3D('',#10421,#8069,#8070);
#6958=AXIS2_PLACEMENT_3D('',#10423,#8071,#8072);
#6959=AXIS2_PLACEMENT_3D('',#10425,#8073,#8074);
#6960=AXIS2_PLACEMENT_3D('',#10427,#8075,#8076);
#6961=AXIS2_PLACEMENT_3D('',#10429,#8077,#8078);
#6962=AXIS2_PLACEMENT_3D('',#10431,#8079,#8080);
#6963=AXIS2_PLACEMENT_3D('',#10433,#8081,#8082);
#6964=AXIS2_PLACEMENT_3D('',#10435,#8083,#8084);
#6965=AXIS2_PLACEMENT_3D('',#10437,#8085,#8086);
#6966=AXIS2_PLACEMENT_3D('',#10439,#8087,#8088);
#6967=AXIS2_PLACEMENT_3D('',#10441,#8089,#8090);
#6968=AXIS2_PLACEMENT_3D('',#10443,#8091,#8092);
#6969=AXIS2_PLACEMENT_3D('',#10445,#8093,#8094);
#6970=AXIS2_PLACEMENT_3D('',#10452,#8098,#8099);
#6971=AXIS2_PLACEMENT_3D('',#10456,#8102,#8103);
#6972=AXIS2_PLACEMENT_3D('',#10462,#8107,#8108);
#6973=AXIS2_PLACEMENT_3D('',#10464,#8110,#8111);
#6974=AXIS2_PLACEMENT_3D('',#10473,#8116,#8117);
#6975=AXIS2_PLACEMENT_3D('',#10479,#8121,#8122);
#6976=AXIS2_PLACEMENT_3D('',#10485,#8126,#8127);
#6977=AXIS2_PLACEMENT_3D('',#10488,#8130,#8131);
#6978=AXIS2_PLACEMENT_3D('',#10490,#8133,#8134);
#6979=AXIS2_PLACEMENT_3D('',#10491,#8135,#8136);
#6980=AXIS2_PLACEMENT_3D('',#10492,#8137,#8138);
#6981=AXIS2_PLACEMENT_3D('',#10493,#8139,#8140);
#6982=AXIS2_PLACEMENT_3D('',#10495,#8141,#8142);
#6983=AXIS2_PLACEMENT_3D('',#10496,#8143,#8144);
#6984=AXIS2_PLACEMENT_3D('',#10497,#8145,#8146);
#6985=AXIS2_PLACEMENT_3D('',#10499,#8147,#8148);
#6986=AXIS2_PLACEMENT_3D('',#10500,#8149,#8150);
#6987=AXIS2_PLACEMENT_3D('',#10501,#8151,#8152);
#6988=AXIS2_PLACEMENT_3D('',#10503,#8153,#8154);
#6989=AXIS2_PLACEMENT_3D('',#10504,#8155,#8156);
#6990=AXIS2_PLACEMENT_3D('',#10505,#8157,#8158);
#6991=AXIS2_PLACEMENT_3D('',#10507,#8159,#8160);
#6992=AXIS2_PLACEMENT_3D('',#10508,#8161,#8162);
#6993=AXIS2_PLACEMENT_3D('',#10509,#8163,#8164);
#6994=AXIS2_PLACEMENT_3D('',#10511,#8165,#8166);
#6995=AXIS2_PLACEMENT_3D('',#10512,#8167,#8168);
#6996=AXIS2_PLACEMENT_3D('',#10513,#8169,#8170);
#6997=AXIS2_PLACEMENT_3D('',#10515,#8171,#8172);
#6998=AXIS2_PLACEMENT_3D('',#10516,#8173,#8174);
#6999=AXIS2_PLACEMENT_3D('',#10517,#8175,#8176);
#7000=AXIS2_PLACEMENT_3D('',#10519,#8177,#8178);
#7001=AXIS2_PLACEMENT_3D('',#10520,#8179,#8180);
#7002=AXIS2_PLACEMENT_3D('',#10521,#8181,#8182);
#7003=AXIS2_PLACEMENT_3D('',#10523,#8183,#8184);
#7004=AXIS2_PLACEMENT_3D('',#10524,#8185,#8186);
#7005=AXIS2_PLACEMENT_3D('',#10525,#8187,#8188);
#7006=AXIS2_PLACEMENT_3D('',#10527,#8189,#8190);
#7007=AXIS2_PLACEMENT_3D('',#10528,#8191,#8192);
#7008=AXIS2_PLACEMENT_3D('',#10529,#8193,#8194);
#7009=AXIS2_PLACEMENT_3D('',#10531,#8195,#8196);
#7010=AXIS2_PLACEMENT_3D('',#10532,#8197,#8198);
#7011=AXIS2_PLACEMENT_3D('',#10533,#8199,#8200);
#7012=AXIS2_PLACEMENT_3D('',#10535,#8201,#8202);
#7013=AXIS2_PLACEMENT_3D('',#10536,#8203,#8204);
#7014=AXIS2_PLACEMENT_3D('',#10537,#8205,#8206);
#7015=AXIS2_PLACEMENT_3D('',#10539,#8207,#8208);
#7016=AXIS2_PLACEMENT_3D('',#10540,#8209,#8210);
#7017=AXIS2_PLACEMENT_3D('',#10541,#8211,#8212);
#7018=AXIS2_PLACEMENT_3D('',#10543,#8213,#8214);
#7019=AXIS2_PLACEMENT_3D('',#10544,#8215,#8216);
#7020=AXIS2_PLACEMENT_3D('',#10545,#8217,#8218);
#7021=AXIS2_PLACEMENT_3D('',#10547,#8219,#8220);
#7022=AXIS2_PLACEMENT_3D('',#10548,#8221,#8222);
#7023=AXIS2_PLACEMENT_3D('',#10549,#8223,#8224);
#7024=AXIS2_PLACEMENT_3D('',#10551,#8225,#8226);
#7025=AXIS2_PLACEMENT_3D('',#10552,#8227,#8228);
#7026=AXIS2_PLACEMENT_3D('',#10553,#8229,#8230);
#7027=AXIS2_PLACEMENT_3D('',#10555,#8231,#8232);
#7028=AXIS2_PLACEMENT_3D('',#10556,#8233,#8234);
#7029=AXIS2_PLACEMENT_3D('',#10557,#8235,#8236);
#7030=AXIS2_PLACEMENT_3D('',#10559,#8237,#8238);
#7031=AXIS2_PLACEMENT_3D('',#10560,#8239,#8240);
#7032=AXIS2_PLACEMENT_3D('',#10561,#8241,#8242);
#7033=AXIS2_PLACEMENT_3D('',#10563,#8243,#8244);
#7034=AXIS2_PLACEMENT_3D('',#10564,#8245,#8246);
#7035=AXIS2_PLACEMENT_3D('',#10565,#8247,#8248);
#7036=AXIS2_PLACEMENT_3D('',#10567,#8249,#8250);
#7037=AXIS2_PLACEMENT_3D('',#10568,#8251,#8252);
#7038=AXIS2_PLACEMENT_3D('',#10569,#8253,#8254);
#7039=AXIS2_PLACEMENT_3D('',#10571,#8255,#8256);
#7040=AXIS2_PLACEMENT_3D('',#10572,#8257,#8258);
#7041=AXIS2_PLACEMENT_3D('',#10573,#8259,#8260);
#7042=AXIS2_PLACEMENT_3D('',#10575,#8261,#8262);
#7043=AXIS2_PLACEMENT_3D('',#10576,#8263,#8264);
#7044=AXIS2_PLACEMENT_3D('',#10577,#8265,#8266);
#7045=AXIS2_PLACEMENT_3D('',#10579,#8267,#8268);
#7046=AXIS2_PLACEMENT_3D('',#10580,#8269,#8270);
#7047=AXIS2_PLACEMENT_3D('',#10581,#8271,#8272);
#7048=AXIS2_PLACEMENT_3D('',#10583,#8273,#8274);
#7049=AXIS2_PLACEMENT_3D('',#10584,#8275,#8276);
#7050=AXIS2_PLACEMENT_3D('',#10585,#8277,#8278);
#7051=AXIS2_PLACEMENT_3D('',#10587,#8279,#8280);
#7052=AXIS2_PLACEMENT_3D('',#10588,#8281,#8282);
#7053=AXIS2_PLACEMENT_3D('',#10589,#8283,#8284);
#7054=AXIS2_PLACEMENT_3D('',#10591,#8285,#8286);
#7055=AXIS2_PLACEMENT_3D('',#10592,#8287,#8288);
#7056=AXIS2_PLACEMENT_3D('',#10593,#8289,#8290);
#7057=AXIS2_PLACEMENT_3D('',#10595,#8291,#8292);
#7058=AXIS2_PLACEMENT_3D('',#10596,#8293,#8294);
#7059=AXIS2_PLACEMENT_3D('',#10597,#8295,#8296);
#7060=AXIS2_PLACEMENT_3D('',#10599,#8297,#8298);
#7061=AXIS2_PLACEMENT_3D('',#10600,#8299,#8300);
#7062=AXIS2_PLACEMENT_3D('',#10601,#8301,#8302);
#7063=AXIS2_PLACEMENT_3D('',#10603,#8303,#8304);
#7064=AXIS2_PLACEMENT_3D('',#10604,#8305,#8306);
#7065=AXIS2_PLACEMENT_3D('',#10605,#8307,#8308);
#7066=AXIS2_PLACEMENT_3D('',#10607,#8309,#8310);
#7067=AXIS2_PLACEMENT_3D('',#10608,#8311,#8312);
#7068=AXIS2_PLACEMENT_3D('',#10609,#8313,#8314);
#7069=AXIS2_PLACEMENT_3D('',#10611,#8315,#8316);
#7070=AXIS2_PLACEMENT_3D('',#10612,#8317,#8318);
#7071=AXIS2_PLACEMENT_3D('',#10613,#8319,#8320);
#7072=AXIS2_PLACEMENT_3D('',#10624,#8326,#8327);
#7073=AXIS2_PLACEMENT_3D('',#10625,#8328,#8329);
#7074=AXIS2_PLACEMENT_3D('',#10627,#8330,#8331);
#7075=AXIS2_PLACEMENT_3D('',#10629,#8332,#8333);
#7076=AXIS2_PLACEMENT_3D('',#10631,#8334,#8335);
#7077=AXIS2_PLACEMENT_3D('',#10633,#8336,#8337);
#7078=AXIS2_PLACEMENT_3D('',#10635,#8338,#8339);
#7079=AXIS2_PLACEMENT_3D('',#10637,#8340,#8341);
#7080=AXIS2_PLACEMENT_3D('',#10639,#8342,#8343);
#7081=AXIS2_PLACEMENT_3D('',#10641,#8344,#8345);
#7082=AXIS2_PLACEMENT_3D('',#10643,#8346,#8347);
#7083=AXIS2_PLACEMENT_3D('',#10645,#8348,#8349);
#7084=AXIS2_PLACEMENT_3D('',#10647,#8350,#8351);
#7085=AXIS2_PLACEMENT_3D('',#10649,#8352,#8353);
#7086=AXIS2_PLACEMENT_3D('',#10651,#8354,#8355);
#7087=AXIS2_PLACEMENT_3D('',#10653,#8356,#8357);
#7088=AXIS2_PLACEMENT_3D('',#10655,#8358,#8359);
#7089=AXIS2_PLACEMENT_3D('',#10657,#8360,#8361);
#7090=AXIS2_PLACEMENT_3D('',#10659,#8362,#8363);
#7091=AXIS2_PLACEMENT_3D('',#10661,#8364,#8365);
#7092=AXIS2_PLACEMENT_3D('',#10663,#8366,#8367);
#7093=AXIS2_PLACEMENT_3D('',#10665,#8368,#8369);
#7094=AXIS2_PLACEMENT_3D('',#10667,#8370,#8371);
#7095=AXIS2_PLACEMENT_3D('',#10669,#8372,#8373);
#7096=AXIS2_PLACEMENT_3D('',#10671,#8374,#8375);
#7097=AXIS2_PLACEMENT_3D('',#10673,#8376,#8377);
#7098=AXIS2_PLACEMENT_3D('',#10675,#8378,#8379);
#7099=AXIS2_PLACEMENT_3D('',#10677,#8380,#8381);
#7100=AXIS2_PLACEMENT_3D('',#10679,#8382,#8383);
#7101=AXIS2_PLACEMENT_3D('',#10681,#8384,#8385);
#7102=AXIS2_PLACEMENT_3D('',#10683,#8386,#8387);
#7103=AXIS2_PLACEMENT_3D('',#10685,#8388,#8389);
#7104=AXIS2_PLACEMENT_3D('',#10687,#8390,#8391);
#7105=AXIS2_PLACEMENT_3D('',#10694,#8395,#8396);
#7106=AXIS2_PLACEMENT_3D('',#10698,#8399,#8400);
#7107=AXIS2_PLACEMENT_3D('',#10704,#8404,#8405);
#7108=AXIS2_PLACEMENT_3D('',#10706,#8407,#8408);
#7109=AXIS2_PLACEMENT_3D('',#10715,#8413,#8414);
#7110=AXIS2_PLACEMENT_3D('',#10721,#8418,#8419);
#7111=AXIS2_PLACEMENT_3D('',#10727,#8423,#8424);
#7112=AXIS2_PLACEMENT_3D('',#10730,#8427,#8428);
#7113=AXIS2_PLACEMENT_3D('',#10732,#8430,#8431);
#7114=AXIS2_PLACEMENT_3D('',#10733,#8432,#8433);
#7115=AXIS2_PLACEMENT_3D('',#10734,#8434,#8435);
#7116=AXIS2_PLACEMENT_3D('',#10735,#8436,#8437);
#7117=AXIS2_PLACEMENT_3D('',#10737,#8438,#8439);
#7118=AXIS2_PLACEMENT_3D('',#10738,#8440,#8441);
#7119=AXIS2_PLACEMENT_3D('',#10739,#8442,#8443);
#7120=AXIS2_PLACEMENT_3D('',#10741,#8444,#8445);
#7121=AXIS2_PLACEMENT_3D('',#10742,#8446,#8447);
#7122=AXIS2_PLACEMENT_3D('',#10743,#8448,#8449);
#7123=AXIS2_PLACEMENT_3D('',#10745,#8450,#8451);
#7124=AXIS2_PLACEMENT_3D('',#10746,#8452,#8453);
#7125=AXIS2_PLACEMENT_3D('',#10747,#8454,#8455);
#7126=AXIS2_PLACEMENT_3D('',#10749,#8456,#8457);
#7127=AXIS2_PLACEMENT_3D('',#10750,#8458,#8459);
#7128=AXIS2_PLACEMENT_3D('',#10751,#8460,#8461);
#7129=AXIS2_PLACEMENT_3D('',#10753,#8462,#8463);
#7130=AXIS2_PLACEMENT_3D('',#10754,#8464,#8465);
#7131=AXIS2_PLACEMENT_3D('',#10755,#8466,#8467);
#7132=AXIS2_PLACEMENT_3D('',#10757,#8468,#8469);
#7133=AXIS2_PLACEMENT_3D('',#10758,#8470,#8471);
#7134=AXIS2_PLACEMENT_3D('',#10759,#8472,#8473);
#7135=AXIS2_PLACEMENT_3D('',#10761,#8474,#8475);
#7136=AXIS2_PLACEMENT_3D('',#10762,#8476,#8477);
#7137=AXIS2_PLACEMENT_3D('',#10763,#8478,#8479);
#7138=AXIS2_PLACEMENT_3D('',#10765,#8480,#8481);
#7139=AXIS2_PLACEMENT_3D('',#10766,#8482,#8483);
#7140=AXIS2_PLACEMENT_3D('',#10767,#8484,#8485);
#7141=AXIS2_PLACEMENT_3D('',#10769,#8486,#8487);
#7142=AXIS2_PLACEMENT_3D('',#10770,#8488,#8489);
#7143=AXIS2_PLACEMENT_3D('',#10771,#8490,#8491);
#7144=AXIS2_PLACEMENT_3D('',#10773,#8492,#8493);
#7145=AXIS2_PLACEMENT_3D('',#10774,#8494,#8495);
#7146=AXIS2_PLACEMENT_3D('',#10775,#8496,#8497);
#7147=AXIS2_PLACEMENT_3D('',#10777,#8498,#8499);
#7148=AXIS2_PLACEMENT_3D('',#10778,#8500,#8501);
#7149=AXIS2_PLACEMENT_3D('',#10779,#8502,#8503);
#7150=AXIS2_PLACEMENT_3D('',#10781,#8504,#8505);
#7151=AXIS2_PLACEMENT_3D('',#10782,#8506,#8507);
#7152=AXIS2_PLACEMENT_3D('',#10783,#8508,#8509);
#7153=AXIS2_PLACEMENT_3D('',#10785,#8510,#8511);
#7154=AXIS2_PLACEMENT_3D('',#10786,#8512,#8513);
#7155=AXIS2_PLACEMENT_3D('',#10787,#8514,#8515);
#7156=AXIS2_PLACEMENT_3D('',#10789,#8516,#8517);
#7157=AXIS2_PLACEMENT_3D('',#10790,#8518,#8519);
#7158=AXIS2_PLACEMENT_3D('',#10791,#8520,#8521);
#7159=AXIS2_PLACEMENT_3D('',#10793,#8522,#8523);
#7160=AXIS2_PLACEMENT_3D('',#10794,#8524,#8525);
#7161=AXIS2_PLACEMENT_3D('',#10795,#8526,#8527);
#7162=AXIS2_PLACEMENT_3D('',#10797,#8528,#8529);
#7163=AXIS2_PLACEMENT_3D('',#10798,#8530,#8531);
#7164=AXIS2_PLACEMENT_3D('',#10799,#8532,#8533);
#7165=AXIS2_PLACEMENT_3D('',#10801,#8534,#8535);
#7166=AXIS2_PLACEMENT_3D('',#10802,#8536,#8537);
#7167=AXIS2_PLACEMENT_3D('',#10803,#8538,#8539);
#7168=AXIS2_PLACEMENT_3D('',#10805,#8540,#8541);
#7169=AXIS2_PLACEMENT_3D('',#10806,#8542,#8543);
#7170=AXIS2_PLACEMENT_3D('',#10807,#8544,#8545);
#7171=AXIS2_PLACEMENT_3D('',#10809,#8546,#8547);
#7172=AXIS2_PLACEMENT_3D('',#10810,#8548,#8549);
#7173=AXIS2_PLACEMENT_3D('',#10811,#8550,#8551);
#7174=AXIS2_PLACEMENT_3D('',#10813,#8552,#8553);
#7175=AXIS2_PLACEMENT_3D('',#10814,#8554,#8555);
#7176=AXIS2_PLACEMENT_3D('',#10815,#8556,#8557);
#7177=AXIS2_PLACEMENT_3D('',#10817,#8558,#8559);
#7178=AXIS2_PLACEMENT_3D('',#10818,#8560,#8561);
#7179=AXIS2_PLACEMENT_3D('',#10819,#8562,#8563);
#7180=AXIS2_PLACEMENT_3D('',#10821,#8564,#8565);
#7181=AXIS2_PLACEMENT_3D('',#10822,#8566,#8567);
#7182=AXIS2_PLACEMENT_3D('',#10823,#8568,#8569);
#7183=AXIS2_PLACEMENT_3D('',#10825,#8570,#8571);
#7184=AXIS2_PLACEMENT_3D('',#10826,#8572,#8573);
#7185=AXIS2_PLACEMENT_3D('',#10827,#8574,#8575);
#7186=AXIS2_PLACEMENT_3D('',#10829,#8576,#8577);
#7187=AXIS2_PLACEMENT_3D('',#10830,#8578,#8579);
#7188=AXIS2_PLACEMENT_3D('',#10831,#8580,#8581);
#7189=AXIS2_PLACEMENT_3D('',#10833,#8582,#8583);
#7190=AXIS2_PLACEMENT_3D('',#10834,#8584,#8585);
#7191=AXIS2_PLACEMENT_3D('',#10835,#8586,#8587);
#7192=AXIS2_PLACEMENT_3D('',#10837,#8588,#8589);
#7193=AXIS2_PLACEMENT_3D('',#10838,#8590,#8591);
#7194=AXIS2_PLACEMENT_3D('',#10839,#8592,#8593);
#7195=AXIS2_PLACEMENT_3D('',#10841,#8594,#8595);
#7196=AXIS2_PLACEMENT_3D('',#10842,#8596,#8597);
#7197=AXIS2_PLACEMENT_3D('',#10843,#8598,#8599);
#7198=AXIS2_PLACEMENT_3D('',#10845,#8600,#8601);
#7199=AXIS2_PLACEMENT_3D('',#10846,#8602,#8603);
#7200=AXIS2_PLACEMENT_3D('',#10847,#8604,#8605);
#7201=AXIS2_PLACEMENT_3D('',#10849,#8606,#8607);
#7202=AXIS2_PLACEMENT_3D('',#10850,#8608,#8609);
#7203=AXIS2_PLACEMENT_3D('',#10851,#8610,#8611);
#7204=AXIS2_PLACEMENT_3D('',#10853,#8612,#8613);
#7205=AXIS2_PLACEMENT_3D('',#10854,#8614,#8615);
#7206=AXIS2_PLACEMENT_3D('',#10855,#8616,#8617);
#7207=AXIS2_PLACEMENT_3D('',#10857,#8618,#8619);
#7208=AXIS2_PLACEMENT_3D('',#10858,#8620,#8621);
#7209=AXIS2_PLACEMENT_3D('',#10859,#8622,#8623);
#7210=AXIS2_PLACEMENT_3D('',#10861,#8624,#8625);
#7211=AXIS2_PLACEMENT_3D('',#10862,#8626,#8627);
#7212=AXIS2_PLACEMENT_3D('',#10863,#8628,#8629);
#7213=AXIS2_PLACEMENT_3D('',#10872,#8634,#8635);
#7214=AXIS2_PLACEMENT_3D('',#10878,#8639,#8640);
#7215=AXIS2_PLACEMENT_3D('',#10884,#8644,#8645);
#7216=AXIS2_PLACEMENT_3D('',#10893,#8650,#8651);
#7217=AXIS2_PLACEMENT_3D('',#10899,#8655,#8656);
#7218=AXIS2_PLACEMENT_3D('',#10905,#8660,#8661);
#7219=AXIS2_PLACEMENT_3D('',#10914,#8666,#8667);
#7220=AXIS2_PLACEMENT_3D('',#10920,#8671,#8672);
#7221=AXIS2_PLACEMENT_3D('',#10926,#8676,#8677);
#7222=AXIS2_PLACEMENT_3D('',#10935,#8682,#8683);
#7223=AXIS2_PLACEMENT_3D('',#10941,#8687,#8688);
#7224=AXIS2_PLACEMENT_3D('',#10947,#8692,#8693);
#7225=AXIS2_PLACEMENT_3D('',#10956,#8698,#8699);
#7226=AXIS2_PLACEMENT_3D('',#10962,#8703,#8704);
#7227=AXIS2_PLACEMENT_3D('',#10968,#8708,#8709);
#7228=AXIS2_PLACEMENT_3D('',#10971,#8712,#8713);
#7229=AXIS2_PLACEMENT_3D('',#10974,#8716,#8717);
#7230=AXIS2_PLACEMENT_3D('',#10977,#8720,#8721);
#7231=AXIS2_PLACEMENT_3D('',#10980,#8724,#8725);
#7232=AXIS2_PLACEMENT_3D('',#10983,#8728,#8729);
#7233=AXIS2_PLACEMENT_3D('',#10984,#8730,#8731);
#7234=AXIS2_PLACEMENT_3D('',#10985,#8732,#8733);
#7235=AXIS2_PLACEMENT_3D('',#10987,#8734,#8735);
#7236=AXIS2_PLACEMENT_3D('',#10989,#8736,#8737);
#7237=AXIS2_PLACEMENT_3D('',#10991,#8738,#8739);
#7238=AXIS2_PLACEMENT_3D('',#10993,#8740,#8741);
#7239=AXIS2_PLACEMENT_3D('',#10995,#8742,#8743);
#7240=AXIS2_PLACEMENT_3D('',#10997,#8744,#8745);
#7241=AXIS2_PLACEMENT_3D('',#10999,#8746,#8747);
#7242=AXIS2_PLACEMENT_3D('',#11001,#8748,#8749);
#7243=AXIS2_PLACEMENT_3D('',#11003,#8750,#8751);
#7244=AXIS2_PLACEMENT_3D('',#11005,#8752,#8753);
#7245=AXIS2_PLACEMENT_3D('',#11007,#8754,#8755);
#7246=AXIS2_PLACEMENT_3D('',#11009,#8756,#8757);
#7247=AXIS2_PLACEMENT_3D('',#11011,#8758,#8759);
#7248=AXIS2_PLACEMENT_3D('',#11013,#8760,#8761);
#7249=AXIS2_PLACEMENT_3D('',#11015,#8762,#8763);
#7250=AXIS2_PLACEMENT_3D('',#11017,#8764,#8765);
#7251=AXIS2_PLACEMENT_3D('',#11019,#8766,#8767);
#7252=AXIS2_PLACEMENT_3D('',#11021,#8768,#8769);
#7253=AXIS2_PLACEMENT_3D('',#11023,#8770,#8771);
#7254=AXIS2_PLACEMENT_3D('',#11025,#8772,#8773);
#7255=AXIS2_PLACEMENT_3D('',#11027,#8774,#8775);
#7256=AXIS2_PLACEMENT_3D('',#11029,#8776,#8777);
#7257=AXIS2_PLACEMENT_3D('',#11031,#8778,#8779);
#7258=AXIS2_PLACEMENT_3D('',#11033,#8780,#8781);
#7259=AXIS2_PLACEMENT_3D('',#11035,#8782,#8783);
#7260=AXIS2_PLACEMENT_3D('',#11037,#8784,#8785);
#7261=AXIS2_PLACEMENT_3D('',#11039,#8786,#8787);
#7262=AXIS2_PLACEMENT_3D('',#11041,#8788,#8789);
#7263=AXIS2_PLACEMENT_3D('',#11043,#8790,#8791);
#7264=AXIS2_PLACEMENT_3D('',#11045,#8792,#8793);
#7265=AXIS2_PLACEMENT_3D('',#11047,#8794,#8795);
#7266=AXIS2_PLACEMENT_3D('',#11049,#8796,#8797);
#7267=AXIS2_PLACEMENT_3D('',#11051,#8798,#8799);
#7268=AXIS2_PLACEMENT_3D('',#11053,#8800,#8801);
#7269=AXIS2_PLACEMENT_3D('',#11055,#8802,#8803);
#7270=AXIS2_PLACEMENT_3D('',#11057,#8804,#8805);
#7271=AXIS2_PLACEMENT_3D('',#11059,#8806,#8807);
#7272=AXIS2_PLACEMENT_3D('',#11061,#8808,#8809);
#7273=AXIS2_PLACEMENT_3D('',#11063,#8810,#8811);
#7274=AXIS2_PLACEMENT_3D('',#11065,#8812,#8813);
#7275=AXIS2_PLACEMENT_3D('',#11067,#8814,#8815);
#7276=AXIS2_PLACEMENT_3D('',#11069,#8816,#8817);
#7277=AXIS2_PLACEMENT_3D('',#11071,#8818,#8819);
#7278=AXIS2_PLACEMENT_3D('',#11073,#8820,#8821);
#7279=AXIS2_PLACEMENT_3D('',#11075,#8822,#8823);
#7280=AXIS2_PLACEMENT_3D('',#11077,#8824,#8825);
#7281=AXIS2_PLACEMENT_3D('',#11079,#8826,#8827);
#7282=AXIS2_PLACEMENT_3D('',#11081,#8828,#8829);
#7283=AXIS2_PLACEMENT_3D('',#11083,#8830,#8831);
#7284=AXIS2_PLACEMENT_3D('',#11085,#8832,#8833);
#7285=AXIS2_PLACEMENT_3D('',#11087,#8834,#8835);
#7286=AXIS2_PLACEMENT_3D('',#11089,#8836,#8837);
#7287=AXIS2_PLACEMENT_3D('',#11091,#8838,#8839);
#7288=AXIS2_PLACEMENT_3D('',#11093,#8840,#8841);
#7289=AXIS2_PLACEMENT_3D('',#11095,#8842,#8843);
#7290=AXIS2_PLACEMENT_3D('',#11097,#8844,#8845);
#7291=AXIS2_PLACEMENT_3D('',#11099,#8846,#8847);
#7292=AXIS2_PLACEMENT_3D('',#11101,#8848,#8849);
#7293=AXIS2_PLACEMENT_3D('',#11103,#8850,#8851);
#7294=AXIS2_PLACEMENT_3D('',#11105,#8852,#8853);
#7295=AXIS2_PLACEMENT_3D('',#11107,#8854,#8855);
#7296=AXIS2_PLACEMENT_3D('',#11109,#8856,#8857);
#7297=AXIS2_PLACEMENT_3D('',#11111,#8858,#8859);
#7298=AXIS2_PLACEMENT_3D('',#11113,#8860,#8861);
#7299=AXIS2_PLACEMENT_3D('',#11115,#8862,#8863);
#7300=AXIS2_PLACEMENT_3D('',#11117,#8864,#8865);
#7301=AXIS2_PLACEMENT_3D('',#11119,#8866,#8867);
#7302=AXIS2_PLACEMENT_3D('',#11121,#8868,#8869);
#7303=AXIS2_PLACEMENT_3D('',#11123,#8870,#8871);
#7304=AXIS2_PLACEMENT_3D('',#11125,#8872,#8873);
#7305=AXIS2_PLACEMENT_3D('',#11127,#8874,#8875);
#7306=AXIS2_PLACEMENT_3D('',#11129,#8876,#8877);
#7307=AXIS2_PLACEMENT_3D('',#11131,#8878,#8879);
#7308=AXIS2_PLACEMENT_3D('',#11133,#8880,#8881);
#7309=AXIS2_PLACEMENT_3D('',#11135,#8882,#8883);
#7310=AXIS2_PLACEMENT_3D('',#11137,#8884,#8885);
#7311=AXIS2_PLACEMENT_3D('',#11139,#8886,#8887);
#7312=AXIS2_PLACEMENT_3D('',#11141,#8888,#8889);
#7313=AXIS2_PLACEMENT_3D('',#11143,#8890,#8891);
#7314=AXIS2_PLACEMENT_3D('',#11145,#8892,#8893);
#7315=AXIS2_PLACEMENT_3D('',#11147,#8894,#8895);
#7316=AXIS2_PLACEMENT_3D('',#11149,#8896,#8897);
#7317=AXIS2_PLACEMENT_3D('',#11151,#8898,#8899);
#7318=AXIS2_PLACEMENT_3D('',#11153,#8900,#8901);
#7319=AXIS2_PLACEMENT_3D('',#11155,#8902,#8903);
#7320=AXIS2_PLACEMENT_3D('',#11157,#8904,#8905);
#7321=AXIS2_PLACEMENT_3D('',#11159,#8906,#8907);
#7322=AXIS2_PLACEMENT_3D('',#11161,#8908,#8909);
#7323=AXIS2_PLACEMENT_3D('',#11163,#8910,#8911);
#7324=AXIS2_PLACEMENT_3D('',#11165,#8912,#8913);
#7325=AXIS2_PLACEMENT_3D('',#11167,#8914,#8915);
#7326=AXIS2_PLACEMENT_3D('',#11169,#8916,#8917);
#7327=AXIS2_PLACEMENT_3D('',#11171,#8918,#8919);
#7328=AXIS2_PLACEMENT_3D('',#11173,#8920,#8921);
#7329=AXIS2_PLACEMENT_3D('',#11175,#8922,#8923);
#7330=AXIS2_PLACEMENT_3D('',#11177,#8924,#8925);
#7331=AXIS2_PLACEMENT_3D('',#11179,#8926,#8927);
#7332=AXIS2_PLACEMENT_3D('',#11181,#8928,#8929);
#7333=AXIS2_PLACEMENT_3D('',#11183,#8930,#8931);
#7334=AXIS2_PLACEMENT_3D('',#11185,#8932,#8933);
#7335=AXIS2_PLACEMENT_3D('',#11187,#8934,#8935);
#7336=AXIS2_PLACEMENT_3D('',#11189,#8936,#8937);
#7337=AXIS2_PLACEMENT_3D('',#11191,#8938,#8939);
#7338=AXIS2_PLACEMENT_3D('',#11193,#8940,#8941);
#7339=AXIS2_PLACEMENT_3D('',#11195,#8942,#8943);
#7340=AXIS2_PLACEMENT_3D('',#11197,#8944,#8945);
#7341=AXIS2_PLACEMENT_3D('',#11199,#8946,#8947);
#7342=AXIS2_PLACEMENT_3D('',#11201,#8948,#8949);
#7343=AXIS2_PLACEMENT_3D('',#11203,#8950,#8951);
#7344=AXIS2_PLACEMENT_3D('',#11205,#8952,#8953);
#7345=AXIS2_PLACEMENT_3D('',#11207,#8954,#8955);
#7346=AXIS2_PLACEMENT_3D('',#11209,#8956,#8957);
#7347=AXIS2_PLACEMENT_3D('',#11211,#8958,#8959);
#7348=AXIS2_PLACEMENT_3D('',#11213,#8960,#8961);
#7349=AXIS2_PLACEMENT_3D('',#11215,#8962,#8963);
#7350=AXIS2_PLACEMENT_3D('',#11217,#8964,#8965);
#7351=AXIS2_PLACEMENT_3D('',#11219,#8966,#8967);
#7352=AXIS2_PLACEMENT_3D('',#11221,#8968,#8969);
#7353=AXIS2_PLACEMENT_3D('',#11223,#8970,#8971);
#7354=AXIS2_PLACEMENT_3D('',#11225,#8972,#8973);
#7355=AXIS2_PLACEMENT_3D('',#11227,#8974,#8975);
#7356=AXIS2_PLACEMENT_3D('',#11229,#8976,#8977);
#7357=AXIS2_PLACEMENT_3D('',#11231,#8978,#8979);
#7358=AXIS2_PLACEMENT_3D('',#11233,#8980,#8981);
#7359=AXIS2_PLACEMENT_3D('',#11235,#8982,#8983);
#7360=AXIS2_PLACEMENT_3D('',#11245,#8988,#8989);
#7361=AXIS2_PLACEMENT_3D('',#11248,#8992,#8993);
#7362=AXIS2_PLACEMENT_3D('',#11250,#8995,#8996);
#7363=AXIS2_PLACEMENT_3D('',#11252,#8998,#8999);
#7364=AXIS2_PLACEMENT_3D('',#11253,#9000,#9001);
#7365=AXIS2_PLACEMENT_3D('',#11254,#9002,#9003);
#7366=AXIS2_PLACEMENT_3D('',#11256,#9004,#9005);
#7367=AXIS2_PLACEMENT_3D('',#11257,#9006,#9007);
#7368=AXIS2_PLACEMENT_3D('',#11258,#9008,#9009);
#7369=AXIS2_PLACEMENT_3D('',#11260,#9010,#9011);
#7370=AXIS2_PLACEMENT_3D('',#11261,#9012,#9013);
#7371=AXIS2_PLACEMENT_3D('',#11262,#9014,#9015);
#7372=AXIS2_PLACEMENT_3D('',#11264,#9016,#9017);
#7373=AXIS2_PLACEMENT_3D('',#11265,#9018,#9019);
#7374=AXIS2_PLACEMENT_3D('',#11266,#9020,#9021);
#7375=AXIS2_PLACEMENT_3D('',#11268,#9022,#9023);
#7376=AXIS2_PLACEMENT_3D('',#11269,#9024,#9025);
#7377=AXIS2_PLACEMENT_3D('',#11270,#9026,#9027);
#7378=AXIS2_PLACEMENT_3D('',#11272,#9028,#9029);
#7379=AXIS2_PLACEMENT_3D('',#11273,#9030,#9031);
#7380=AXIS2_PLACEMENT_3D('',#11274,#9032,#9033);
#7381=AXIS2_PLACEMENT_3D('',#11276,#9034,#9035);
#7382=AXIS2_PLACEMENT_3D('',#11277,#9036,#9037);
#7383=AXIS2_PLACEMENT_3D('',#11278,#9038,#9039);
#7384=AXIS2_PLACEMENT_3D('',#11280,#9040,#9041);
#7385=AXIS2_PLACEMENT_3D('',#11281,#9042,#9043);
#7386=AXIS2_PLACEMENT_3D('',#11282,#9044,#9045);
#7387=AXIS2_PLACEMENT_3D('',#11284,#9046,#9047);
#7388=AXIS2_PLACEMENT_3D('',#11285,#9048,#9049);
#7389=AXIS2_PLACEMENT_3D('',#11286,#9050,#9051);
#7390=AXIS2_PLACEMENT_3D('',#11288,#9052,#9053);
#7391=AXIS2_PLACEMENT_3D('',#11289,#9054,#9055);
#7392=AXIS2_PLACEMENT_3D('',#11290,#9056,#9057);
#7393=AXIS2_PLACEMENT_3D('',#11292,#9058,#9059);
#7394=AXIS2_PLACEMENT_3D('',#11293,#9060,#9061);
#7395=AXIS2_PLACEMENT_3D('',#11294,#9062,#9063);
#7396=AXIS2_PLACEMENT_3D('',#11296,#9064,#9065);
#7397=AXIS2_PLACEMENT_3D('',#11297,#9066,#9067);
#7398=AXIS2_PLACEMENT_3D('',#11298,#9068,#9069);
#7399=AXIS2_PLACEMENT_3D('',#11300,#9070,#9071);
#7400=AXIS2_PLACEMENT_3D('',#11301,#9072,#9073);
#7401=AXIS2_PLACEMENT_3D('',#11302,#9074,#9075);
#7402=AXIS2_PLACEMENT_3D('',#11304,#9076,#9077);
#7403=AXIS2_PLACEMENT_3D('',#11305,#9078,#9079);
#7404=AXIS2_PLACEMENT_3D('',#11306,#9080,#9081);
#7405=AXIS2_PLACEMENT_3D('',#11308,#9082,#9083);
#7406=AXIS2_PLACEMENT_3D('',#11309,#9084,#9085);
#7407=AXIS2_PLACEMENT_3D('',#11310,#9086,#9087);
#7408=AXIS2_PLACEMENT_3D('',#11312,#9088,#9089);
#7409=AXIS2_PLACEMENT_3D('',#11313,#9090,#9091);
#7410=AXIS2_PLACEMENT_3D('',#11314,#9092,#9093);
#7411=AXIS2_PLACEMENT_3D('',#11316,#9094,#9095);
#7412=AXIS2_PLACEMENT_3D('',#11317,#9096,#9097);
#7413=AXIS2_PLACEMENT_3D('',#11318,#9098,#9099);
#7414=AXIS2_PLACEMENT_3D('',#11320,#9100,#9101);
#7415=AXIS2_PLACEMENT_3D('',#11321,#9102,#9103);
#7416=AXIS2_PLACEMENT_3D('',#11322,#9104,#9105);
#7417=AXIS2_PLACEMENT_3D('',#11324,#9106,#9107);
#7418=AXIS2_PLACEMENT_3D('',#11325,#9108,#9109);
#7419=AXIS2_PLACEMENT_3D('',#11326,#9110,#9111);
#7420=AXIS2_PLACEMENT_3D('',#11328,#9112,#9113);
#7421=AXIS2_PLACEMENT_3D('',#11329,#9114,#9115);
#7422=AXIS2_PLACEMENT_3D('',#11330,#9116,#9117);
#7423=AXIS2_PLACEMENT_3D('',#11332,#9118,#9119);
#7424=AXIS2_PLACEMENT_3D('',#11333,#9120,#9121);
#7425=AXIS2_PLACEMENT_3D('',#11334,#9122,#9123);
#7426=AXIS2_PLACEMENT_3D('',#11336,#9124,#9125);
#7427=AXIS2_PLACEMENT_3D('',#11337,#9126,#9127);
#7428=AXIS2_PLACEMENT_3D('',#11338,#9128,#9129);
#7429=AXIS2_PLACEMENT_3D('',#11340,#9130,#9131);
#7430=AXIS2_PLACEMENT_3D('',#11341,#9132,#9133);
#7431=AXIS2_PLACEMENT_3D('',#11342,#9134,#9135);
#7432=AXIS2_PLACEMENT_3D('',#11344,#9136,#9137);
#7433=AXIS2_PLACEMENT_3D('',#11345,#9138,#9139);
#7434=AXIS2_PLACEMENT_3D('',#11346,#9140,#9141);
#7435=AXIS2_PLACEMENT_3D('',#11348,#9142,#9143);
#7436=AXIS2_PLACEMENT_3D('',#11349,#9144,#9145);
#7437=AXIS2_PLACEMENT_3D('',#11350,#9146,#9147);
#7438=AXIS2_PLACEMENT_3D('',#11352,#9148,#9149);
#7439=AXIS2_PLACEMENT_3D('',#11353,#9150,#9151);
#7440=AXIS2_PLACEMENT_3D('',#11354,#9152,#9153);
#7441=AXIS2_PLACEMENT_3D('',#11356,#9154,#9155);
#7442=AXIS2_PLACEMENT_3D('',#11357,#9156,#9157);
#7443=AXIS2_PLACEMENT_3D('',#11358,#9158,#9159);
#7444=AXIS2_PLACEMENT_3D('',#11360,#9160,#9161);
#7445=AXIS2_PLACEMENT_3D('',#11361,#9162,#9163);
#7446=AXIS2_PLACEMENT_3D('',#11362,#9164,#9165);
#7447=AXIS2_PLACEMENT_3D('',#11364,#9166,#9167);
#7448=AXIS2_PLACEMENT_3D('',#11365,#9168,#9169);
#7449=AXIS2_PLACEMENT_3D('',#11366,#9170,#9171);
#7450=AXIS2_PLACEMENT_3D('',#11368,#9172,#9173);
#7451=AXIS2_PLACEMENT_3D('',#11369,#9174,#9175);
#7452=AXIS2_PLACEMENT_3D('',#11370,#9176,#9177);
#7453=AXIS2_PLACEMENT_3D('',#11372,#9178,#9179);
#7454=AXIS2_PLACEMENT_3D('',#11373,#9180,#9181);
#7455=AXIS2_PLACEMENT_3D('',#11374,#9182,#9183);
#7456=AXIS2_PLACEMENT_3D('',#11376,#9184,#9185);
#7457=AXIS2_PLACEMENT_3D('',#11377,#9186,#9187);
#7458=AXIS2_PLACEMENT_3D('',#11378,#9188,#9189);
#7459=AXIS2_PLACEMENT_3D('',#11380,#9190,#9191);
#7460=AXIS2_PLACEMENT_3D('',#11381,#9192,#9193);
#7461=AXIS2_PLACEMENT_3D('',#11382,#9194,#9195);
#7462=AXIS2_PLACEMENT_3D('',#11384,#9196,#9197);
#7463=AXIS2_PLACEMENT_3D('',#11385,#9198,#9199);
#7464=AXIS2_PLACEMENT_3D('',#11386,#9200,#9201);
#7465=AXIS2_PLACEMENT_3D('',#11388,#9202,#9203);
#7466=AXIS2_PLACEMENT_3D('',#11389,#9204,#9205);
#7467=AXIS2_PLACEMENT_3D('',#11390,#9206,#9207);
#7468=AXIS2_PLACEMENT_3D('',#11392,#9208,#9209);
#7469=AXIS2_PLACEMENT_3D('',#11393,#9210,#9211);
#7470=AXIS2_PLACEMENT_3D('',#11394,#9212,#9213);
#7471=AXIS2_PLACEMENT_3D('',#11396,#9214,#9215);
#7472=AXIS2_PLACEMENT_3D('',#11397,#9216,#9217);
#7473=AXIS2_PLACEMENT_3D('',#11398,#9218,#9219);
#7474=AXIS2_PLACEMENT_3D('',#11400,#9220,#9221);
#7475=AXIS2_PLACEMENT_3D('',#11401,#9222,#9223);
#7476=AXIS2_PLACEMENT_3D('',#11402,#9224,#9225);
#7477=AXIS2_PLACEMENT_3D('',#11404,#9226,#9227);
#7478=AXIS2_PLACEMENT_3D('',#11405,#9228,#9229);
#7479=AXIS2_PLACEMENT_3D('',#11406,#9230,#9231);
#7480=AXIS2_PLACEMENT_3D('',#11408,#9232,#9233);
#7481=AXIS2_PLACEMENT_3D('',#11409,#9234,#9235);
#7482=AXIS2_PLACEMENT_3D('',#11410,#9236,#9237);
#7483=AXIS2_PLACEMENT_3D('',#11412,#9238,#9239);
#7484=AXIS2_PLACEMENT_3D('',#11413,#9240,#9241);
#7485=AXIS2_PLACEMENT_3D('',#11414,#9242,#9243);
#7486=AXIS2_PLACEMENT_3D('',#11416,#9244,#9245);
#7487=AXIS2_PLACEMENT_3D('',#11417,#9246,#9247);
#7488=AXIS2_PLACEMENT_3D('',#11418,#9248,#9249);
#7489=AXIS2_PLACEMENT_3D('',#11420,#9250,#9251);
#7490=AXIS2_PLACEMENT_3D('',#11421,#9252,#9253);
#7491=AXIS2_PLACEMENT_3D('',#11422,#9254,#9255);
#7492=AXIS2_PLACEMENT_3D('',#11424,#9256,#9257);
#7493=AXIS2_PLACEMENT_3D('',#11425,#9258,#9259);
#7494=AXIS2_PLACEMENT_3D('',#11426,#9260,#9261);
#7495=AXIS2_PLACEMENT_3D('',#11428,#9262,#9263);
#7496=AXIS2_PLACEMENT_3D('',#11429,#9264,#9265);
#7497=AXIS2_PLACEMENT_3D('',#11430,#9266,#9267);
#7498=AXIS2_PLACEMENT_3D('',#11432,#9268,#9269);
#7499=AXIS2_PLACEMENT_3D('',#11433,#9270,#9271);
#7500=AXIS2_PLACEMENT_3D('',#11434,#9272,#9273);
#7501=AXIS2_PLACEMENT_3D('',#11436,#9274,#9275);
#7502=AXIS2_PLACEMENT_3D('',#11437,#9276,#9277);
#7503=AXIS2_PLACEMENT_3D('',#11438,#9278,#9279);
#7504=AXIS2_PLACEMENT_3D('',#11440,#9280,#9281);
#7505=AXIS2_PLACEMENT_3D('',#11441,#9282,#9283);
#7506=AXIS2_PLACEMENT_3D('',#11442,#9284,#9285);
#7507=AXIS2_PLACEMENT_3D('',#11444,#9286,#9287);
#7508=AXIS2_PLACEMENT_3D('',#11445,#9288,#9289);
#7509=AXIS2_PLACEMENT_3D('',#11446,#9290,#9291);
#7510=AXIS2_PLACEMENT_3D('',#11448,#9292,#9293);
#7511=AXIS2_PLACEMENT_3D('',#11449,#9294,#9295);
#7512=AXIS2_PLACEMENT_3D('',#11450,#9296,#9297);
#7513=AXIS2_PLACEMENT_3D('',#11452,#9298,#9299);
#7514=AXIS2_PLACEMENT_3D('',#11453,#9300,#9301);
#7515=AXIS2_PLACEMENT_3D('',#11454,#9302,#9303);
#7516=AXIS2_PLACEMENT_3D('',#11456,#9304,#9305);
#7517=AXIS2_PLACEMENT_3D('',#11457,#9306,#9307);
#7518=AXIS2_PLACEMENT_3D('',#11458,#9308,#9309);
#7519=AXIS2_PLACEMENT_3D('',#11460,#9310,#9311);
#7520=AXIS2_PLACEMENT_3D('',#11461,#9312,#9313);
#7521=AXIS2_PLACEMENT_3D('',#11462,#9314,#9315);
#7522=AXIS2_PLACEMENT_3D('',#11464,#9316,#9317);
#7523=AXIS2_PLACEMENT_3D('',#11465,#9318,#9319);
#7524=AXIS2_PLACEMENT_3D('',#11466,#9320,#9321);
#7525=AXIS2_PLACEMENT_3D('',#11468,#9322,#9323);
#7526=AXIS2_PLACEMENT_3D('',#11469,#9324,#9325);
#7527=AXIS2_PLACEMENT_3D('',#11470,#9326,#9327);
#7528=AXIS2_PLACEMENT_3D('',#11472,#9328,#9329);
#7529=AXIS2_PLACEMENT_3D('',#11473,#9330,#9331);
#7530=AXIS2_PLACEMENT_3D('',#11474,#9332,#9333);
#7531=AXIS2_PLACEMENT_3D('',#11476,#9334,#9335);
#7532=AXIS2_PLACEMENT_3D('',#11477,#9336,#9337);
#7533=AXIS2_PLACEMENT_3D('',#11478,#9338,#9339);
#7534=AXIS2_PLACEMENT_3D('',#11480,#9340,#9341);
#7535=AXIS2_PLACEMENT_3D('',#11481,#9342,#9343);
#7536=AXIS2_PLACEMENT_3D('',#11482,#9344,#9345);
#7537=AXIS2_PLACEMENT_3D('',#11484,#9346,#9347);
#7538=AXIS2_PLACEMENT_3D('',#11485,#9348,#9349);
#7539=AXIS2_PLACEMENT_3D('',#11486,#9350,#9351);
#7540=AXIS2_PLACEMENT_3D('',#11488,#9352,#9353);
#7541=AXIS2_PLACEMENT_3D('',#11489,#9354,#9355);
#7542=AXIS2_PLACEMENT_3D('',#11490,#9356,#9357);
#7543=AXIS2_PLACEMENT_3D('',#11492,#9358,#9359);
#7544=AXIS2_PLACEMENT_3D('',#11493,#9360,#9361);
#7545=AXIS2_PLACEMENT_3D('',#11494,#9362,#9363);
#7546=AXIS2_PLACEMENT_3D('',#11496,#9364,#9365);
#7547=AXIS2_PLACEMENT_3D('',#11497,#9366,#9367);
#7548=AXIS2_PLACEMENT_3D('',#11498,#9368,#9369);
#7549=AXIS2_PLACEMENT_3D('',#11500,#9370,#9371);
#7550=AXIS2_PLACEMENT_3D('',#11501,#9372,#9373);
#7551=AXIS2_PLACEMENT_3D('',#11502,#9374,#9375);
#7552=AXIS2_PLACEMENT_3D('',#11504,#9376,#9377);
#7553=AXIS2_PLACEMENT_3D('',#11505,#9378,#9379);
#7554=AXIS2_PLACEMENT_3D('',#11506,#9380,#9381);
#7555=AXIS2_PLACEMENT_3D('',#11508,#9382,#9383);
#7556=AXIS2_PLACEMENT_3D('',#11509,#9384,#9385);
#7557=AXIS2_PLACEMENT_3D('',#11510,#9386,#9387);
#7558=AXIS2_PLACEMENT_3D('',#11512,#9388,#9389);
#7559=AXIS2_PLACEMENT_3D('',#11513,#9390,#9391);
#7560=AXIS2_PLACEMENT_3D('',#11514,#9392,#9393);
#7561=AXIS2_PLACEMENT_3D('',#11516,#9394,#9395);
#7562=AXIS2_PLACEMENT_3D('',#11517,#9396,#9397);
#7563=AXIS2_PLACEMENT_3D('',#11518,#9398,#9399);
#7564=AXIS2_PLACEMENT_3D('',#11520,#9400,#9401);
#7565=AXIS2_PLACEMENT_3D('',#11521,#9402,#9403);
#7566=AXIS2_PLACEMENT_3D('',#11522,#9404,#9405);
#7567=AXIS2_PLACEMENT_3D('',#11524,#9406,#9407);
#7568=AXIS2_PLACEMENT_3D('',#11525,#9408,#9409);
#7569=AXIS2_PLACEMENT_3D('',#11526,#9410,#9411);
#7570=AXIS2_PLACEMENT_3D('',#11528,#9412,#9413);
#7571=AXIS2_PLACEMENT_3D('',#11529,#9414,#9415);
#7572=AXIS2_PLACEMENT_3D('',#11530,#9416,#9417);
#7573=AXIS2_PLACEMENT_3D('',#11532,#9418,#9419);
#7574=AXIS2_PLACEMENT_3D('',#11533,#9420,#9421);
#7575=AXIS2_PLACEMENT_3D('',#11534,#9422,#9423);
#7576=AXIS2_PLACEMENT_3D('',#11536,#9424,#9425);
#7577=AXIS2_PLACEMENT_3D('',#11537,#9426,#9427);
#7578=AXIS2_PLACEMENT_3D('',#11538,#9428,#9429);
#7579=AXIS2_PLACEMENT_3D('',#11540,#9430,#9431);
#7580=AXIS2_PLACEMENT_3D('',#11541,#9432,#9433);
#7581=AXIS2_PLACEMENT_3D('',#11542,#9434,#9435);
#7582=AXIS2_PLACEMENT_3D('',#11544,#9436,#9437);
#7583=AXIS2_PLACEMENT_3D('',#11545,#9438,#9439);
#7584=AXIS2_PLACEMENT_3D('',#11546,#9440,#9441);
#7585=AXIS2_PLACEMENT_3D('',#11548,#9442,#9443);
#7586=AXIS2_PLACEMENT_3D('',#11549,#9444,#9445);
#7587=AXIS2_PLACEMENT_3D('',#11550,#9446,#9447);
#7588=AXIS2_PLACEMENT_3D('',#11552,#9448,#9449);
#7589=AXIS2_PLACEMENT_3D('',#11553,#9450,#9451);
#7590=AXIS2_PLACEMENT_3D('',#11554,#9452,#9453);
#7591=AXIS2_PLACEMENT_3D('',#11556,#9454,#9455);
#7592=AXIS2_PLACEMENT_3D('',#11557,#9456,#9457);
#7593=AXIS2_PLACEMENT_3D('',#11558,#9458,#9459);
#7594=AXIS2_PLACEMENT_3D('',#11560,#9460,#9461);
#7595=AXIS2_PLACEMENT_3D('',#11561,#9462,#9463);
#7596=AXIS2_PLACEMENT_3D('',#11562,#9464,#9465);
#7597=AXIS2_PLACEMENT_3D('',#11564,#9466,#9467);
#7598=AXIS2_PLACEMENT_3D('',#11565,#9468,#9469);
#7599=AXIS2_PLACEMENT_3D('',#11566,#9470,#9471);
#7600=AXIS2_PLACEMENT_3D('',#11568,#9472,#9473);
#7601=AXIS2_PLACEMENT_3D('',#11569,#9474,#9475);
#7602=AXIS2_PLACEMENT_3D('',#11570,#9476,#9477);
#7603=AXIS2_PLACEMENT_3D('',#11572,#9478,#9479);
#7604=AXIS2_PLACEMENT_3D('',#11573,#9480,#9481);
#7605=AXIS2_PLACEMENT_3D('',#11574,#9482,#9483);
#7606=AXIS2_PLACEMENT_3D('',#11576,#9484,#9485);
#7607=AXIS2_PLACEMENT_3D('',#11577,#9486,#9487);
#7608=AXIS2_PLACEMENT_3D('',#11578,#9488,#9489);
#7609=AXIS2_PLACEMENT_3D('',#11580,#9490,#9491);
#7610=AXIS2_PLACEMENT_3D('',#11581,#9492,#9493);
#7611=AXIS2_PLACEMENT_3D('',#11582,#9494,#9495);
#7612=AXIS2_PLACEMENT_3D('',#11584,#9496,#9497);
#7613=AXIS2_PLACEMENT_3D('',#11585,#9498,#9499);
#7614=AXIS2_PLACEMENT_3D('',#11586,#9500,#9501);
#7615=AXIS2_PLACEMENT_3D('',#11588,#9502,#9503);
#7616=AXIS2_PLACEMENT_3D('',#11589,#9504,#9505);
#7617=AXIS2_PLACEMENT_3D('',#11590,#9506,#9507);
#7618=AXIS2_PLACEMENT_3D('',#11592,#9508,#9509);
#7619=AXIS2_PLACEMENT_3D('',#11593,#9510,#9511);
#7620=AXIS2_PLACEMENT_3D('',#11594,#9512,#9513);
#7621=AXIS2_PLACEMENT_3D('',#11596,#9514,#9515);
#7622=AXIS2_PLACEMENT_3D('',#11597,#9516,#9517);
#7623=AXIS2_PLACEMENT_3D('',#11598,#9518,#9519);
#7624=AXIS2_PLACEMENT_3D('',#11600,#9520,#9521);
#7625=AXIS2_PLACEMENT_3D('',#11601,#9522,#9523);
#7626=AXIS2_PLACEMENT_3D('',#11602,#9524,#9525);
#7627=AXIS2_PLACEMENT_3D('',#11604,#9526,#9527);
#7628=AXIS2_PLACEMENT_3D('',#11605,#9528,#9529);
#7629=AXIS2_PLACEMENT_3D('',#11606,#9530,#9531);
#7630=AXIS2_PLACEMENT_3D('',#11608,#9532,#9533);
#7631=AXIS2_PLACEMENT_3D('',#11609,#9534,#9535);
#7632=AXIS2_PLACEMENT_3D('',#11610,#9536,#9537);
#7633=AXIS2_PLACEMENT_3D('',#11612,#9538,#9539);
#7634=AXIS2_PLACEMENT_3D('',#11613,#9540,#9541);
#7635=AXIS2_PLACEMENT_3D('',#11614,#9542,#9543);
#7636=AXIS2_PLACEMENT_3D('',#11616,#9544,#9545);
#7637=AXIS2_PLACEMENT_3D('',#11617,#9546,#9547);
#7638=AXIS2_PLACEMENT_3D('',#11618,#9548,#9549);
#7639=AXIS2_PLACEMENT_3D('',#11620,#9550,#9551);
#7640=AXIS2_PLACEMENT_3D('',#11621,#9552,#9553);
#7641=AXIS2_PLACEMENT_3D('',#11622,#9554,#9555);
#7642=AXIS2_PLACEMENT_3D('',#11624,#9556,#9557);
#7643=AXIS2_PLACEMENT_3D('',#11625,#9558,#9559);
#7644=AXIS2_PLACEMENT_3D('',#11626,#9560,#9561);
#7645=AXIS2_PLACEMENT_3D('',#11628,#9562,#9563);
#7646=AXIS2_PLACEMENT_3D('',#11629,#9564,#9565);
#7647=AXIS2_PLACEMENT_3D('',#11630,#9566,#9567);
#7648=AXIS2_PLACEMENT_3D('',#11632,#9568,#9569);
#7649=AXIS2_PLACEMENT_3D('',#11633,#9570,#9571);
#7650=AXIS2_PLACEMENT_3D('',#11634,#9572,#9573);
#7651=AXIS2_PLACEMENT_3D('',#11636,#9574,#9575);
#7652=AXIS2_PLACEMENT_3D('',#11637,#9576,#9577);
#7653=AXIS2_PLACEMENT_3D('',#11638,#9578,#9579);
#7654=AXIS2_PLACEMENT_3D('',#11640,#9580,#9581);
#7655=AXIS2_PLACEMENT_3D('',#11641,#9582,#9583);
#7656=AXIS2_PLACEMENT_3D('',#11642,#9584,#9585);
#7657=AXIS2_PLACEMENT_3D('',#11644,#9586,#9587);
#7658=AXIS2_PLACEMENT_3D('',#11645,#9588,#9589);
#7659=AXIS2_PLACEMENT_3D('',#11646,#9590,#9591);
#7660=AXIS2_PLACEMENT_3D('',#11648,#9592,#9593);
#7661=AXIS2_PLACEMENT_3D('',#11649,#9594,#9595);
#7662=AXIS2_PLACEMENT_3D('',#11650,#9596,#9597);
#7663=AXIS2_PLACEMENT_3D('',#11652,#9598,#9599);
#7664=AXIS2_PLACEMENT_3D('',#11653,#9600,#9601);
#7665=AXIS2_PLACEMENT_3D('',#11654,#9602,#9603);
#7666=AXIS2_PLACEMENT_3D('',#11656,#9604,#9605);
#7667=AXIS2_PLACEMENT_3D('',#11657,#9606,#9607);
#7668=AXIS2_PLACEMENT_3D('',#11658,#9608,#9609);
#7669=AXIS2_PLACEMENT_3D('',#11660,#9610,#9611);
#7670=AXIS2_PLACEMENT_3D('',#11661,#9612,#9613);
#7671=AXIS2_PLACEMENT_3D('',#11662,#9614,#9615);
#7672=AXIS2_PLACEMENT_3D('',#11664,#9616,#9617);
#7673=AXIS2_PLACEMENT_3D('',#11665,#9618,#9619);
#7674=AXIS2_PLACEMENT_3D('',#11666,#9620,#9621);
#7675=AXIS2_PLACEMENT_3D('',#11668,#9622,#9623);
#7676=AXIS2_PLACEMENT_3D('',#11669,#9624,#9625);
#7677=AXIS2_PLACEMENT_3D('',#11670,#9626,#9627);
#7678=AXIS2_PLACEMENT_3D('',#11672,#9628,#9629);
#7679=AXIS2_PLACEMENT_3D('',#11673,#9630,#9631);
#7680=AXIS2_PLACEMENT_3D('',#11674,#9632,#9633);
#7681=AXIS2_PLACEMENT_3D('',#11676,#9634,#9635);
#7682=AXIS2_PLACEMENT_3D('',#11677,#9636,#9637);
#7683=AXIS2_PLACEMENT_3D('',#11678,#9638,#9639);
#7684=AXIS2_PLACEMENT_3D('',#11680,#9640,#9641);
#7685=AXIS2_PLACEMENT_3D('',#11681,#9642,#9643);
#7686=AXIS2_PLACEMENT_3D('',#11682,#9644,#9645);
#7687=AXIS2_PLACEMENT_3D('',#11684,#9646,#9647);
#7688=AXIS2_PLACEMENT_3D('',#11685,#9648,#9649);
#7689=AXIS2_PLACEMENT_3D('',#11686,#9650,#9651);
#7690=AXIS2_PLACEMENT_3D('',#11688,#9652,#9653);
#7691=AXIS2_PLACEMENT_3D('',#11689,#9654,#9655);
#7692=AXIS2_PLACEMENT_3D('',#11690,#9656,#9657);
#7693=AXIS2_PLACEMENT_3D('',#11692,#9658,#9659);
#7694=AXIS2_PLACEMENT_3D('',#11693,#9660,#9661);
#7695=AXIS2_PLACEMENT_3D('',#11694,#9662,#9663);
#7696=AXIS2_PLACEMENT_3D('',#11696,#9664,#9665);
#7697=AXIS2_PLACEMENT_3D('',#11697,#9666,#9667);
#7698=AXIS2_PLACEMENT_3D('',#11698,#9668,#9669);
#7699=AXIS2_PLACEMENT_3D('',#11700,#9670,#9671);
#7700=AXIS2_PLACEMENT_3D('',#11701,#9672,#9673);
#7701=AXIS2_PLACEMENT_3D('',#11702,#9674,#9675);
#7702=AXIS2_PLACEMENT_3D('',#11704,#9676,#9677);
#7703=AXIS2_PLACEMENT_3D('',#11705,#9678,#9679);
#7704=AXIS2_PLACEMENT_3D('',#11706,#9680,#9681);
#7705=AXIS2_PLACEMENT_3D('',#11708,#9682,#9683);
#7706=AXIS2_PLACEMENT_3D('',#11709,#9684,#9685);
#7707=AXIS2_PLACEMENT_3D('',#11710,#9686,#9687);
#7708=AXIS2_PLACEMENT_3D('',#11712,#9688,#9689);
#7709=AXIS2_PLACEMENT_3D('',#11713,#9690,#9691);
#7710=AXIS2_PLACEMENT_3D('',#11714,#9692,#9693);
#7711=AXIS2_PLACEMENT_3D('',#11716,#9694,#9695);
#7712=AXIS2_PLACEMENT_3D('',#11717,#9696,#9697);
#7713=AXIS2_PLACEMENT_3D('',#11718,#9698,#9699);
#7714=AXIS2_PLACEMENT_3D('',#11720,#9700,#9701);
#7715=AXIS2_PLACEMENT_3D('',#11721,#9702,#9703);
#7716=AXIS2_PLACEMENT_3D('',#11722,#9704,#9705);
#7717=AXIS2_PLACEMENT_3D('',#11724,#9706,#9707);
#7718=AXIS2_PLACEMENT_3D('',#11725,#9708,#9709);
#7719=AXIS2_PLACEMENT_3D('',#11726,#9710,#9711);
#7720=AXIS2_PLACEMENT_3D('',#11728,#9712,#9713);
#7721=AXIS2_PLACEMENT_3D('',#11729,#9714,#9715);
#7722=AXIS2_PLACEMENT_3D('',#11730,#9716,#9717);
#7723=AXIS2_PLACEMENT_3D('',#11732,#9718,#9719);
#7724=AXIS2_PLACEMENT_3D('',#11733,#9720,#9721);
#7725=AXIS2_PLACEMENT_3D('',#11734,#9722,#9723);
#7726=AXIS2_PLACEMENT_3D('',#11736,#9724,#9725);
#7727=AXIS2_PLACEMENT_3D('',#11737,#9726,#9727);
#7728=AXIS2_PLACEMENT_3D('',#11738,#9728,#9729);
#7729=AXIS2_PLACEMENT_3D('',#11740,#9730,#9731);
#7730=AXIS2_PLACEMENT_3D('',#11741,#9732,#9733);
#7731=AXIS2_PLACEMENT_3D('',#11742,#9734,#9735);
#7732=AXIS2_PLACEMENT_3D('',#11744,#9736,#9737);
#7733=AXIS2_PLACEMENT_3D('',#11745,#9738,#9739);
#7734=AXIS2_PLACEMENT_3D('',#11746,#9740,#9741);
#7735=AXIS2_PLACEMENT_3D('',#11748,#9742,#9743);
#7736=AXIS2_PLACEMENT_3D('',#11749,#9744,#9745);
#7737=AXIS2_PLACEMENT_3D('',#11750,#9746,#9747);
#7738=AXIS2_PLACEMENT_3D('',#11752,#9748,#9749);
#7739=AXIS2_PLACEMENT_3D('',#11753,#9750,#9751);
#7740=AXIS2_PLACEMENT_3D('',#11754,#9752,#9753);
#7741=AXIS2_PLACEMENT_3D('',#11756,#9754,#9755);
#7742=AXIS2_PLACEMENT_3D('',#11757,#9756,#9757);
#7743=AXIS2_PLACEMENT_3D('',#11758,#9758,#9759);
#7744=AXIS2_PLACEMENT_3D('',#11769,#9765,#9766);
#7745=AXIS2_PLACEMENT_3D('',#11770,#9767,#9768);
#7746=AXIS2_PLACEMENT_3D('',#11772,#9769,#9770);
#7747=AXIS2_PLACEMENT_3D('',#11774,#9771,#9772);
#7748=AXIS2_PLACEMENT_3D('',#11776,#9773,#9774);
#7749=AXIS2_PLACEMENT_3D('',#11778,#9775,#9776);
#7750=AXIS2_PLACEMENT_3D('',#11780,#9777,#9778);
#7751=AXIS2_PLACEMENT_3D('',#11782,#9779,#9780);
#7752=AXIS2_PLACEMENT_3D('',#11784,#9781,#9782);
#7753=AXIS2_PLACEMENT_3D('',#11786,#9783,#9784);
#7754=AXIS2_PLACEMENT_3D('',#11788,#9785,#9786);
#7755=AXIS2_PLACEMENT_3D('',#11790,#9787,#9788);
#7756=AXIS2_PLACEMENT_3D('',#11792,#9789,#9790);
#7757=AXIS2_PLACEMENT_3D('',#11794,#9791,#9792);
#7758=AXIS2_PLACEMENT_3D('',#11796,#9793,#9794);
#7759=AXIS2_PLACEMENT_3D('',#11798,#9795,#9796);
#7760=AXIS2_PLACEMENT_3D('',#11800,#9797,#9798);
#7761=AXIS2_PLACEMENT_3D('',#11802,#9799,#9800);
#7762=AXIS2_PLACEMENT_3D('',#11804,#9801,#9802);
#7763=AXIS2_PLACEMENT_3D('',#11806,#9803,#9804);
#7764=AXIS2_PLACEMENT_3D('',#11808,#9805,#9806);
#7765=AXIS2_PLACEMENT_3D('',#11810,#9807,#9808);
#7766=AXIS2_PLACEMENT_3D('',#11812,#9809,#9810);
#7767=AXIS2_PLACEMENT_3D('',#11814,#9811,#9812);
#7768=AXIS2_PLACEMENT_3D('',#11816,#9813,#9814);
#7769=AXIS2_PLACEMENT_3D('',#11818,#9815,#9816);
#7770=AXIS2_PLACEMENT_3D('',#11820,#9817,#9818);
#7771=AXIS2_PLACEMENT_3D('',#11822,#9819,#9820);
#7772=AXIS2_PLACEMENT_3D('',#11824,#9821,#9822);
#7773=AXIS2_PLACEMENT_3D('',#11826,#9823,#9824);
#7774=AXIS2_PLACEMENT_3D('',#11828,#9825,#9826);
#7775=AXIS2_PLACEMENT_3D('',#11830,#9827,#9828);
#7776=AXIS2_PLACEMENT_3D('',#11832,#9829,#9830);
#7777=AXIS2_PLACEMENT_3D('',#11839,#9834,#9835);
#7778=AXIS2_PLACEMENT_3D('',#11843,#9838,#9839);
#7779=AXIS2_PLACEMENT_3D('',#11849,#9843,#9844);
#7780=AXIS2_PLACEMENT_3D('',#11851,#9846,#9847);
#7781=AXIS2_PLACEMENT_3D('',#11860,#9852,#9853);
#7782=AXIS2_PLACEMENT_3D('',#11866,#9857,#9858);
#7783=AXIS2_PLACEMENT_3D('',#11872,#9862,#9863);
#7784=AXIS2_PLACEMENT_3D('',#11875,#9866,#9867);
#7785=AXIS2_PLACEMENT_3D('',#11877,#9869,#9870);
#7786=AXIS2_PLACEMENT_3D('',#11878,#9871,#9872);
#7787=AXIS2_PLACEMENT_3D('',#11879,#9873,#9874);
#7788=AXIS2_PLACEMENT_3D('',#11880,#9875,#9876);
#7789=AXIS2_PLACEMENT_3D('',#11882,#9877,#9878);
#7790=AXIS2_PLACEMENT_3D('',#11883,#9879,#9880);
#7791=AXIS2_PLACEMENT_3D('',#11884,#9881,#9882);
#7792=AXIS2_PLACEMENT_3D('',#11886,#9883,#9884);
#7793=AXIS2_PLACEMENT_3D('',#11887,#9885,#9886);
#7794=AXIS2_PLACEMENT_3D('',#11888,#9887,#9888);
#7795=AXIS2_PLACEMENT_3D('',#11890,#9889,#9890);
#7796=AXIS2_PLACEMENT_3D('',#11891,#9891,#9892);
#7797=AXIS2_PLACEMENT_3D('',#11892,#9893,#9894);
#7798=AXIS2_PLACEMENT_3D('',#11894,#9895,#9896);
#7799=AXIS2_PLACEMENT_3D('',#11895,#9897,#9898);
#7800=AXIS2_PLACEMENT_3D('',#11896,#9899,#9900);
#7801=AXIS2_PLACEMENT_3D('',#11898,#9901,#9902);
#7802=AXIS2_PLACEMENT_3D('',#11899,#9903,#9904);
#7803=AXIS2_PLACEMENT_3D('',#11900,#9905,#9906);
#7804=AXIS2_PLACEMENT_3D('',#11902,#9907,#9908);
#7805=AXIS2_PLACEMENT_3D('',#11903,#9909,#9910);
#7806=AXIS2_PLACEMENT_3D('',#11904,#9911,#9912);
#7807=AXIS2_PLACEMENT_3D('',#11906,#9913,#9914);
#7808=AXIS2_PLACEMENT_3D('',#11907,#9915,#9916);
#7809=AXIS2_PLACEMENT_3D('',#11908,#9917,#9918);
#7810=AXIS2_PLACEMENT_3D('',#11910,#9919,#9920);
#7811=AXIS2_PLACEMENT_3D('',#11911,#9921,#9922);
#7812=AXIS2_PLACEMENT_3D('',#11912,#9923,#9924);
#7813=AXIS2_PLACEMENT_3D('',#11914,#9925,#9926);
#7814=AXIS2_PLACEMENT_3D('',#11915,#9927,#9928);
#7815=AXIS2_PLACEMENT_3D('',#11916,#9929,#9930);
#7816=AXIS2_PLACEMENT_3D('',#11918,#9931,#9932);
#7817=AXIS2_PLACEMENT_3D('',#11919,#9933,#9934);
#7818=AXIS2_PLACEMENT_3D('',#11920,#9935,#9936);
#7819=AXIS2_PLACEMENT_3D('',#11922,#9937,#9938);
#7820=AXIS2_PLACEMENT_3D('',#11923,#9939,#9940);
#7821=AXIS2_PLACEMENT_3D('',#11924,#9941,#9942);
#7822=AXIS2_PLACEMENT_3D('',#11926,#9943,#9944);
#7823=AXIS2_PLACEMENT_3D('',#11927,#9945,#9946);
#7824=AXIS2_PLACEMENT_3D('',#11928,#9947,#9948);
#7825=AXIS2_PLACEMENT_3D('',#11930,#9949,#9950);
#7826=AXIS2_PLACEMENT_3D('',#11931,#9951,#9952);
#7827=AXIS2_PLACEMENT_3D('',#11932,#9953,#9954);
#7828=AXIS2_PLACEMENT_3D('',#11934,#9955,#9956);
#7829=AXIS2_PLACEMENT_3D('',#11935,#9957,#9958);
#7830=AXIS2_PLACEMENT_3D('',#11936,#9959,#9960);
#7831=AXIS2_PLACEMENT_3D('',#11938,#9961,#9962);
#7832=AXIS2_PLACEMENT_3D('',#11939,#9963,#9964);
#7833=AXIS2_PLACEMENT_3D('',#11940,#9965,#9966);
#7834=AXIS2_PLACEMENT_3D('',#11942,#9967,#9968);
#7835=AXIS2_PLACEMENT_3D('',#11943,#9969,#9970);
#7836=AXIS2_PLACEMENT_3D('',#11944,#9971,#9972);
#7837=AXIS2_PLACEMENT_3D('',#11946,#9973,#9974);
#7838=AXIS2_PLACEMENT_3D('',#11947,#9975,#9976);
#7839=AXIS2_PLACEMENT_3D('',#11948,#9977,#9978);
#7840=AXIS2_PLACEMENT_3D('',#11950,#9979,#9980);
#7841=AXIS2_PLACEMENT_3D('',#11951,#9981,#9982);
#7842=AXIS2_PLACEMENT_3D('',#11952,#9983,#9984);
#7843=AXIS2_PLACEMENT_3D('',#11954,#9985,#9986);
#7844=AXIS2_PLACEMENT_3D('',#11955,#9987,#9988);
#7845=AXIS2_PLACEMENT_3D('',#11956,#9989,#9990);
#7846=AXIS2_PLACEMENT_3D('',#11958,#9991,#9992);
#7847=AXIS2_PLACEMENT_3D('',#11959,#9993,#9994);
#7848=AXIS2_PLACEMENT_3D('',#11960,#9995,#9996);
#7849=AXIS2_PLACEMENT_3D('',#11962,#9997,#9998);
#7850=AXIS2_PLACEMENT_3D('',#11963,#9999,#10000);
#7851=AXIS2_PLACEMENT_3D('',#11964,#10001,#10002);
#7852=AXIS2_PLACEMENT_3D('',#11966,#10003,#10004);
#7853=AXIS2_PLACEMENT_3D('',#11967,#10005,#10006);
#7854=AXIS2_PLACEMENT_3D('',#11968,#10007,#10008);
#7855=AXIS2_PLACEMENT_3D('',#11970,#10009,#10010);
#7856=AXIS2_PLACEMENT_3D('',#11971,#10011,#10012);
#7857=AXIS2_PLACEMENT_3D('',#11972,#10013,#10014);
#7858=AXIS2_PLACEMENT_3D('',#11974,#10015,#10016);
#7859=AXIS2_PLACEMENT_3D('',#11975,#10017,#10018);
#7860=AXIS2_PLACEMENT_3D('',#11976,#10019,#10020);
#7861=AXIS2_PLACEMENT_3D('',#11978,#10021,#10022);
#7862=AXIS2_PLACEMENT_3D('',#11979,#10023,#10024);
#7863=AXIS2_PLACEMENT_3D('',#11980,#10025,#10026);
#7864=AXIS2_PLACEMENT_3D('',#11982,#10027,#10028);
#7865=AXIS2_PLACEMENT_3D('',#11983,#10029,#10030);
#7866=AXIS2_PLACEMENT_3D('',#11984,#10031,#10032);
#7867=AXIS2_PLACEMENT_3D('',#11986,#10033,#10034);
#7868=AXIS2_PLACEMENT_3D('',#11987,#10035,#10036);
#7869=AXIS2_PLACEMENT_3D('',#11988,#10037,#10038);
#7870=AXIS2_PLACEMENT_3D('',#11990,#10039,#10040);
#7871=AXIS2_PLACEMENT_3D('',#11991,#10041,#10042);
#7872=AXIS2_PLACEMENT_3D('',#11992,#10043,#10044);
#7873=AXIS2_PLACEMENT_3D('',#11994,#10045,#10046);
#7874=AXIS2_PLACEMENT_3D('',#11995,#10047,#10048);
#7875=AXIS2_PLACEMENT_3D('',#11996,#10049,#10050);
#7876=AXIS2_PLACEMENT_3D('',#11998,#10051,#10052);
#7877=AXIS2_PLACEMENT_3D('',#11999,#10053,#10054);
#7878=AXIS2_PLACEMENT_3D('',#12000,#10055,#10056);
#7879=AXIS2_PLACEMENT_3D('',#12002,#10057,#10058);
#7880=AXIS2_PLACEMENT_3D('',#12003,#10059,#10060);
#7881=AXIS2_PLACEMENT_3D('',#12004,#10061,#10062);
#7882=AXIS2_PLACEMENT_3D('',#12006,#10063,#10064);
#7883=AXIS2_PLACEMENT_3D('',#12007,#10065,#10066);
#7884=AXIS2_PLACEMENT_3D('',#12008,#10067,#10068);
#7885=AXIS2_PLACEMENT_3D('',#12019,#10074,#10075);
#7886=AXIS2_PLACEMENT_3D('',#12020,#10076,#10077);
#7887=AXIS2_PLACEMENT_3D('',#12022,#10078,#10079);
#7888=AXIS2_PLACEMENT_3D('',#12024,#10080,#10081);
#7889=AXIS2_PLACEMENT_3D('',#12026,#10082,#10083);
#7890=AXIS2_PLACEMENT_3D('',#12028,#10084,#10085);
#7891=AXIS2_PLACEMENT_3D('',#12030,#10086,#10087);
#7892=AXIS2_PLACEMENT_3D('',#12032,#10088,#10089);
#7893=AXIS2_PLACEMENT_3D('',#12034,#10090,#10091);
#7894=AXIS2_PLACEMENT_3D('',#12036,#10092,#10093);
#7895=AXIS2_PLACEMENT_3D('',#12038,#10094,#10095);
#7896=AXIS2_PLACEMENT_3D('',#12040,#10096,#10097);
#7897=AXIS2_PLACEMENT_3D('',#12042,#10098,#10099);
#7898=AXIS2_PLACEMENT_3D('',#12044,#10100,#10101);
#7899=AXIS2_PLACEMENT_3D('',#12046,#10102,#10103);
#7900=AXIS2_PLACEMENT_3D('',#12048,#10104,#10105);
#7901=AXIS2_PLACEMENT_3D('',#12050,#10106,#10107);
#7902=AXIS2_PLACEMENT_3D('',#12052,#10108,#10109);
#7903=AXIS2_PLACEMENT_3D('',#12054,#10110,#10111);
#7904=AXIS2_PLACEMENT_3D('',#12056,#10112,#10113);
#7905=AXIS2_PLACEMENT_3D('',#12058,#10114,#10115);
#7906=AXIS2_PLACEMENT_3D('',#12060,#10116,#10117);
#7907=AXIS2_PLACEMENT_3D('',#12062,#10118,#10119);
#7908=AXIS2_PLACEMENT_3D('',#12064,#10120,#10121);
#7909=AXIS2_PLACEMENT_3D('',#12066,#10122,#10123);
#7910=AXIS2_PLACEMENT_3D('',#12068,#10124,#10125);
#7911=AXIS2_PLACEMENT_3D('',#12070,#10126,#10127);
#7912=AXIS2_PLACEMENT_3D('',#12072,#10128,#10129);
#7913=AXIS2_PLACEMENT_3D('',#12074,#10130,#10131);
#7914=AXIS2_PLACEMENT_3D('',#12076,#10132,#10133);
#7915=AXIS2_PLACEMENT_3D('',#12078,#10134,#10135);
#7916=AXIS2_PLACEMENT_3D('',#12080,#10136,#10137);
#7917=AXIS2_PLACEMENT_3D('',#12082,#10138,#10139);
#7918=AXIS2_PLACEMENT_3D('',#12089,#10143,#10144);
#7919=AXIS2_PLACEMENT_3D('',#12093,#10147,#10148);
#7920=AXIS2_PLACEMENT_3D('',#12099,#10152,#10153);
#7921=AXIS2_PLACEMENT_3D('',#12101,#10155,#10156);
#7922=AXIS2_PLACEMENT_3D('',#12110,#10161,#10162);
#7923=AXIS2_PLACEMENT_3D('',#12116,#10166,#10167);
#7924=AXIS2_PLACEMENT_3D('',#12122,#10171,#10172);
#7925=AXIS2_PLACEMENT_3D('',#12125,#10175,#10176);
#7926=AXIS2_PLACEMENT_3D('',#12127,#10178,#10179);
#7927=AXIS2_PLACEMENT_3D('',#12128,#10180,#10181);
#7928=AXIS2_PLACEMENT_3D('',#12129,#10182,#10183);
#7929=AXIS2_PLACEMENT_3D('',#12130,#10184,#10185);
#7930=AXIS2_PLACEMENT_3D('',#12132,#10186,#10187);
#7931=AXIS2_PLACEMENT_3D('',#12133,#10188,#10189);
#7932=AXIS2_PLACEMENT_3D('',#12134,#10190,#10191);
#7933=AXIS2_PLACEMENT_3D('',#12136,#10192,#10193);
#7934=AXIS2_PLACEMENT_3D('',#12137,#10194,#10195);
#7935=AXIS2_PLACEMENT_3D('',#12138,#10196,#10197);
#7936=AXIS2_PLACEMENT_3D('',#12140,#10198,#10199);
#7937=AXIS2_PLACEMENT_3D('',#12141,#10200,#10201);
#7938=AXIS2_PLACEMENT_3D('',#12142,#10202,#10203);
#7939=AXIS2_PLACEMENT_3D('',#12144,#10204,#10205);
#7940=AXIS2_PLACEMENT_3D('',#12145,#10206,#10207);
#7941=AXIS2_PLACEMENT_3D('',#12146,#10208,#10209);
#7942=AXIS2_PLACEMENT_3D('',#12148,#10210,#10211);
#7943=AXIS2_PLACEMENT_3D('',#12149,#10212,#10213);
#7944=AXIS2_PLACEMENT_3D('',#12150,#10214,#10215);
#7945=AXIS2_PLACEMENT_3D('',#12152,#10216,#10217);
#7946=AXIS2_PLACEMENT_3D('',#12153,#10218,#10219);
#7947=AXIS2_PLACEMENT_3D('',#12154,#10220,#10221);
#7948=AXIS2_PLACEMENT_3D('',#12156,#10222,#10223);
#7949=AXIS2_PLACEMENT_3D('',#12157,#10224,#10225);
#7950=AXIS2_PLACEMENT_3D('',#12158,#10226,#10227);
#7951=AXIS2_PLACEMENT_3D('',#12160,#10228,#10229);
#7952=AXIS2_PLACEMENT_3D('',#12161,#10230,#10231);
#7953=AXIS2_PLACEMENT_3D('',#12162,#10232,#10233);
#7954=AXIS2_PLACEMENT_3D('',#12164,#10234,#10235);
#7955=AXIS2_PLACEMENT_3D('',#12165,#10236,#10237);
#7956=AXIS2_PLACEMENT_3D('',#12166,#10238,#10239);
#7957=AXIS2_PLACEMENT_3D('',#12168,#10240,#10241);
#7958=AXIS2_PLACEMENT_3D('',#12169,#10242,#10243);
#7959=AXIS2_PLACEMENT_3D('',#12170,#10244,#10245);
#7960=AXIS2_PLACEMENT_3D('',#12172,#10246,#10247);
#7961=AXIS2_PLACEMENT_3D('',#12173,#10248,#10249);
#7962=AXIS2_PLACEMENT_3D('',#12174,#10250,#10251);
#7963=AXIS2_PLACEMENT_3D('',#12176,#10252,#10253);
#7964=AXIS2_PLACEMENT_3D('',#12177,#10254,#10255);
#7965=AXIS2_PLACEMENT_3D('',#12178,#10256,#10257);
#7966=AXIS2_PLACEMENT_3D('',#12180,#10258,#10259);
#7967=AXIS2_PLACEMENT_3D('',#12181,#10260,#10261);
#7968=AXIS2_PLACEMENT_3D('',#12182,#10262,#10263);
#7969=AXIS2_PLACEMENT_3D('',#12184,#10264,#10265);
#7970=AXIS2_PLACEMENT_3D('',#12185,#10266,#10267);
#7971=AXIS2_PLACEMENT_3D('',#12186,#10268,#10269);
#7972=AXIS2_PLACEMENT_3D('',#12188,#10270,#10271);
#7973=AXIS2_PLACEMENT_3D('',#12189,#10272,#10273);
#7974=AXIS2_PLACEMENT_3D('',#12190,#10274,#10275);
#7975=AXIS2_PLACEMENT_3D('',#12192,#10276,#10277);
#7976=AXIS2_PLACEMENT_3D('',#12193,#10278,#10279);
#7977=AXIS2_PLACEMENT_3D('',#12194,#10280,#10281);
#7978=AXIS2_PLACEMENT_3D('',#12196,#10282,#10283);
#7979=AXIS2_PLACEMENT_3D('',#12197,#10284,#10285);
#7980=AXIS2_PLACEMENT_3D('',#12198,#10286,#10287);
#7981=AXIS2_PLACEMENT_3D('',#12200,#10288,#10289);
#7982=AXIS2_PLACEMENT_3D('',#12201,#10290,#10291);
#7983=AXIS2_PLACEMENT_3D('',#12202,#10292,#10293);
#7984=AXIS2_PLACEMENT_3D('',#12204,#10294,#10295);
#7985=AXIS2_PLACEMENT_3D('',#12205,#10296,#10297);
#7986=AXIS2_PLACEMENT_3D('',#12206,#10298,#10299);
#7987=AXIS2_PLACEMENT_3D('',#12208,#10300,#10301);
#7988=AXIS2_PLACEMENT_3D('',#12209,#10302,#10303);
#7989=AXIS2_PLACEMENT_3D('',#12210,#10304,#10305);
#7990=AXIS2_PLACEMENT_3D('',#12212,#10306,#10307);
#7991=AXIS2_PLACEMENT_3D('',#12213,#10308,#10309);
#7992=AXIS2_PLACEMENT_3D('',#12214,#10310,#10311);
#7993=AXIS2_PLACEMENT_3D('',#12216,#10312,#10313);
#7994=AXIS2_PLACEMENT_3D('',#12217,#10314,#10315);
#7995=AXIS2_PLACEMENT_3D('',#12218,#10316,#10317);
#7996=AXIS2_PLACEMENT_3D('',#12220,#10318,#10319);
#7997=AXIS2_PLACEMENT_3D('',#12221,#10320,#10321);
#7998=AXIS2_PLACEMENT_3D('',#12222,#10322,#10323);
#7999=AXIS2_PLACEMENT_3D('',#12224,#10324,#10325);
#8000=AXIS2_PLACEMENT_3D('',#12225,#10326,#10327);
#8001=AXIS2_PLACEMENT_3D('',#12226,#10328,#10329);
#8002=AXIS2_PLACEMENT_3D('',#12228,#10330,#10331);
#8003=AXIS2_PLACEMENT_3D('',#12229,#10332,#10333);
#8004=AXIS2_PLACEMENT_3D('',#12230,#10334,#10335);
#8005=AXIS2_PLACEMENT_3D('',#12232,#10336,#10337);
#8006=AXIS2_PLACEMENT_3D('',#12233,#10338,#10339);
#8007=AXIS2_PLACEMENT_3D('',#12234,#10340,#10341);
#8008=AXIS2_PLACEMENT_3D('',#12236,#10342,#10343);
#8009=AXIS2_PLACEMENT_3D('',#12237,#10344,#10345);
#8010=AXIS2_PLACEMENT_3D('',#12238,#10346,#10347);
#8011=AXIS2_PLACEMENT_3D('',#12240,#10348,#10349);
#8012=AXIS2_PLACEMENT_3D('',#12241,#10350,#10351);
#8013=AXIS2_PLACEMENT_3D('',#12242,#10352,#10353);
#8014=AXIS2_PLACEMENT_3D('',#12244,#10354,#10355);
#8015=AXIS2_PLACEMENT_3D('',#12245,#10356,#10357);
#8016=AXIS2_PLACEMENT_3D('',#12246,#10358,#10359);
#8017=AXIS2_PLACEMENT_3D('',#12248,#10360,#10361);
#8018=AXIS2_PLACEMENT_3D('',#12249,#10362,#10363);
#8019=AXIS2_PLACEMENT_3D('',#12250,#10364,#10365);
#8020=AXIS2_PLACEMENT_3D('',#12252,#10366,#10367);
#8021=AXIS2_PLACEMENT_3D('',#12253,#10368,#10369);
#8022=AXIS2_PLACEMENT_3D('',#12254,#10370,#10371);
#8023=AXIS2_PLACEMENT_3D('',#12256,#10372,#10373);
#8024=DIRECTION('',(0.,0.,1.));
#8025=DIRECTION('',(1.,0.,0.));
#8026=DIRECTION('',(1.,0.,3.46944695195362E-16));
#8027=DIRECTION('',(3.46944695195362E-16,0.,-1.));
#8028=DIRECTION('',(3.46944695195362E-16,0.,-1.));
#8029=DIRECTION('',(-2.4532694666934E-16,-0.707106781186547,0.707106781186548));
#8030=DIRECTION('',(0.,-1.,0.));
#8031=DIRECTION('',(3.46944695195362E-16,0.,-1.));
#8032=DIRECTION('',(0.,1.,0.));
#8033=DIRECTION('',(0.,-1.,0.));
#8034=DIRECTION('',(1.,0.,0.));
#8035=DIRECTION('',(0.,-1.,0.));
#8036=DIRECTION('',(0.,0.,-1.));
#8037=DIRECTION('',(0.,-1.,0.));
#8038=DIRECTION('',(0.,0.,-1.));
#8039=DIRECTION('',(0.,-1.,0.));
#8040=DIRECTION('',(0.,0.,-1.));
#8041=DIRECTION('',(0.,-1.,0.));
#8042=DIRECTION('',(0.,0.,-1.));
#8043=DIRECTION('',(0.,-1.,0.));
#8044=DIRECTION('',(0.,0.,-1.));
#8045=DIRECTION('',(0.,-1.,0.));
#8046=DIRECTION('',(0.,0.,-1.));
#8047=DIRECTION('',(0.,-1.,0.));
#8048=DIRECTION('',(0.,0.,-1.));
#8049=DIRECTION('',(0.,-1.,0.));
#8050=DIRECTION('',(0.,0.,-1.));
#8051=DIRECTION('',(0.,-1.,0.));
#8052=DIRECTION('',(0.,0.,-1.));
#8053=DIRECTION('',(0.,-1.,0.));
#8054=DIRECTION('',(0.,0.,-1.));
#8055=DIRECTION('',(0.,-1.,0.));
#8056=DIRECTION('',(0.,0.,-1.));
#8057=DIRECTION('',(0.,-1.,0.));
#8058=DIRECTION('',(0.,0.,-1.));
#8059=DIRECTION('',(0.,-1.,0.));
#8060=DIRECTION('',(0.,0.,-1.));
#8061=DIRECTION('',(0.,-1.,0.));
#8062=DIRECTION('',(0.,0.,-1.));
#8063=DIRECTION('',(0.,-1.,0.));
#8064=DIRECTION('',(0.,0.,-1.));
#8065=DIRECTION('',(0.,-1.,0.));
#8066=DIRECTION('',(0.,0.,-1.));
#8067=DIRECTION('',(0.,-1.,0.));
#8068=DIRECTION('',(0.,0.,-1.));
#8069=DIRECTION('',(0.,-1.,0.));
#8070=DIRECTION('',(0.,0.,-1.));
#8071=DIRECTION('',(0.,-1.,0.));
#8072=DIRECTION('',(0.,0.,-1.));
#8073=DIRECTION('',(0.,-1.,0.));
#8074=DIRECTION('',(0.,0.,-1.));
#8075=DIRECTION('',(0.,-1.,0.));
#8076=DIRECTION('',(0.,0.,-1.));
#8077=DIRECTION('',(0.,-1.,0.));
#8078=DIRECTION('',(0.,0.,-1.));
#8079=DIRECTION('',(0.,-1.,0.));
#8080=DIRECTION('',(0.,0.,-1.));
#8081=DIRECTION('',(0.,-1.,0.));
#8082=DIRECTION('',(0.,0.,-1.));
#8083=DIRECTION('',(0.,-1.,0.));
#8084=DIRECTION('',(0.,0.,-1.));
#8085=DIRECTION('',(0.,-1.,0.));
#8086=DIRECTION('',(0.,0.,-1.));
#8087=DIRECTION('',(0.,-1.,0.));
#8088=DIRECTION('',(0.,0.,-1.));
#8089=DIRECTION('',(0.,-1.,0.));
#8090=DIRECTION('',(0.,0.,-1.));
#8091=DIRECTION('',(0.,-1.,0.));
#8092=DIRECTION('',(0.,0.,-1.));
#8093=DIRECTION('',(0.,-1.,0.));
#8094=DIRECTION('',(0.,0.,-1.));
#8095=DIRECTION('',(-1.,0.,-1.7347234759768E-16));
#8096=DIRECTION('',(0.,0.,1.));
#8097=DIRECTION('',(-1.,0.,-8.67361737988404E-17));
#8098=DIRECTION('',(8.67361737988404E-17,0.,-1.));
#8099=DIRECTION('',(-1.,0.,-8.67361737988404E-17));
#8100=DIRECTION('',(-1.,0.,-8.67361737988404E-17));
#8101=DIRECTION('',(0.,1.,0.));
#8102=DIRECTION('',(-1.,0.,0.));
#8103=DIRECTION('',(0.,0.,1.));
#8104=DIRECTION('',(0.,-1.,0.));
#8105=DIRECTION('',(0.,0.707106781186547,-0.707106781186548));
#8106=DIRECTION('',(0.,0.,1.));
#8107=DIRECTION('',(-1.7347234759768E-16,0.,1.));
#8108=DIRECTION('',(1.,0.,1.7347234759768E-16));
#8109=DIRECTION('',(-1.,0.,-1.7347234759768E-16));
#8110=DIRECTION('',(1.,0.,-3.46944695195362E-16));
#8111=DIRECTION('',(-3.46944695195362E-16,0.,-1.));
#8112=DIRECTION('',(3.46944695195362E-16,0.,1.));
#8113=DIRECTION('',(0.,-1.,0.));
#8114=DIRECTION('',(3.46944695195362E-16,0.,1.));
#8115=DIRECTION('',(0.,-1.,0.));
#8116=DIRECTION('',(1.7347234759768E-16,0.,1.));
#8117=DIRECTION('',(1.,0.,-1.7347234759768E-16));
#8118=DIRECTION('',(-1.,0.,1.7347234759768E-16));
#8119=DIRECTION('',(0.,-1.,0.));
#8120=DIRECTION('',(-1.,0.,1.7347234759768E-16));
#8121=DIRECTION('',(1.,0.,-3.46944695195362E-16));
#8122=DIRECTION('',(-3.46944695195362E-16,0.,-1.));
#8123=DIRECTION('',(3.46944695195362E-16,0.,1.));
#8124=DIRECTION('',(0.,-1.,0.));
#8125=DIRECTION('',(3.46944695195362E-16,0.,1.));
#8126=DIRECTION('',(1.7347234759768E-16,0.,1.));
#8127=DIRECTION('',(1.,0.,-1.7347234759768E-16));
#8128=DIRECTION('',(-1.,0.,1.7347234759768E-16));
#8129=DIRECTION('',(-1.,0.,1.7347234759768E-16));
#8130=DIRECTION('',(0.,-1.,0.));
#8131=DIRECTION('',(1.,0.,0.));
#8132=DIRECTION('',(1.,0.,1.7347234759768E-16));
#8133=DIRECTION('',(0.,-1.,0.));
#8134=DIRECTION('',(1.,0.,0.));
#8135=DIRECTION('',(-1.2266347333467E-16,0.707106781186548,0.707106781186547));
#8136=DIRECTION('',(-1.,0.,-1.7347234759768E-16));
#8137=DIRECTION('',(0.,1.,0.));
#8138=DIRECTION('',(0.,0.,1.));
#8139=DIRECTION('',(0.,-1.,0.));
#8140=DIRECTION('',(0.,0.,-1.));
#8141=DIRECTION('',(0.,-1.,0.));
#8142=DIRECTION('',(1.,0.,0.));
#8143=DIRECTION('',(0.,1.,0.));
#8144=DIRECTION('',(0.,0.,1.));
#8145=DIRECTION('',(0.,-1.,0.));
#8146=DIRECTION('',(0.,0.,-1.));
#8147=DIRECTION('',(0.,-1.,0.));
#8148=DIRECTION('',(1.,0.,0.));
#8149=DIRECTION('',(0.,1.,0.));
#8150=DIRECTION('',(0.,0.,1.));
#8151=DIRECTION('',(0.,-1.,0.));
#8152=DIRECTION('',(0.,0.,-1.));
#8153=DIRECTION('',(0.,-1.,0.));
#8154=DIRECTION('',(1.,0.,0.));
#8155=DIRECTION('',(0.,1.,0.));
#8156=DIRECTION('',(0.,0.,1.));
#8157=DIRECTION('',(0.,-1.,0.));
#8158=DIRECTION('',(0.,0.,-1.));
#8159=DIRECTION('',(0.,-1.,0.));
#8160=DIRECTION('',(1.,0.,0.));
#8161=DIRECTION('',(0.,1.,0.));
#8162=DIRECTION('',(0.,0.,1.));
#8163=DIRECTION('',(0.,-1.,0.));
#8164=DIRECTION('',(0.,0.,-1.));
#8165=DIRECTION('',(0.,-1.,0.));
#8166=DIRECTION('',(1.,0.,0.));
#8167=DIRECTION('',(0.,1.,0.));
#8168=DIRECTION('',(0.,0.,1.));
#8169=DIRECTION('',(0.,-1.,0.));
#8170=DIRECTION('',(0.,0.,-1.));
#8171=DIRECTION('',(0.,-1.,0.));
#8172=DIRECTION('',(1.,0.,0.));
#8173=DIRECTION('',(0.,1.,0.));
#8174=DIRECTION('',(0.,0.,1.));
#8175=DIRECTION('',(0.,-1.,0.));
#8176=DIRECTION('',(0.,0.,-1.));
#8177=DIRECTION('',(0.,-1.,0.));
#8178=DIRECTION('',(1.,0.,0.));
#8179=DIRECTION('',(0.,1.,0.));
#8180=DIRECTION('',(0.,0.,1.));
#8181=DIRECTION('',(0.,-1.,0.));
#8182=DIRECTION('',(0.,0.,-1.));
#8183=DIRECTION('',(0.,-1.,0.));
#8184=DIRECTION('',(1.,0.,0.));
#8185=DIRECTION('',(0.,1.,0.));
#8186=DIRECTION('',(0.,0.,1.));
#8187=DIRECTION('',(0.,-1.,0.));
#8188=DIRECTION('',(0.,0.,-1.));
#8189=DIRECTION('',(0.,-1.,0.));
#8190=DIRECTION('',(1.,0.,0.));
#8191=DIRECTION('',(0.,1.,0.));
#8192=DIRECTION('',(0.,0.,1.));
#8193=DIRECTION('',(0.,-1.,0.));
#8194=DIRECTION('',(0.,0.,-1.));
#8195=DIRECTION('',(0.,-1.,0.));
#8196=DIRECTION('',(1.,0.,0.));
#8197=DIRECTION('',(0.,1.,0.));
#8198=DIRECTION('',(0.,0.,1.));
#8199=DIRECTION('',(0.,-1.,0.));
#8200=DIRECTION('',(0.,0.,-1.));
#8201=DIRECTION('',(0.,-1.,0.));
#8202=DIRECTION('',(1.,0.,0.));
#8203=DIRECTION('',(0.,1.,0.));
#8204=DIRECTION('',(0.,0.,1.));
#8205=DIRECTION('',(0.,-1.,0.));
#8206=DIRECTION('',(0.,0.,-1.));
#8207=DIRECTION('',(0.,-1.,0.));
#8208=DIRECTION('',(1.,0.,0.));
#8209=DIRECTION('',(0.,1.,0.));
#8210=DIRECTION('',(0.,0.,1.));
#8211=DIRECTION('',(0.,-1.,0.));
#8212=DIRECTION('',(0.,0.,-1.));
#8213=DIRECTION('',(0.,-1.,0.));
#8214=DIRECTION('',(1.,0.,0.));
#8215=DIRECTION('',(0.,1.,0.));
#8216=DIRECTION('',(0.,0.,1.));
#8217=DIRECTION('',(0.,-1.,0.));
#8218=DIRECTION('',(0.,0.,-1.));
#8219=DIRECTION('',(0.,-1.,0.));
#8220=DIRECTION('',(1.,0.,0.));
#8221=DIRECTION('',(0.,1.,0.));
#8222=DIRECTION('',(0.,0.,1.));
#8223=DIRECTION('',(0.,-1.,0.));
#8224=DIRECTION('',(0.,0.,-1.));
#8225=DIRECTION('',(0.,-1.,0.));
#8226=DIRECTION('',(1.,0.,0.));
#8227=DIRECTION('',(0.,1.,0.));
#8228=DIRECTION('',(0.,0.,1.));
#8229=DIRECTION('',(0.,-1.,0.));
#8230=DIRECTION('',(0.,0.,-1.));
#8231=DIRECTION('',(0.,-1.,0.));
#8232=DIRECTION('',(1.,0.,0.));
#8233=DIRECTION('',(0.,1.,0.));
#8234=DIRECTION('',(0.,0.,1.));
#8235=DIRECTION('',(0.,-1.,0.));
#8236=DIRECTION('',(0.,0.,-1.));
#8237=DIRECTION('',(0.,-1.,0.));
#8238=DIRECTION('',(1.,0.,0.));
#8239=DIRECTION('',(0.,1.,0.));
#8240=DIRECTION('',(0.,0.,1.));
#8241=DIRECTION('',(0.,-1.,0.));
#8242=DIRECTION('',(0.,0.,-1.));
#8243=DIRECTION('',(0.,-1.,0.));
#8244=DIRECTION('',(1.,0.,0.));
#8245=DIRECTION('',(0.,1.,0.));
#8246=DIRECTION('',(0.,0.,1.));
#8247=DIRECTION('',(0.,-1.,0.));
#8248=DIRECTION('',(0.,0.,-1.));
#8249=DIRECTION('',(0.,-1.,0.));
#8250=DIRECTION('',(1.,0.,0.));
#8251=DIRECTION('',(0.,1.,0.));
#8252=DIRECTION('',(0.,0.,1.));
#8253=DIRECTION('',(0.,-1.,0.));
#8254=DIRECTION('',(0.,0.,-1.));
#8255=DIRECTION('',(0.,-1.,0.));
#8256=DIRECTION('',(1.,0.,0.));
#8257=DIRECTION('',(0.,1.,0.));
#8258=DIRECTION('',(0.,0.,1.));
#8259=DIRECTION('',(0.,-1.,0.));
#8260=DIRECTION('',(0.,0.,-1.));
#8261=DIRECTION('',(0.,-1.,0.));
#8262=DIRECTION('',(1.,0.,0.));
#8263=DIRECTION('',(0.,1.,0.));
#8264=DIRECTION('',(0.,0.,1.));
#8265=DIRECTION('',(0.,-1.,0.));
#8266=DIRECTION('',(0.,0.,-1.));
#8267=DIRECTION('',(0.,-1.,0.));
#8268=DIRECTION('',(1.,0.,0.));
#8269=DIRECTION('',(0.,1.,0.));
#8270=DIRECTION('',(0.,0.,1.));
#8271=DIRECTION('',(0.,-1.,0.));
#8272=DIRECTION('',(0.,0.,-1.));
#8273=DIRECTION('',(0.,-1.,0.));
#8274=DIRECTION('',(1.,0.,0.));
#8275=DIRECTION('',(0.,1.,0.));
#8276=DIRECTION('',(0.,0.,1.));
#8277=DIRECTION('',(0.,-1.,0.));
#8278=DIRECTION('',(0.,0.,-1.));
#8279=DIRECTION('',(0.,-1.,0.));
#8280=DIRECTION('',(1.,0.,0.));
#8281=DIRECTION('',(0.,1.,0.));
#8282=DIRECTION('',(0.,0.,1.));
#8283=DIRECTION('',(0.,-1.,0.));
#8284=DIRECTION('',(0.,0.,-1.));
#8285=DIRECTION('',(0.,-1.,0.));
#8286=DIRECTION('',(1.,0.,0.));
#8287=DIRECTION('',(0.,1.,0.));
#8288=DIRECTION('',(0.,0.,1.));
#8289=DIRECTION('',(0.,-1.,0.));
#8290=DIRECTION('',(0.,0.,-1.));
#8291=DIRECTION('',(0.,-1.,0.));
#8292=DIRECTION('',(1.,0.,0.));
#8293=DIRECTION('',(0.,1.,0.));
#8294=DIRECTION('',(0.,0.,1.));
#8295=DIRECTION('',(0.,-1.,0.));
#8296=DIRECTION('',(0.,0.,-1.));
#8297=DIRECTION('',(0.,-1.,0.));
#8298=DIRECTION('',(1.,0.,0.));
#8299=DIRECTION('',(0.,1.,0.));
#8300=DIRECTION('',(0.,0.,1.));
#8301=DIRECTION('',(0.,-1.,0.));
#8302=DIRECTION('',(0.,0.,-1.));
#8303=DIRECTION('',(0.,-1.,0.));
#8304=DIRECTION('',(1.,0.,0.));
#8305=DIRECTION('',(0.,1.,0.));
#8306=DIRECTION('',(0.,0.,1.));
#8307=DIRECTION('',(0.,-1.,0.));
#8308=DIRECTION('',(0.,0.,-1.));
#8309=DIRECTION('',(0.,-1.,0.));
#8310=DIRECTION('',(1.,0.,0.));
#8311=DIRECTION('',(0.,1.,0.));
#8312=DIRECTION('',(0.,0.,1.));
#8313=DIRECTION('',(0.,-1.,0.));
#8314=DIRECTION('',(0.,0.,-1.));
#8315=DIRECTION('',(0.,-1.,0.));
#8316=DIRECTION('',(1.,0.,0.));
#8317=DIRECTION('',(0.,0.,1.));
#8318=DIRECTION('',(1.,0.,0.));
#8319=DIRECTION('',(1.,0.,3.46944695195362E-16));
#8320=DIRECTION('',(3.46944695195362E-16,0.,-1.));
#8321=DIRECTION('',(3.46944695195362E-16,0.,-1.));
#8322=DIRECTION('',(-2.4532694666934E-16,-0.707106781186547,0.707106781186548));
#8323=DIRECTION('',(0.,-1.,0.));
#8324=DIRECTION('',(3.46944695195362E-16,0.,-1.));
#8325=DIRECTION('',(0.,1.,0.));
#8326=DIRECTION('',(0.,-1.,0.));
#8327=DIRECTION('',(1.,0.,0.));
#8328=DIRECTION('',(0.,-1.,0.));
#8329=DIRECTION('',(0.,0.,-1.));
#8330=DIRECTION('',(0.,-1.,0.));
#8331=DIRECTION('',(0.,0.,-1.));
#8332=DIRECTION('',(0.,-1.,0.));
#8333=DIRECTION('',(0.,0.,-1.));
#8334=DIRECTION('',(0.,-1.,0.));
#8335=DIRECTION('',(0.,0.,-1.));
#8336=DIRECTION('',(0.,-1.,0.));
#8337=DIRECTION('',(0.,0.,-1.));
#8338=DIRECTION('',(0.,-1.,0.));
#8339=DIRECTION('',(0.,0.,-1.));
#8340=DIRECTION('',(0.,-1.,0.));
#8341=DIRECTION('',(0.,0.,-1.));
#8342=DIRECTION('',(0.,-1.,0.));
#8343=DIRECTION('',(0.,0.,-1.));
#8344=DIRECTION('',(0.,-1.,0.));
#8345=DIRECTION('',(0.,0.,-1.));
#8346=DIRECTION('',(0.,-1.,0.));
#8347=DIRECTION('',(0.,0.,-1.));
#8348=DIRECTION('',(0.,-1.,0.));
#8349=DIRECTION('',(0.,0.,-1.));
#8350=DIRECTION('',(0.,-1.,0.));
#8351=DIRECTION('',(0.,0.,-1.));
#8352=DIRECTION('',(0.,-1.,0.));
#8353=DIRECTION('',(0.,0.,-1.));
#8354=DIRECTION('',(0.,-1.,0.));
#8355=DIRECTION('',(0.,0.,-1.));
#8356=DIRECTION('',(0.,-1.,0.));
#8357=DIRECTION('',(0.,0.,-1.));
#8358=DIRECTION('',(0.,-1.,0.));
#8359=DIRECTION('',(0.,0.,-1.));
#8360=DIRECTION('',(0.,-1.,0.));
#8361=DIRECTION('',(0.,0.,-1.));
#8362=DIRECTION('',(0.,-1.,0.));
#8363=DIRECTION('',(0.,0.,-1.));
#8364=DIRECTION('',(0.,-1.,0.));
#8365=DIRECTION('',(0.,0.,-1.));
#8366=DIRECTION('',(0.,-1.,0.));
#8367=DIRECTION('',(0.,0.,-1.));
#8368=DIRECTION('',(0.,-1.,0.));
#8369=DIRECTION('',(0.,0.,-1.));
#8370=DIRECTION('',(0.,-1.,0.));
#8371=DIRECTION('',(0.,0.,-1.));
#8372=DIRECTION('',(0.,-1.,0.));
#8373=DIRECTION('',(0.,0.,-1.));
#8374=DIRECTION('',(0.,-1.,0.));
#8375=DIRECTION('',(0.,0.,-1.));
#8376=DIRECTION('',(0.,-1.,0.));
#8377=DIRECTION('',(0.,0.,-1.));
#8378=DIRECTION('',(0.,-1.,0.));
#8379=DIRECTION('',(0.,0.,-1.));
#8380=DIRECTION('',(0.,-1.,0.));
#8381=DIRECTION('',(0.,0.,-1.));
#8382=DIRECTION('',(0.,-1.,0.));
#8383=DIRECTION('',(0.,0.,-1.));
#8384=DIRECTION('',(0.,-1.,0.));
#8385=DIRECTION('',(0.,0.,-1.));
#8386=DIRECTION('',(0.,-1.,0.));
#8387=DIRECTION('',(0.,0.,-1.));
#8388=DIRECTION('',(0.,-1.,0.));
#8389=DIRECTION('',(0.,0.,-1.));
#8390=DIRECTION('',(0.,-1.,0.));
#8391=DIRECTION('',(0.,0.,-1.));
#8392=DIRECTION('',(-1.,0.,-1.7347234759768E-16));
#8393=DIRECTION('',(0.,0.,1.));
#8394=DIRECTION('',(-1.,0.,-8.67361737988404E-17));
#8395=DIRECTION('',(8.67361737988404E-17,0.,-1.));
#8396=DIRECTION('',(-1.,0.,-8.67361737988404E-17));
#8397=DIRECTION('',(-1.,0.,-8.67361737988404E-17));
#8398=DIRECTION('',(0.,1.,0.));
#8399=DIRECTION('',(-1.,0.,0.));
#8400=DIRECTION('',(0.,0.,1.));
#8401=DIRECTION('',(0.,-1.,0.));
#8402=DIRECTION('',(0.,0.707106781186547,-0.707106781186548));
#8403=DIRECTION('',(0.,0.,1.));
#8404=DIRECTION('',(-1.7347234759768E-16,0.,1.));
#8405=DIRECTION('',(1.,0.,1.7347234759768E-16));
#8406=DIRECTION('',(-1.,0.,-1.7347234759768E-16));
#8407=DIRECTION('',(1.,0.,0.));
#8408=DIRECTION('',(0.,0.,-1.));
#8409=DIRECTION('',(0.,0.,1.));
#8410=DIRECTION('',(0.,-1.,0.));
#8411=DIRECTION('',(0.,0.,1.));
#8412=DIRECTION('',(0.,-1.,0.));
#8413=DIRECTION('',(1.7347234759768E-16,0.,1.));
#8414=DIRECTION('',(1.,0.,-1.7347234759768E-16));
#8415=DIRECTION('',(-1.,0.,1.7347234759768E-16));
#8416=DIRECTION('',(0.,-1.,0.));
#8417=DIRECTION('',(-1.,0.,1.7347234759768E-16));
#8418=DIRECTION('',(1.,0.,0.));
#8419=DIRECTION('',(0.,0.,-1.));
#8420=DIRECTION('',(0.,0.,1.));
#8421=DIRECTION('',(0.,-1.,0.));
#8422=DIRECTION('',(0.,0.,1.));
#8423=DIRECTION('',(1.7347234759768E-16,0.,1.));
#8424=DIRECTION('',(1.,0.,-1.7347234759768E-16));
#8425=DIRECTION('',(-1.,0.,1.7347234759768E-16));
#8426=DIRECTION('',(-1.,0.,1.7347234759768E-16));
#8427=DIRECTION('',(0.,-1.,0.));
#8428=DIRECTION('',(1.,0.,0.));
#8429=DIRECTION('',(1.,0.,1.7347234759768E-16));
#8430=DIRECTION('',(0.,-1.,0.));
#8431=DIRECTION('',(1.,0.,0.));
#8432=DIRECTION('',(-1.2266347333467E-16,0.707106781186548,0.707106781186547));
#8433=DIRECTION('',(-1.,0.,-1.7347234759768E-16));
#8434=DIRECTION('',(0.,1.,0.));
#8435=DIRECTION('',(0.,0.,1.));
#8436=DIRECTION('',(0.,-1.,0.));
#8437=DIRECTION('',(0.,0.,-1.));
#8438=DIRECTION('',(0.,-1.,0.));
#8439=DIRECTION('',(1.,0.,0.));
#8440=DIRECTION('',(0.,1.,0.));
#8441=DIRECTION('',(0.,0.,1.));
#8442=DIRECTION('',(0.,-1.,0.));
#8443=DIRECTION('',(0.,0.,-1.));
#8444=DIRECTION('',(0.,-1.,0.));
#8445=DIRECTION('',(1.,0.,0.));
#8446=DIRECTION('',(0.,1.,0.));
#8447=DIRECTION('',(0.,0.,1.));
#8448=DIRECTION('',(0.,-1.,0.));
#8449=DIRECTION('',(0.,0.,-1.));
#8450=DIRECTION('',(0.,-1.,0.));
#8451=DIRECTION('',(1.,0.,0.));
#8452=DIRECTION('',(0.,1.,0.));
#8453=DIRECTION('',(0.,0.,1.));
#8454=DIRECTION('',(0.,-1.,0.));
#8455=DIRECTION('',(0.,0.,-1.));
#8456=DIRECTION('',(0.,-1.,0.));
#8457=DIRECTION('',(1.,0.,0.));
#8458=DIRECTION('',(0.,1.,0.));
#8459=DIRECTION('',(0.,0.,1.));
#8460=DIRECTION('',(0.,-1.,0.));
#8461=DIRECTION('',(0.,0.,-1.));
#8462=DIRECTION('',(0.,-1.,0.));
#8463=DIRECTION('',(1.,0.,0.));
#8464=DIRECTION('',(0.,1.,0.));
#8465=DIRECTION('',(0.,0.,1.));
#8466=DIRECTION('',(0.,-1.,0.));
#8467=DIRECTION('',(0.,0.,-1.));
#8468=DIRECTION('',(0.,-1.,0.));
#8469=DIRECTION('',(1.,0.,0.));
#8470=DIRECTION('',(0.,1.,0.));
#8471=DIRECTION('',(0.,0.,1.));
#8472=DIRECTION('',(0.,-1.,0.));
#8473=DIRECTION('',(0.,0.,-1.));
#8474=DIRECTION('',(0.,-1.,0.));
#8475=DIRECTION('',(1.,0.,0.));
#8476=DIRECTION('',(0.,1.,0.));
#8477=DIRECTION('',(0.,0.,1.));
#8478=DIRECTION('',(0.,-1.,0.));
#8479=DIRECTION('',(0.,0.,-1.));
#8480=DIRECTION('',(0.,-1.,0.));
#8481=DIRECTION('',(1.,0.,0.));
#8482=DIRECTION('',(0.,1.,0.));
#8483=DIRECTION('',(0.,0.,1.));
#8484=DIRECTION('',(0.,-1.,0.));
#8485=DIRECTION('',(0.,0.,-1.));
#8486=DIRECTION('',(0.,-1.,0.));
#8487=DIRECTION('',(1.,0.,0.));
#8488=DIRECTION('',(0.,1.,0.));
#8489=DIRECTION('',(0.,0.,1.));
#8490=DIRECTION('',(0.,-1.,0.));
#8491=DIRECTION('',(0.,0.,-1.));
#8492=DIRECTION('',(0.,-1.,0.));
#8493=DIRECTION('',(1.,0.,0.));
#8494=DIRECTION('',(0.,1.,0.));
#8495=DIRECTION('',(0.,0.,1.));
#8496=DIRECTION('',(0.,-1.,0.));
#8497=DIRECTION('',(0.,0.,-1.));
#8498=DIRECTION('',(0.,-1.,0.));
#8499=DIRECTION('',(1.,0.,0.));
#8500=DIRECTION('',(0.,1.,0.));
#8501=DIRECTION('',(0.,0.,1.));
#8502=DIRECTION('',(0.,-1.,0.));
#8503=DIRECTION('',(0.,0.,-1.));
#8504=DIRECTION('',(0.,-1.,0.));
#8505=DIRECTION('',(1.,0.,0.));
#8506=DIRECTION('',(0.,1.,0.));
#8507=DIRECTION('',(0.,0.,1.));
#8508=DIRECTION('',(0.,-1.,0.));
#8509=DIRECTION('',(0.,0.,-1.));
#8510=DIRECTION('',(0.,-1.,0.));
#8511=DIRECTION('',(1.,0.,0.));
#8512=DIRECTION('',(0.,1.,0.));
#8513=DIRECTION('',(0.,0.,1.));
#8514=DIRECTION('',(0.,-1.,0.));
#8515=DIRECTION('',(0.,0.,-1.));
#8516=DIRECTION('',(0.,-1.,0.));
#8517=DIRECTION('',(1.,0.,0.));
#8518=DIRECTION('',(0.,1.,0.));
#8519=DIRECTION('',(0.,0.,1.));
#8520=DIRECTION('',(0.,-1.,0.));
#8521=DIRECTION('',(0.,0.,-1.));
#8522=DIRECTION('',(0.,-1.,0.));
#8523=DIRECTION('',(1.,0.,0.));
#8524=DIRECTION('',(0.,1.,0.));
#8525=DIRECTION('',(0.,0.,1.));
#8526=DIRECTION('',(0.,-1.,0.));
#8527=DIRECTION('',(0.,0.,-1.));
#8528=DIRECTION('',(0.,-1.,0.));
#8529=DIRECTION('',(1.,0.,0.));
#8530=DIRECTION('',(0.,1.,0.));
#8531=DIRECTION('',(0.,0.,1.));
#8532=DIRECTION('',(0.,-1.,0.));
#8533=DIRECTION('',(0.,0.,-1.));
#8534=DIRECTION('',(0.,-1.,0.));
#8535=DIRECTION('',(1.,0.,0.));
#8536=DIRECTION('',(0.,1.,0.));
#8537=DIRECTION('',(0.,0.,1.));
#8538=DIRECTION('',(0.,-1.,0.));
#8539=DIRECTION('',(0.,0.,-1.));
#8540=DIRECTION('',(0.,-1.,0.));
#8541=DIRECTION('',(1.,0.,0.));
#8542=DIRECTION('',(0.,1.,0.));
#8543=DIRECTION('',(0.,0.,1.));
#8544=DIRECTION('',(0.,-1.,0.));
#8545=DIRECTION('',(0.,0.,-1.));
#8546=DIRECTION('',(0.,-1.,0.));
#8547=DIRECTION('',(1.,0.,0.));
#8548=DIRECTION('',(0.,1.,0.));
#8549=DIRECTION('',(0.,0.,1.));
#8550=DIRECTION('',(0.,-1.,0.));
#8551=DIRECTION('',(0.,0.,-1.));
#8552=DIRECTION('',(0.,-1.,0.));
#8553=DIRECTION('',(1.,0.,0.));
#8554=DIRECTION('',(0.,1.,0.));
#8555=DIRECTION('',(0.,0.,1.));
#8556=DIRECTION('',(0.,-1.,0.));
#8557=DIRECTION('',(0.,0.,-1.));
#8558=DIRECTION('',(0.,-1.,0.));
#8559=DIRECTION('',(1.,0.,0.));
#8560=DIRECTION('',(0.,1.,0.));
#8561=DIRECTION('',(0.,0.,1.));
#8562=DIRECTION('',(0.,-1.,0.));
#8563=DIRECTION('',(0.,0.,-1.));
#8564=DIRECTION('',(0.,-1.,0.));
#8565=DIRECTION('',(1.,0.,0.));
#8566=DIRECTION('',(0.,1.,0.));
#8567=DIRECTION('',(0.,0.,1.));
#8568=DIRECTION('',(0.,-1.,0.));
#8569=DIRECTION('',(0.,0.,-1.));
#8570=DIRECTION('',(0.,-1.,0.));
#8571=DIRECTION('',(1.,0.,0.));
#8572=DIRECTION('',(0.,1.,0.));
#8573=DIRECTION('',(0.,0.,1.));
#8574=DIRECTION('',(0.,-1.,0.));
#8575=DIRECTION('',(0.,0.,-1.));
#8576=DIRECTION('',(0.,-1.,0.));
#8577=DIRECTION('',(1.,0.,0.));
#8578=DIRECTION('',(0.,1.,0.));
#8579=DIRECTION('',(0.,0.,1.));
#8580=DIRECTION('',(0.,-1.,0.));
#8581=DIRECTION('',(0.,0.,-1.));
#8582=DIRECTION('',(0.,-1.,0.));
#8583=DIRECTION('',(1.,0.,0.));
#8584=DIRECTION('',(0.,1.,0.));
#8585=DIRECTION('',(0.,0.,1.));
#8586=DIRECTION('',(0.,-1.,0.));
#8587=DIRECTION('',(0.,0.,-1.));
#8588=DIRECTION('',(0.,-1.,0.));
#8589=DIRECTION('',(1.,0.,0.));
#8590=DIRECTION('',(0.,1.,0.));
#8591=DIRECTION('',(0.,0.,1.));
#8592=DIRECTION('',(0.,-1.,0.));
#8593=DIRECTION('',(0.,0.,-1.));
#8594=DIRECTION('',(0.,-1.,0.));
#8595=DIRECTION('',(1.,0.,0.));
#8596=DIRECTION('',(0.,1.,0.));
#8597=DIRECTION('',(0.,0.,1.));
#8598=DIRECTION('',(0.,-1.,0.));
#8599=DIRECTION('',(0.,0.,-1.));
#8600=DIRECTION('',(0.,-1.,0.));
#8601=DIRECTION('',(1.,0.,0.));
#8602=DIRECTION('',(0.,1.,0.));
#8603=DIRECTION('',(0.,0.,1.));
#8604=DIRECTION('',(0.,-1.,0.));
#8605=DIRECTION('',(0.,0.,-1.));
#8606=DIRECTION('',(0.,-1.,0.));
#8607=DIRECTION('',(1.,0.,0.));
#8608=DIRECTION('',(0.,1.,0.));
#8609=DIRECTION('',(0.,0.,1.));
#8610=DIRECTION('',(0.,-1.,0.));
#8611=DIRECTION('',(0.,0.,-1.));
#8612=DIRECTION('',(0.,-1.,0.));
#8613=DIRECTION('',(1.,0.,0.));
#8614=DIRECTION('',(0.,1.,0.));
#8615=DIRECTION('',(0.,0.,1.));
#8616=DIRECTION('',(0.,-1.,0.));
#8617=DIRECTION('',(0.,0.,-1.));
#8618=DIRECTION('',(0.,-1.,0.));
#8619=DIRECTION('',(1.,0.,0.));
#8620=DIRECTION('',(0.,1.,0.));
#8621=DIRECTION('',(0.,0.,1.));
#8622=DIRECTION('',(0.,-1.,0.));
#8623=DIRECTION('',(0.,0.,-1.));
#8624=DIRECTION('',(0.,-1.,0.));
#8625=DIRECTION('',(1.,0.,0.));
#8626=DIRECTION('',(0.,0.,1.));
#8627=DIRECTION('',(1.,0.,0.));
#8628=DIRECTION('',(1.,0.,-3.46944695195362E-16));
#8629=DIRECTION('',(-3.46944695195362E-16,0.,-1.));
#8630=DIRECTION('',(3.46944695195362E-16,0.,1.));
#8631=DIRECTION('',(0.,-1.,0.));
#8632=DIRECTION('',(3.46944695195362E-16,0.,1.));
#8633=DIRECTION('',(0.,-1.,0.));
#8634=DIRECTION('',(1.7347234759768E-16,0.,1.));
#8635=DIRECTION('',(1.,0.,-1.7347234759768E-16));
#8636=DIRECTION('',(-1.,0.,1.7347234759768E-16));
#8637=DIRECTION('',(-1.,0.,1.7347234759768E-16));
#8638=DIRECTION('',(0.,-1.,0.));
#8639=DIRECTION('',(1.,0.,-3.46944695195362E-16));
#8640=DIRECTION('',(-3.46944695195362E-16,0.,-1.));
#8641=DIRECTION('',(3.46944695195362E-16,0.,1.));
#8642=DIRECTION('',(3.46944695195362E-16,0.,1.));
#8643=DIRECTION('',(0.,-1.,0.));
#8644=DIRECTION('',(1.,0.,0.));
#8645=DIRECTION('',(0.,0.,-1.));
#8646=DIRECTION('',(0.,0.,1.));
#8647=DIRECTION('',(0.,-1.,0.));
#8648=DIRECTION('',(0.,0.,1.));
#8649=DIRECTION('',(0.,-1.,0.));
#8650=DIRECTION('',(1.7347234759768E-16,0.,1.));
#8651=DIRECTION('',(1.,0.,-1.7347234759768E-16));
#8652=DIRECTION('',(-1.,0.,1.7347234759768E-16));
#8653=DIRECTION('',(-1.,0.,1.7347234759768E-16));
#8654=DIRECTION('',(0.,-1.,0.));
#8655=DIRECTION('',(1.,0.,0.));
#8656=DIRECTION('',(0.,0.,-1.));
#8657=DIRECTION('',(0.,0.,1.));
#8658=DIRECTION('',(0.,0.,1.));
#8659=DIRECTION('',(0.,-1.,0.));
#8660=DIRECTION('',(1.,0.,-3.46944695195362E-16));
#8661=DIRECTION('',(-3.46944695195362E-16,0.,-1.));
#8662=DIRECTION('',(3.46944695195362E-16,0.,1.));
#8663=DIRECTION('',(0.,-1.,0.));
#8664=DIRECTION('',(3.46944695195362E-16,0.,1.));
#8665=DIRECTION('',(0.,-1.,0.));
#8666=DIRECTION('',(1.7347234759768E-16,0.,1.));
#8667=DIRECTION('',(1.,0.,-1.7347234759768E-16));
#8668=DIRECTION('',(-1.,0.,1.7347234759768E-16));
#8669=DIRECTION('',(-1.,0.,1.7347234759768E-16));
#8670=DIRECTION('',(0.,-1.,0.));
#8671=DIRECTION('',(1.,0.,-3.46944695195362E-16));
#8672=DIRECTION('',(-3.46944695195362E-16,0.,-1.));
#8673=DIRECTION('',(3.46944695195362E-16,0.,1.));
#8674=DIRECTION('',(3.46944695195362E-16,0.,1.));
#8675=DIRECTION('',(0.,-1.,0.));
#8676=DIRECTION('',(-8.67361737988404E-17,0.,1.));
#8677=DIRECTION('',(1.,0.,8.67361737988404E-17));
#8678=DIRECTION('',(0.,-1.,0.));
#8679=DIRECTION('',(-1.,0.,-8.67361737988404E-17));
#8680=DIRECTION('',(0.,-1.,0.));
#8681=DIRECTION('',(-1.,0.,-8.67361737988404E-17));
#8682=DIRECTION('',(1.,0.,0.));
#8683=DIRECTION('',(0.,0.,-1.));
#8684=DIRECTION('',(0.,-1.,0.));
#8685=DIRECTION('',(0.,0.,-1.));
#8686=DIRECTION('',(0.,0.,1.));
#8687=DIRECTION('',(-1.7347234759768E-16,0.,1.));
#8688=DIRECTION('',(1.,0.,1.7347234759768E-16));
#8689=DIRECTION('',(0.,-1.,0.));
#8690=DIRECTION('',(1.,0.,1.7347234759768E-16));
#8691=DIRECTION('',(-1.,0.,-1.7347234759768E-16));
#8692=DIRECTION('',(1.,0.,0.));
#8693=DIRECTION('',(0.,0.,-1.));
#8694=DIRECTION('',(0.,0.,1.));
#8695=DIRECTION('',(0.,-1.,0.));
#8696=DIRECTION('',(0.,0.,1.));
#8697=DIRECTION('',(0.,-1.,0.));
#8698=DIRECTION('',(1.7347234759768E-16,0.,1.));
#8699=DIRECTION('',(1.,0.,-1.7347234759768E-16));
#8700=DIRECTION('',(-1.,0.,1.7347234759768E-16));
#8701=DIRECTION('',(-1.,0.,1.7347234759768E-16));
#8702=DIRECTION('',(0.,-1.,0.));
#8703=DIRECTION('',(1.,0.,0.));
#8704=DIRECTION('',(0.,0.,-1.));
#8705=DIRECTION('',(0.,0.,1.));
#8706=DIRECTION('',(0.,0.,1.));
#8707=DIRECTION('',(0.,-1.,0.));
#8708=DIRECTION('',(1.7347234759768E-16,0.,1.));
#8709=DIRECTION('',(1.,0.,-1.7347234759768E-16));
#8710=DIRECTION('',(-1.,0.,1.7347234759768E-16));
#8711=DIRECTION('',(-1.,0.,1.7347234759768E-16));
#8712=DIRECTION('',(1.7347234759768E-16,0.,1.));
#8713=DIRECTION('',(1.,0.,-1.7347234759768E-16));
#8714=DIRECTION('',(-1.,0.,1.7347234759768E-16));
#8715=DIRECTION('',(-1.,0.,1.7347234759768E-16));
#8716=DIRECTION('',(1.,0.,0.));
#8717=DIRECTION('',(0.,0.,-1.));
#8718=DIRECTION('',(0.,0.,1.));
#8719=DIRECTION('',(0.,0.,1.));
#8720=DIRECTION('',(1.7347234759768E-16,0.,1.));
#8721=DIRECTION('',(1.,0.,-1.7347234759768E-16));
#8722=DIRECTION('',(-1.,0.,1.7347234759768E-16));
#8723=DIRECTION('',(-1.,0.,1.7347234759768E-16));
#8724=DIRECTION('',(1.7347234759768E-16,0.,1.));
#8725=DIRECTION('',(1.,0.,-1.7347234759768E-16));
#8726=DIRECTION('',(-1.,0.,1.7347234759768E-16));
#8727=DIRECTION('',(-1.,0.,1.7347234759768E-16));
#8728=DIRECTION('',(0.,-1.,0.));
#8729=DIRECTION('',(1.,0.,0.));
#8730=DIRECTION('',(0.,-1.,0.));
#8731=DIRECTION('',(1.,0.,0.));
#8732=DIRECTION('',(0.,-1.,0.));
#8733=DIRECTION('',(0.,0.,-1.));
#8734=DIRECTION('',(0.,-1.,0.));
#8735=DIRECTION('',(0.,0.,-1.));
#8736=DIRECTION('',(0.,-1.,0.));
#8737=DIRECTION('',(0.,0.,-1.));
#8738=DIRECTION('',(0.,-1.,0.));
#8739=DIRECTION('',(0.,0.,-1.));
#8740=DIRECTION('',(0.,-1.,0.));
#8741=DIRECTION('',(0.,0.,-1.));
#8742=DIRECTION('',(0.,-1.,0.));
#8743=DIRECTION('',(0.,0.,-1.));
#8744=DIRECTION('',(0.,-1.,0.));
#8745=DIRECTION('',(0.,0.,-1.));
#8746=DIRECTION('',(0.,-1.,0.));
#8747=DIRECTION('',(0.,0.,-1.));
#8748=DIRECTION('',(0.,-1.,0.));
#8749=DIRECTION('',(0.,0.,-1.));
#8750=DIRECTION('',(0.,-1.,0.));
#8751=DIRECTION('',(0.,0.,-1.));
#8752=DIRECTION('',(0.,-1.,0.));
#8753=DIRECTION('',(0.,0.,-1.));
#8754=DIRECTION('',(0.,-1.,0.));
#8755=DIRECTION('',(0.,0.,-1.));
#8756=DIRECTION('',(0.,-1.,0.));
#8757=DIRECTION('',(0.,0.,-1.));
#8758=DIRECTION('',(0.,-1.,0.));
#8759=DIRECTION('',(0.,0.,-1.));
#8760=DIRECTION('',(0.,-1.,0.));
#8761=DIRECTION('',(0.,0.,-1.));
#8762=DIRECTION('',(0.,-1.,0.));
#8763=DIRECTION('',(0.,0.,-1.));
#8764=DIRECTION('',(0.,-1.,0.));
#8765=DIRECTION('',(0.,0.,-1.));
#8766=DIRECTION('',(0.,-1.,0.));
#8767=DIRECTION('',(0.,0.,-1.));
#8768=DIRECTION('',(0.,-1.,0.));
#8769=DIRECTION('',(0.,0.,-1.));
#8770=DIRECTION('',(0.,-1.,0.));
#8771=DIRECTION('',(0.,0.,-1.));
#8772=DIRECTION('',(0.,-1.,0.));
#8773=DIRECTION('',(0.,0.,-1.));
#8774=DIRECTION('',(0.,-1.,0.));
#8775=DIRECTION('',(0.,0.,-1.));
#8776=DIRECTION('',(0.,-1.,0.));
#8777=DIRECTION('',(0.,0.,-1.));
#8778=DIRECTION('',(0.,-1.,0.));
#8779=DIRECTION('',(0.,0.,-1.));
#8780=DIRECTION('',(0.,-1.,0.));
#8781=DIRECTION('',(0.,0.,-1.));
#8782=DIRECTION('',(0.,-1.,0.));
#8783=DIRECTION('',(0.,0.,-1.));
#8784=DIRECTION('',(0.,-1.,0.));
#8785=DIRECTION('',(0.,0.,-1.));
#8786=DIRECTION('',(0.,-1.,0.));
#8787=DIRECTION('',(0.,0.,-1.));
#8788=DIRECTION('',(0.,-1.,0.));
#8789=DIRECTION('',(0.,0.,-1.));
#8790=DIRECTION('',(0.,-1.,0.));
#8791=DIRECTION('',(0.,0.,-1.));
#8792=DIRECTION('',(0.,-1.,0.));
#8793=DIRECTION('',(0.,0.,-1.));
#8794=DIRECTION('',(0.,-1.,0.));
#8795=DIRECTION('',(0.,0.,-1.));
#8796=DIRECTION('',(0.,-1.,0.));
#8797=DIRECTION('',(0.,0.,-1.));
#8798=DIRECTION('',(0.,-1.,0.));
#8799=DIRECTION('',(0.,0.,-1.));
#8800=DIRECTION('',(0.,-1.,0.));
#8801=DIRECTION('',(0.,0.,-1.));
#8802=DIRECTION('',(0.,-1.,0.));
#8803=DIRECTION('',(0.,0.,-1.));
#8804=DIRECTION('',(0.,-1.,0.));
#8805=DIRECTION('',(0.,0.,-1.));
#8806=DIRECTION('',(0.,-1.,0.));
#8807=DIRECTION('',(0.,0.,-1.));
#8808=DIRECTION('',(0.,-1.,0.));
#8809=DIRECTION('',(0.,0.,-1.));
#8810=DIRECTION('',(0.,-1.,0.));
#8811=DIRECTION('',(0.,0.,-1.));
#8812=DIRECTION('',(0.,-1.,0.));
#8813=DIRECTION('',(0.,0.,-1.));
#8814=DIRECTION('',(0.,-1.,0.));
#8815=DIRECTION('',(0.,0.,-1.));
#8816=DIRECTION('',(0.,-1.,0.));
#8817=DIRECTION('',(0.,0.,-1.));
#8818=DIRECTION('',(0.,-1.,0.));
#8819=DIRECTION('',(0.,0.,-1.));
#8820=DIRECTION('',(0.,-1.,0.));
#8821=DIRECTION('',(0.,0.,-1.));
#8822=DIRECTION('',(0.,-1.,0.));
#8823=DIRECTION('',(0.,0.,-1.));
#8824=DIRECTION('',(0.,-1.,0.));
#8825=DIRECTION('',(0.,0.,-1.));
#8826=DIRECTION('',(0.,-1.,0.));
#8827=DIRECTION('',(0.,0.,-1.));
#8828=DIRECTION('',(0.,-1.,0.));
#8829=DIRECTION('',(0.,0.,-1.));
#8830=DIRECTION('',(0.,-1.,0.));
#8831=DIRECTION('',(0.,0.,-1.));
#8832=DIRECTION('',(0.,-1.,0.));
#8833=DIRECTION('',(0.,0.,-1.));
#8834=DIRECTION('',(0.,-1.,0.));
#8835=DIRECTION('',(0.,0.,-1.));
#8836=DIRECTION('',(0.,-1.,0.));
#8837=DIRECTION('',(0.,0.,-1.));
#8838=DIRECTION('',(0.,-1.,0.));
#8839=DIRECTION('',(0.,0.,-1.));
#8840=DIRECTION('',(0.,-1.,0.));
#8841=DIRECTION('',(0.,0.,-1.));
#8842=DIRECTION('',(0.,-1.,0.));
#8843=DIRECTION('',(0.,0.,-1.));
#8844=DIRECTION('',(0.,-1.,0.));
#8845=DIRECTION('',(0.,0.,-1.));
#8846=DIRECTION('',(0.,-1.,0.));
#8847=DIRECTION('',(0.,0.,-1.));
#8848=DIRECTION('',(0.,-1.,0.));
#8849=DIRECTION('',(0.,0.,-1.));
#8850=DIRECTION('',(0.,-1.,0.));
#8851=DIRECTION('',(0.,0.,-1.));
#8852=DIRECTION('',(0.,-1.,0.));
#8853=DIRECTION('',(0.,0.,-1.));
#8854=DIRECTION('',(0.,-1.,0.));
#8855=DIRECTION('',(0.,0.,-1.));
#8856=DIRECTION('',(0.,-1.,0.));
#8857=DIRECTION('',(0.,0.,-1.));
#8858=DIRECTION('',(0.,-1.,0.));
#8859=DIRECTION('',(0.,0.,-1.));
#8860=DIRECTION('',(0.,-1.,0.));
#8861=DIRECTION('',(0.,0.,-1.));
#8862=DIRECTION('',(0.,-1.,0.));
#8863=DIRECTION('',(0.,0.,-1.));
#8864=DIRECTION('',(0.,-1.,0.));
#8865=DIRECTION('',(0.,0.,-1.));
#8866=DIRECTION('',(0.,-1.,0.));
#8867=DIRECTION('',(0.,0.,-1.));
#8868=DIRECTION('',(0.,-1.,0.));
#8869=DIRECTION('',(0.,0.,-1.));
#8870=DIRECTION('',(0.,-1.,0.));
#8871=DIRECTION('',(0.,0.,-1.));
#8872=DIRECTION('',(0.,-1.,0.));
#8873=DIRECTION('',(0.,0.,-1.));
#8874=DIRECTION('',(0.,-1.,0.));
#8875=DIRECTION('',(0.,0.,-1.));
#8876=DIRECTION('',(0.,-1.,0.));
#8877=DIRECTION('',(0.,0.,-1.));
#8878=DIRECTION('',(0.,-1.,0.));
#8879=DIRECTION('',(0.,0.,-1.));
#8880=DIRECTION('',(0.,-1.,0.));
#8881=DIRECTION('',(0.,0.,-1.));
#8882=DIRECTION('',(0.,-1.,0.));
#8883=DIRECTION('',(0.,0.,-1.));
#8884=DIRECTION('',(0.,-1.,0.));
#8885=DIRECTION('',(0.,0.,-1.));
#8886=DIRECTION('',(0.,-1.,0.));
#8887=DIRECTION('',(0.,0.,-1.));
#8888=DIRECTION('',(0.,-1.,0.));
#8889=DIRECTION('',(0.,0.,-1.));
#8890=DIRECTION('',(0.,-1.,0.));
#8891=DIRECTION('',(0.,0.,-1.));
#8892=DIRECTION('',(0.,-1.,0.));
#8893=DIRECTION('',(0.,0.,-1.));
#8894=DIRECTION('',(0.,-1.,0.));
#8895=DIRECTION('',(0.,0.,-1.));
#8896=DIRECTION('',(0.,-1.,0.));
#8897=DIRECTION('',(0.,0.,-1.));
#8898=DIRECTION('',(0.,-1.,0.));
#8899=DIRECTION('',(0.,0.,-1.));
#8900=DIRECTION('',(0.,-1.,0.));
#8901=DIRECTION('',(0.,0.,-1.));
#8902=DIRECTION('',(0.,-1.,0.));
#8903=DIRECTION('',(0.,0.,-1.));
#8904=DIRECTION('',(0.,-1.,0.));
#8905=DIRECTION('',(0.,0.,-1.));
#8906=DIRECTION('',(0.,-1.,0.));
#8907=DIRECTION('',(0.,0.,-1.));
#8908=DIRECTION('',(0.,-1.,0.));
#8909=DIRECTION('',(0.,0.,-1.));
#8910=DIRECTION('',(0.,-1.,0.));
#8911=DIRECTION('',(0.,0.,-1.));
#8912=DIRECTION('',(0.,-1.,0.));
#8913=DIRECTION('',(0.,0.,-1.));
#8914=DIRECTION('',(0.,-1.,0.));
#8915=DIRECTION('',(0.,0.,-1.));
#8916=DIRECTION('',(0.,-1.,0.));
#8917=DIRECTION('',(0.,0.,-1.));
#8918=DIRECTION('',(0.,-1.,0.));
#8919=DIRECTION('',(0.,0.,-1.));
#8920=DIRECTION('',(0.,-1.,0.));
#8921=DIRECTION('',(0.,0.,-1.));
#8922=DIRECTION('',(0.,-1.,0.));
#8923=DIRECTION('',(0.,0.,-1.));
#8924=DIRECTION('',(0.,-1.,0.));
#8925=DIRECTION('',(0.,0.,-1.));
#8926=DIRECTION('',(0.,-1.,0.));
#8927=DIRECTION('',(0.,0.,-1.));
#8928=DIRECTION('',(0.,-1.,0.));
#8929=DIRECTION('',(0.,0.,-1.));
#8930=DIRECTION('',(0.,-1.,0.));
#8931=DIRECTION('',(0.,0.,-1.));
#8932=DIRECTION('',(0.,-1.,0.));
#8933=DIRECTION('',(0.,0.,-1.));
#8934=DIRECTION('',(0.,-1.,0.));
#8935=DIRECTION('',(0.,0.,-1.));
#8936=DIRECTION('',(0.,-1.,0.));
#8937=DIRECTION('',(0.,0.,-1.));
#8938=DIRECTION('',(0.,-1.,0.));
#8939=DIRECTION('',(0.,0.,-1.));
#8940=DIRECTION('',(0.,-1.,0.));
#8941=DIRECTION('',(0.,0.,-1.));
#8942=DIRECTION('',(0.,-1.,0.));
#8943=DIRECTION('',(0.,0.,-1.));
#8944=DIRECTION('',(0.,-1.,0.));
#8945=DIRECTION('',(0.,0.,-1.));
#8946=DIRECTION('',(0.,-1.,0.));
#8947=DIRECTION('',(0.,0.,-1.));
#8948=DIRECTION('',(0.,-1.,0.));
#8949=DIRECTION('',(0.,0.,-1.));
#8950=DIRECTION('',(0.,-1.,0.));
#8951=DIRECTION('',(0.,0.,-1.));
#8952=DIRECTION('',(0.,-1.,0.));
#8953=DIRECTION('',(0.,0.,-1.));
#8954=DIRECTION('',(0.,-1.,0.));
#8955=DIRECTION('',(0.,0.,-1.));
#8956=DIRECTION('',(0.,-1.,0.));
#8957=DIRECTION('',(0.,0.,-1.));
#8958=DIRECTION('',(0.,-1.,0.));
#8959=DIRECTION('',(0.,0.,-1.));
#8960=DIRECTION('',(0.,-1.,0.));
#8961=DIRECTION('',(0.,0.,-1.));
#8962=DIRECTION('',(0.,-1.,0.));
#8963=DIRECTION('',(0.,0.,-1.));
#8964=DIRECTION('',(0.,-1.,0.));
#8965=DIRECTION('',(0.,0.,-1.));
#8966=DIRECTION('',(0.,-1.,0.));
#8967=DIRECTION('',(0.,0.,-1.));
#8968=DIRECTION('',(0.,-1.,0.));
#8969=DIRECTION('',(0.,0.,-1.));
#8970=DIRECTION('',(0.,-1.,0.));
#8971=DIRECTION('',(0.,0.,-1.));
#8972=DIRECTION('',(0.,-1.,0.));
#8973=DIRECTION('',(0.,0.,-1.));
#8974=DIRECTION('',(0.,-1.,0.));
#8975=DIRECTION('',(0.,0.,-1.));
#8976=DIRECTION('',(0.,-1.,0.));
#8977=DIRECTION('',(0.,0.,-1.));
#8978=DIRECTION('',(0.,-1.,0.));
#8979=DIRECTION('',(0.,0.,-1.));
#8980=DIRECTION('',(0.,-1.,0.));
#8981=DIRECTION('',(0.,0.,-1.));
#8982=DIRECTION('',(0.,-1.,0.));
#8983=DIRECTION('',(0.,0.,-1.));
#8984=DIRECTION('',(-1.,0.,-1.7347234759768E-16));
#8985=DIRECTION('',(0.,0.,-1.));
#8986=DIRECTION('',(1.,0.,8.67361737988404E-17));
#8987=DIRECTION('',(0.,0.,1.));
#8988=DIRECTION('',(-0.707106781186548,0.707106781186548,0.));
#8989=DIRECTION('',(0.,0.,1.));
#8990=DIRECTION('',(0.577350269189626,0.577350269189626,0.577350269189626));
#8991=DIRECTION('',(-0.577350269189625,-0.577350269189626,0.577350269189626));
#8992=DIRECTION('',(6.13317366673349E-17,-0.707106781186548,-0.707106781186547));
#8993=DIRECTION('',(1.,0.,8.67361737988404E-17));
#8994=DIRECTION('',(-0.577350269189625,0.577350269189625,-0.577350269189626));
#8995=DIRECTION('',(1.2266347333467E-16,0.707106781186548,-0.707106781186548));
#8996=DIRECTION('',(-1.,0.,-1.7347234759768E-16));
#8997=DIRECTION('',(-0.577350269189626,0.577350269189626,0.577350269189626));
#8998=DIRECTION('',(-0.707106781186548,-0.707106781186548,0.));
#8999=DIRECTION('',(0.,0.,-1.));
#9000=DIRECTION('',(0.,-1.,0.));
#9001=DIRECTION('',(0.,0.,-1.));
#9002=DIRECTION('',(0.,-1.,0.));
#9003=DIRECTION('',(0.,0.,-1.));
#9004=DIRECTION('',(0.,-1.,0.));
#9005=DIRECTION('',(1.,0.,0.));
#9006=DIRECTION('',(0.,-1.,0.));
#9007=DIRECTION('',(0.,0.,-1.));
#9008=DIRECTION('',(0.,-1.,0.));
#9009=DIRECTION('',(0.,0.,-1.));
#9010=DIRECTION('',(0.,-1.,0.));
#9011=DIRECTION('',(1.,0.,0.));
#9012=DIRECTION('',(0.,-1.,0.));
#9013=DIRECTION('',(0.,0.,-1.));
#9014=DIRECTION('',(0.,-1.,0.));
#9015=DIRECTION('',(0.,0.,-1.));
#9016=DIRECTION('',(0.,-1.,0.));
#9017=DIRECTION('',(1.,0.,0.));
#9018=DIRECTION('',(0.,-1.,0.));
#9019=DIRECTION('',(0.,0.,-1.));
#9020=DIRECTION('',(0.,-1.,0.));
#9021=DIRECTION('',(0.,0.,-1.));
#9022=DIRECTION('',(0.,-1.,0.));
#9023=DIRECTION('',(1.,0.,0.));
#9024=DIRECTION('',(0.,-1.,0.));
#9025=DIRECTION('',(0.,0.,-1.));
#9026=DIRECTION('',(0.,-1.,0.));
#9027=DIRECTION('',(0.,0.,-1.));
#9028=DIRECTION('',(0.,-1.,0.));
#9029=DIRECTION('',(1.,0.,0.));
#9030=DIRECTION('',(0.,-1.,0.));
#9031=DIRECTION('',(0.,0.,-1.));
#9032=DIRECTION('',(0.,-1.,0.));
#9033=DIRECTION('',(0.,0.,-1.));
#9034=DIRECTION('',(0.,-1.,0.));
#9035=DIRECTION('',(1.,0.,0.));
#9036=DIRECTION('',(0.,-1.,0.));
#9037=DIRECTION('',(0.,0.,-1.));
#9038=DIRECTION('',(0.,-1.,0.));
#9039=DIRECTION('',(0.,0.,-1.));
#9040=DIRECTION('',(0.,-1.,0.));
#9041=DIRECTION('',(1.,0.,0.));
#9042=DIRECTION('',(0.,-1.,0.));
#9043=DIRECTION('',(0.,0.,-1.));
#9044=DIRECTION('',(0.,-1.,0.));
#9045=DIRECTION('',(0.,0.,-1.));
#9046=DIRECTION('',(0.,-1.,0.));
#9047=DIRECTION('',(1.,0.,0.));
#9048=DIRECTION('',(0.,-1.,0.));
#9049=DIRECTION('',(0.,0.,-1.));
#9050=DIRECTION('',(0.,-1.,0.));
#9051=DIRECTION('',(0.,0.,-1.));
#9052=DIRECTION('',(0.,-1.,0.));
#9053=DIRECTION('',(1.,0.,0.));
#9054=DIRECTION('',(0.,-1.,0.));
#9055=DIRECTION('',(0.,0.,-1.));
#9056=DIRECTION('',(0.,-1.,0.));
#9057=DIRECTION('',(0.,0.,-1.));
#9058=DIRECTION('',(0.,-1.,0.));
#9059=DIRECTION('',(1.,0.,0.));
#9060=DIRECTION('',(0.,-1.,0.));
#9061=DIRECTION('',(0.,0.,-1.));
#9062=DIRECTION('',(0.,-1.,0.));
#9063=DIRECTION('',(0.,0.,-1.));
#9064=DIRECTION('',(0.,-1.,0.));
#9065=DIRECTION('',(1.,0.,0.));
#9066=DIRECTION('',(0.,-1.,0.));
#9067=DIRECTION('',(0.,0.,-1.));
#9068=DIRECTION('',(0.,-1.,0.));
#9069=DIRECTION('',(0.,0.,-1.));
#9070=DIRECTION('',(0.,-1.,0.));
#9071=DIRECTION('',(1.,0.,0.));
#9072=DIRECTION('',(0.,-1.,0.));
#9073=DIRECTION('',(0.,0.,-1.));
#9074=DIRECTION('',(0.,-1.,0.));
#9075=DIRECTION('',(0.,0.,-1.));
#9076=DIRECTION('',(0.,-1.,0.));
#9077=DIRECTION('',(1.,0.,0.));
#9078=DIRECTION('',(0.,-1.,0.));
#9079=DIRECTION('',(0.,0.,-1.));
#9080=DIRECTION('',(0.,-1.,0.));
#9081=DIRECTION('',(0.,0.,-1.));
#9082=DIRECTION('',(0.,-1.,0.));
#9083=DIRECTION('',(1.,0.,0.));
#9084=DIRECTION('',(0.,-1.,0.));
#9085=DIRECTION('',(0.,0.,-1.));
#9086=DIRECTION('',(0.,-1.,0.));
#9087=DIRECTION('',(0.,0.,-1.));
#9088=DIRECTION('',(0.,-1.,0.));
#9089=DIRECTION('',(1.,0.,0.));
#9090=DIRECTION('',(0.,-1.,0.));
#9091=DIRECTION('',(0.,0.,-1.));
#9092=DIRECTION('',(0.,-1.,0.));
#9093=DIRECTION('',(0.,0.,-1.));
#9094=DIRECTION('',(0.,-1.,0.));
#9095=DIRECTION('',(1.,0.,0.));
#9096=DIRECTION('',(0.,-1.,0.));
#9097=DIRECTION('',(0.,0.,-1.));
#9098=DIRECTION('',(0.,-1.,0.));
#9099=DIRECTION('',(0.,0.,-1.));
#9100=DIRECTION('',(0.,-1.,0.));
#9101=DIRECTION('',(1.,0.,0.));
#9102=DIRECTION('',(0.,-1.,0.));
#9103=DIRECTION('',(0.,0.,-1.));
#9104=DIRECTION('',(0.,-1.,0.));
#9105=DIRECTION('',(0.,0.,-1.));
#9106=DIRECTION('',(0.,-1.,0.));
#9107=DIRECTION('',(1.,0.,0.));
#9108=DIRECTION('',(0.,-1.,0.));
#9109=DIRECTION('',(0.,0.,-1.));
#9110=DIRECTION('',(0.,-1.,0.));
#9111=DIRECTION('',(0.,0.,-1.));
#9112=DIRECTION('',(0.,-1.,0.));
#9113=DIRECTION('',(1.,0.,0.));
#9114=DIRECTION('',(0.,-1.,0.));
#9115=DIRECTION('',(0.,0.,-1.));
#9116=DIRECTION('',(0.,-1.,0.));
#9117=DIRECTION('',(0.,0.,-1.));
#9118=DIRECTION('',(0.,-1.,0.));
#9119=DIRECTION('',(1.,0.,0.));
#9120=DIRECTION('',(0.,-1.,0.));
#9121=DIRECTION('',(0.,0.,-1.));
#9122=DIRECTION('',(0.,-1.,0.));
#9123=DIRECTION('',(0.,0.,-1.));
#9124=DIRECTION('',(0.,-1.,0.));
#9125=DIRECTION('',(1.,0.,0.));
#9126=DIRECTION('',(0.,-1.,0.));
#9127=DIRECTION('',(0.,0.,-1.));
#9128=DIRECTION('',(0.,-1.,0.));
#9129=DIRECTION('',(0.,0.,-1.));
#9130=DIRECTION('',(0.,-1.,0.));
#9131=DIRECTION('',(1.,0.,0.));
#9132=DIRECTION('',(0.,-1.,0.));
#9133=DIRECTION('',(0.,0.,-1.));
#9134=DIRECTION('',(0.,-1.,0.));
#9135=DIRECTION('',(0.,0.,-1.));
#9136=DIRECTION('',(0.,-1.,0.));
#9137=DIRECTION('',(1.,0.,0.));
#9138=DIRECTION('',(0.,-1.,0.));
#9139=DIRECTION('',(0.,0.,-1.));
#9140=DIRECTION('',(0.,-1.,0.));
#9141=DIRECTION('',(0.,0.,-1.));
#9142=DIRECTION('',(0.,-1.,0.));
#9143=DIRECTION('',(1.,0.,0.));
#9144=DIRECTION('',(0.,-1.,0.));
#9145=DIRECTION('',(0.,0.,-1.));
#9146=DIRECTION('',(0.,-1.,0.));
#9147=DIRECTION('',(0.,0.,-1.));
#9148=DIRECTION('',(0.,-1.,0.));
#9149=DIRECTION('',(1.,0.,0.));
#9150=DIRECTION('',(0.,-1.,0.));
#9151=DIRECTION('',(0.,0.,-1.));
#9152=DIRECTION('',(0.,-1.,0.));
#9153=DIRECTION('',(0.,0.,-1.));
#9154=DIRECTION('',(0.,-1.,0.));
#9155=DIRECTION('',(1.,0.,0.));
#9156=DIRECTION('',(0.,-1.,0.));
#9157=DIRECTION('',(0.,0.,-1.));
#9158=DIRECTION('',(0.,-1.,0.));
#9159=DIRECTION('',(0.,0.,-1.));
#9160=DIRECTION('',(0.,-1.,0.));
#9161=DIRECTION('',(1.,0.,0.));
#9162=DIRECTION('',(0.,-1.,0.));
#9163=DIRECTION('',(0.,0.,-1.));
#9164=DIRECTION('',(0.,-1.,0.));
#9165=DIRECTION('',(0.,0.,-1.));
#9166=DIRECTION('',(0.,-1.,0.));
#9167=DIRECTION('',(1.,0.,0.));
#9168=DIRECTION('',(0.,-1.,0.));
#9169=DIRECTION('',(0.,0.,-1.));
#9170=DIRECTION('',(0.,-1.,0.));
#9171=DIRECTION('',(0.,0.,-1.));
#9172=DIRECTION('',(0.,-1.,0.));
#9173=DIRECTION('',(1.,0.,0.));
#9174=DIRECTION('',(0.,-1.,0.));
#9175=DIRECTION('',(0.,0.,-1.));
#9176=DIRECTION('',(0.,-1.,0.));
#9177=DIRECTION('',(0.,0.,-1.));
#9178=DIRECTION('',(0.,-1.,0.));
#9179=DIRECTION('',(1.,0.,0.));
#9180=DIRECTION('',(0.,-1.,0.));
#9181=DIRECTION('',(0.,0.,-1.));
#9182=DIRECTION('',(0.,-1.,0.));
#9183=DIRECTION('',(0.,0.,-1.));
#9184=DIRECTION('',(0.,-1.,0.));
#9185=DIRECTION('',(1.,0.,0.));
#9186=DIRECTION('',(0.,-1.,0.));
#9187=DIRECTION('',(0.,0.,-1.));
#9188=DIRECTION('',(0.,-1.,0.));
#9189=DIRECTION('',(0.,0.,-1.));
#9190=DIRECTION('',(0.,-1.,0.));
#9191=DIRECTION('',(1.,0.,0.));
#9192=DIRECTION('',(0.,-1.,0.));
#9193=DIRECTION('',(0.,0.,-1.));
#9194=DIRECTION('',(0.,-1.,0.));
#9195=DIRECTION('',(0.,0.,-1.));
#9196=DIRECTION('',(0.,-1.,0.));
#9197=DIRECTION('',(1.,0.,0.));
#9198=DIRECTION('',(0.,-1.,0.));
#9199=DIRECTION('',(0.,0.,-1.));
#9200=DIRECTION('',(0.,-1.,0.));
#9201=DIRECTION('',(0.,0.,-1.));
#9202=DIRECTION('',(0.,-1.,0.));
#9203=DIRECTION('',(1.,0.,0.));
#9204=DIRECTION('',(0.,-1.,0.));
#9205=DIRECTION('',(0.,0.,-1.));
#9206=DIRECTION('',(0.,-1.,0.));
#9207=DIRECTION('',(0.,0.,-1.));
#9208=DIRECTION('',(0.,-1.,0.));
#9209=DIRECTION('',(1.,0.,0.));
#9210=DIRECTION('',(0.,-1.,0.));
#9211=DIRECTION('',(0.,0.,-1.));
#9212=DIRECTION('',(0.,-1.,0.));
#9213=DIRECTION('',(0.,0.,-1.));
#9214=DIRECTION('',(0.,-1.,0.));
#9215=DIRECTION('',(1.,0.,0.));
#9216=DIRECTION('',(0.,-1.,0.));
#9217=DIRECTION('',(0.,0.,-1.));
#9218=DIRECTION('',(0.,-1.,0.));
#9219=DIRECTION('',(0.,0.,-1.));
#9220=DIRECTION('',(0.,-1.,0.));
#9221=DIRECTION('',(1.,0.,0.));
#9222=DIRECTION('',(0.,-1.,0.));
#9223=DIRECTION('',(0.,0.,-1.));
#9224=DIRECTION('',(0.,-1.,0.));
#9225=DIRECTION('',(0.,0.,-1.));
#9226=DIRECTION('',(0.,-1.,0.));
#9227=DIRECTION('',(1.,0.,0.));
#9228=DIRECTION('',(0.,-1.,0.));
#9229=DIRECTION('',(0.,0.,-1.));
#9230=DIRECTION('',(0.,-1.,0.));
#9231=DIRECTION('',(0.,0.,-1.));
#9232=DIRECTION('',(0.,-1.,0.));
#9233=DIRECTION('',(1.,0.,0.));
#9234=DIRECTION('',(0.,-1.,0.));
#9235=DIRECTION('',(0.,0.,-1.));
#9236=DIRECTION('',(0.,-1.,0.));
#9237=DIRECTION('',(0.,0.,-1.));
#9238=DIRECTION('',(0.,-1.,0.));
#9239=DIRECTION('',(1.,0.,0.));
#9240=DIRECTION('',(0.,-1.,0.));
#9241=DIRECTION('',(0.,0.,-1.));
#9242=DIRECTION('',(0.,-1.,0.));
#9243=DIRECTION('',(0.,0.,-1.));
#9244=DIRECTION('',(0.,-1.,0.));
#9245=DIRECTION('',(1.,0.,0.));
#9246=DIRECTION('',(0.,-1.,0.));
#9247=DIRECTION('',(0.,0.,-1.));
#9248=DIRECTION('',(0.,-1.,0.));
#9249=DIRECTION('',(0.,0.,-1.));
#9250=DIRECTION('',(0.,-1.,0.));
#9251=DIRECTION('',(1.,0.,0.));
#9252=DIRECTION('',(0.,-1.,0.));
#9253=DIRECTION('',(0.,0.,-1.));
#9254=DIRECTION('',(0.,-1.,0.));
#9255=DIRECTION('',(0.,0.,-1.));
#9256=DIRECTION('',(0.,-1.,0.));
#9257=DIRECTION('',(1.,0.,0.));
#9258=DIRECTION('',(0.,-1.,0.));
#9259=DIRECTION('',(0.,0.,-1.));
#9260=DIRECTION('',(0.,-1.,0.));
#9261=DIRECTION('',(0.,0.,-1.));
#9262=DIRECTION('',(0.,-1.,0.));
#9263=DIRECTION('',(1.,0.,0.));
#9264=DIRECTION('',(0.,-1.,0.));
#9265=DIRECTION('',(0.,0.,-1.));
#9266=DIRECTION('',(0.,-1.,0.));
#9267=DIRECTION('',(0.,0.,-1.));
#9268=DIRECTION('',(0.,-1.,0.));
#9269=DIRECTION('',(1.,0.,0.));
#9270=DIRECTION('',(0.,-1.,0.));
#9271=DIRECTION('',(0.,0.,-1.));
#9272=DIRECTION('',(0.,-1.,0.));
#9273=DIRECTION('',(0.,0.,-1.));
#9274=DIRECTION('',(0.,-1.,0.));
#9275=DIRECTION('',(1.,0.,0.));
#9276=DIRECTION('',(0.,-1.,0.));
#9277=DIRECTION('',(0.,0.,-1.));
#9278=DIRECTION('',(0.,-1.,0.));
#9279=DIRECTION('',(0.,0.,-1.));
#9280=DIRECTION('',(0.,-1.,0.));
#9281=DIRECTION('',(1.,0.,0.));
#9282=DIRECTION('',(0.,-1.,0.));
#9283=DIRECTION('',(0.,0.,-1.));
#9284=DIRECTION('',(0.,-1.,0.));
#9285=DIRECTION('',(0.,0.,-1.));
#9286=DIRECTION('',(0.,-1.,0.));
#9287=DIRECTION('',(1.,0.,0.));
#9288=DIRECTION('',(0.,-1.,0.));
#9289=DIRECTION('',(0.,0.,-1.));
#9290=DIRECTION('',(0.,-1.,0.));
#9291=DIRECTION('',(0.,0.,-1.));
#9292=DIRECTION('',(0.,-1.,0.));
#9293=DIRECTION('',(1.,0.,0.));
#9294=DIRECTION('',(0.,-1.,0.));
#9295=DIRECTION('',(0.,0.,-1.));
#9296=DIRECTION('',(0.,-1.,0.));
#9297=DIRECTION('',(0.,0.,-1.));
#9298=DIRECTION('',(0.,-1.,0.));
#9299=DIRECTION('',(1.,0.,0.));
#9300=DIRECTION('',(0.,-1.,0.));
#9301=DIRECTION('',(0.,0.,-1.));
#9302=DIRECTION('',(0.,-1.,0.));
#9303=DIRECTION('',(0.,0.,-1.));
#9304=DIRECTION('',(0.,-1.,0.));
#9305=DIRECTION('',(1.,0.,0.));
#9306=DIRECTION('',(0.,-1.,0.));
#9307=DIRECTION('',(0.,0.,-1.));
#9308=DIRECTION('',(0.,-1.,0.));
#9309=DIRECTION('',(0.,0.,-1.));
#9310=DIRECTION('',(0.,-1.,0.));
#9311=DIRECTION('',(1.,0.,0.));
#9312=DIRECTION('',(0.,-1.,0.));
#9313=DIRECTION('',(0.,0.,-1.));
#9314=DIRECTION('',(0.,-1.,0.));
#9315=DIRECTION('',(0.,0.,-1.));
#9316=DIRECTION('',(0.,-1.,0.));
#9317=DIRECTION('',(1.,0.,0.));
#9318=DIRECTION('',(0.,-1.,0.));
#9319=DIRECTION('',(0.,0.,-1.));
#9320=DIRECTION('',(0.,-1.,0.));
#9321=DIRECTION('',(0.,0.,-1.));
#9322=DIRECTION('',(0.,-1.,0.));
#9323=DIRECTION('',(1.,0.,0.));
#9324=DIRECTION('',(0.,-1.,0.));
#9325=DIRECTION('',(0.,0.,-1.));
#9326=DIRECTION('',(0.,-1.,0.));
#9327=DIRECTION('',(0.,0.,-1.));
#9328=DIRECTION('',(0.,-1.,0.));
#9329=DIRECTION('',(1.,0.,0.));
#9330=DIRECTION('',(0.,-1.,0.));
#9331=DIRECTION('',(0.,0.,-1.));
#9332=DIRECTION('',(0.,-1.,0.));
#9333=DIRECTION('',(0.,0.,-1.));
#9334=DIRECTION('',(0.,-1.,0.));
#9335=DIRECTION('',(1.,0.,0.));
#9336=DIRECTION('',(0.,-1.,0.));
#9337=DIRECTION('',(0.,0.,-1.));
#9338=DIRECTION('',(0.,-1.,0.));
#9339=DIRECTION('',(0.,0.,-1.));
#9340=DIRECTION('',(0.,-1.,0.));
#9341=DIRECTION('',(1.,0.,0.));
#9342=DIRECTION('',(0.,-1.,0.));
#9343=DIRECTION('',(0.,0.,-1.));
#9344=DIRECTION('',(0.,-1.,0.));
#9345=DIRECTION('',(0.,0.,-1.));
#9346=DIRECTION('',(0.,-1.,0.));
#9347=DIRECTION('',(1.,0.,0.));
#9348=DIRECTION('',(0.,-1.,0.));
#9349=DIRECTION('',(0.,0.,-1.));
#9350=DIRECTION('',(0.,-1.,0.));
#9351=DIRECTION('',(0.,0.,-1.));
#9352=DIRECTION('',(0.,-1.,0.));
#9353=DIRECTION('',(1.,0.,0.));
#9354=DIRECTION('',(0.,-1.,0.));
#9355=DIRECTION('',(0.,0.,-1.));
#9356=DIRECTION('',(0.,-1.,0.));
#9357=DIRECTION('',(0.,0.,-1.));
#9358=DIRECTION('',(0.,-1.,0.));
#9359=DIRECTION('',(1.,0.,0.));
#9360=DIRECTION('',(0.,-1.,0.));
#9361=DIRECTION('',(0.,0.,-1.));
#9362=DIRECTION('',(0.,-1.,0.));
#9363=DIRECTION('',(0.,0.,-1.));
#9364=DIRECTION('',(0.,-1.,0.));
#9365=DIRECTION('',(1.,0.,0.));
#9366=DIRECTION('',(0.,-1.,0.));
#9367=DIRECTION('',(0.,0.,-1.));
#9368=DIRECTION('',(0.,-1.,0.));
#9369=DIRECTION('',(0.,0.,-1.));
#9370=DIRECTION('',(0.,-1.,0.));
#9371=DIRECTION('',(1.,0.,0.));
#9372=DIRECTION('',(0.,-1.,0.));
#9373=DIRECTION('',(0.,0.,-1.));
#9374=DIRECTION('',(0.,-1.,0.));
#9375=DIRECTION('',(0.,0.,-1.));
#9376=DIRECTION('',(0.,-1.,0.));
#9377=DIRECTION('',(1.,0.,0.));
#9378=DIRECTION('',(0.,-1.,0.));
#9379=DIRECTION('',(0.,0.,-1.));
#9380=DIRECTION('',(0.,-1.,0.));
#9381=DIRECTION('',(0.,0.,-1.));
#9382=DIRECTION('',(0.,-1.,0.));
#9383=DIRECTION('',(1.,0.,0.));
#9384=DIRECTION('',(0.,-1.,0.));
#9385=DIRECTION('',(0.,0.,-1.));
#9386=DIRECTION('',(0.,-1.,0.));
#9387=DIRECTION('',(0.,0.,-1.));
#9388=DIRECTION('',(0.,-1.,0.));
#9389=DIRECTION('',(1.,0.,0.));
#9390=DIRECTION('',(0.,-1.,0.));
#9391=DIRECTION('',(0.,0.,-1.));
#9392=DIRECTION('',(0.,-1.,0.));
#9393=DIRECTION('',(0.,0.,-1.));
#9394=DIRECTION('',(0.,-1.,0.));
#9395=DIRECTION('',(1.,0.,0.));
#9396=DIRECTION('',(0.,-1.,0.));
#9397=DIRECTION('',(0.,0.,-1.));
#9398=DIRECTION('',(0.,-1.,0.));
#9399=DIRECTION('',(0.,0.,-1.));
#9400=DIRECTION('',(0.,-1.,0.));
#9401=DIRECTION('',(1.,0.,0.));
#9402=DIRECTION('',(0.,-1.,0.));
#9403=DIRECTION('',(0.,0.,-1.));
#9404=DIRECTION('',(0.,-1.,0.));
#9405=DIRECTION('',(0.,0.,-1.));
#9406=DIRECTION('',(0.,-1.,0.));
#9407=DIRECTION('',(1.,0.,0.));
#9408=DIRECTION('',(0.,-1.,0.));
#9409=DIRECTION('',(0.,0.,-1.));
#9410=DIRECTION('',(0.,-1.,0.));
#9411=DIRECTION('',(0.,0.,-1.));
#9412=DIRECTION('',(0.,-1.,0.));
#9413=DIRECTION('',(1.,0.,0.));
#9414=DIRECTION('',(0.,-1.,0.));
#9415=DIRECTION('',(0.,0.,-1.));
#9416=DIRECTION('',(0.,-1.,0.));
#9417=DIRECTION('',(0.,0.,-1.));
#9418=DIRECTION('',(0.,-1.,0.));
#9419=DIRECTION('',(1.,0.,0.));
#9420=DIRECTION('',(0.,-1.,0.));
#9421=DIRECTION('',(0.,0.,-1.));
#9422=DIRECTION('',(0.,-1.,0.));
#9423=DIRECTION('',(0.,0.,-1.));
#9424=DIRECTION('',(0.,-1.,0.));
#9425=DIRECTION('',(1.,0.,0.));
#9426=DIRECTION('',(0.,-1.,0.));
#9427=DIRECTION('',(0.,0.,-1.));
#9428=DIRECTION('',(0.,-1.,0.));
#9429=DIRECTION('',(0.,0.,-1.));
#9430=DIRECTION('',(0.,-1.,0.));
#9431=DIRECTION('',(1.,0.,0.));
#9432=DIRECTION('',(0.,-1.,0.));
#9433=DIRECTION('',(0.,0.,-1.));
#9434=DIRECTION('',(0.,-1.,0.));
#9435=DIRECTION('',(0.,0.,-1.));
#9436=DIRECTION('',(0.,-1.,0.));
#9437=DIRECTION('',(1.,0.,0.));
#9438=DIRECTION('',(0.,-1.,0.));
#9439=DIRECTION('',(0.,0.,-1.));
#9440=DIRECTION('',(0.,-1.,0.));
#9441=DIRECTION('',(0.,0.,-1.));
#9442=DIRECTION('',(0.,-1.,0.));
#9443=DIRECTION('',(1.,0.,0.));
#9444=DIRECTION('',(0.,-1.,0.));
#9445=DIRECTION('',(0.,0.,-1.));
#9446=DIRECTION('',(0.,-1.,0.));
#9447=DIRECTION('',(0.,0.,-1.));
#9448=DIRECTION('',(0.,-1.,0.));
#9449=DIRECTION('',(1.,0.,0.));
#9450=DIRECTION('',(0.,-1.,0.));
#9451=DIRECTION('',(0.,0.,-1.));
#9452=DIRECTION('',(0.,-1.,0.));
#9453=DIRECTION('',(0.,0.,-1.));
#9454=DIRECTION('',(0.,-1.,0.));
#9455=DIRECTION('',(1.,0.,0.));
#9456=DIRECTION('',(0.,-1.,0.));
#9457=DIRECTION('',(0.,0.,-1.));
#9458=DIRECTION('',(0.,-1.,0.));
#9459=DIRECTION('',(0.,0.,-1.));
#9460=DIRECTION('',(0.,-1.,0.));
#9461=DIRECTION('',(1.,0.,0.));
#9462=DIRECTION('',(0.,-1.,0.));
#9463=DIRECTION('',(0.,0.,-1.));
#9464=DIRECTION('',(0.,-1.,0.));
#9465=DIRECTION('',(0.,0.,-1.));
#9466=DIRECTION('',(0.,-1.,0.));
#9467=DIRECTION('',(1.,0.,0.));
#9468=DIRECTION('',(0.,-1.,0.));
#9469=DIRECTION('',(0.,0.,-1.));
#9470=DIRECTION('',(0.,-1.,0.));
#9471=DIRECTION('',(0.,0.,-1.));
#9472=DIRECTION('',(0.,-1.,0.));
#9473=DIRECTION('',(1.,0.,0.));
#9474=DIRECTION('',(0.,-1.,0.));
#9475=DIRECTION('',(0.,0.,-1.));
#9476=DIRECTION('',(0.,-1.,0.));
#9477=DIRECTION('',(0.,0.,-1.));
#9478=DIRECTION('',(0.,-1.,0.));
#9479=DIRECTION('',(1.,0.,0.));
#9480=DIRECTION('',(0.,-1.,0.));
#9481=DIRECTION('',(0.,0.,-1.));
#9482=DIRECTION('',(0.,-1.,0.));
#9483=DIRECTION('',(0.,0.,-1.));
#9484=DIRECTION('',(0.,-1.,0.));
#9485=DIRECTION('',(1.,0.,0.));
#9486=DIRECTION('',(0.,-1.,0.));
#9487=DIRECTION('',(0.,0.,-1.));
#9488=DIRECTION('',(0.,-1.,0.));
#9489=DIRECTION('',(0.,0.,-1.));
#9490=DIRECTION('',(0.,-1.,0.));
#9491=DIRECTION('',(1.,0.,0.));
#9492=DIRECTION('',(0.,-1.,0.));
#9493=DIRECTION('',(0.,0.,-1.));
#9494=DIRECTION('',(0.,-1.,0.));
#9495=DIRECTION('',(0.,0.,-1.));
#9496=DIRECTION('',(0.,-1.,0.));
#9497=DIRECTION('',(1.,0.,0.));
#9498=DIRECTION('',(0.,-1.,0.));
#9499=DIRECTION('',(0.,0.,-1.));
#9500=DIRECTION('',(0.,-1.,0.));
#9501=DIRECTION('',(0.,0.,-1.));
#9502=DIRECTION('',(0.,-1.,0.));
#9503=DIRECTION('',(1.,0.,0.));
#9504=DIRECTION('',(0.,-1.,0.));
#9505=DIRECTION('',(0.,0.,-1.));
#9506=DIRECTION('',(0.,-1.,0.));
#9507=DIRECTION('',(0.,0.,-1.));
#9508=DIRECTION('',(0.,-1.,0.));
#9509=DIRECTION('',(1.,0.,0.));
#9510=DIRECTION('',(0.,-1.,0.));
#9511=DIRECTION('',(0.,0.,-1.));
#9512=DIRECTION('',(0.,-1.,0.));
#9513=DIRECTION('',(0.,0.,-1.));
#9514=DIRECTION('',(0.,-1.,0.));
#9515=DIRECTION('',(1.,0.,0.));
#9516=DIRECTION('',(0.,-1.,0.));
#9517=DIRECTION('',(0.,0.,-1.));
#9518=DIRECTION('',(0.,-1.,0.));
#9519=DIRECTION('',(0.,0.,-1.));
#9520=DIRECTION('',(0.,-1.,0.));
#9521=DIRECTION('',(1.,0.,0.));
#9522=DIRECTION('',(0.,-1.,0.));
#9523=DIRECTION('',(0.,0.,-1.));
#9524=DIRECTION('',(0.,-1.,0.));
#9525=DIRECTION('',(0.,0.,-1.));
#9526=DIRECTION('',(0.,-1.,0.));
#9527=DIRECTION('',(1.,0.,0.));
#9528=DIRECTION('',(0.,-1.,0.));
#9529=DIRECTION('',(0.,0.,-1.));
#9530=DIRECTION('',(0.,-1.,0.));
#9531=DIRECTION('',(0.,0.,-1.));
#9532=DIRECTION('',(0.,-1.,0.));
#9533=DIRECTION('',(1.,0.,0.));
#9534=DIRECTION('',(0.,-1.,0.));
#9535=DIRECTION('',(0.,0.,-1.));
#9536=DIRECTION('',(0.,-1.,0.));
#9537=DIRECTION('',(0.,0.,-1.));
#9538=DIRECTION('',(0.,-1.,0.));
#9539=DIRECTION('',(1.,0.,0.));
#9540=DIRECTION('',(0.,-1.,0.));
#9541=DIRECTION('',(0.,0.,-1.));
#9542=DIRECTION('',(0.,-1.,0.));
#9543=DIRECTION('',(0.,0.,-1.));
#9544=DIRECTION('',(0.,-1.,0.));
#9545=DIRECTION('',(1.,0.,0.));
#9546=DIRECTION('',(0.,-1.,0.));
#9547=DIRECTION('',(0.,0.,-1.));
#9548=DIRECTION('',(0.,-1.,0.));
#9549=DIRECTION('',(0.,0.,-1.));
#9550=DIRECTION('',(0.,-1.,0.));
#9551=DIRECTION('',(1.,0.,0.));
#9552=DIRECTION('',(0.,-1.,0.));
#9553=DIRECTION('',(0.,0.,-1.));
#9554=DIRECTION('',(0.,-1.,0.));
#9555=DIRECTION('',(0.,0.,-1.));
#9556=DIRECTION('',(0.,-1.,0.));
#9557=DIRECTION('',(1.,0.,0.));
#9558=DIRECTION('',(0.,-1.,0.));
#9559=DIRECTION('',(0.,0.,-1.));
#9560=DIRECTION('',(0.,-1.,0.));
#9561=DIRECTION('',(0.,0.,-1.));
#9562=DIRECTION('',(0.,-1.,0.));
#9563=DIRECTION('',(1.,0.,0.));
#9564=DIRECTION('',(0.,-1.,0.));
#9565=DIRECTION('',(0.,0.,-1.));
#9566=DIRECTION('',(0.,-1.,0.));
#9567=DIRECTION('',(0.,0.,-1.));
#9568=DIRECTION('',(0.,-1.,0.));
#9569=DIRECTION('',(1.,0.,0.));
#9570=DIRECTION('',(0.,-1.,0.));
#9571=DIRECTION('',(0.,0.,-1.));
#9572=DIRECTION('',(0.,-1.,0.));
#9573=DIRECTION('',(0.,0.,-1.));
#9574=DIRECTION('',(0.,-1.,0.));
#9575=DIRECTION('',(1.,0.,0.));
#9576=DIRECTION('',(0.,-1.,0.));
#9577=DIRECTION('',(0.,0.,-1.));
#9578=DIRECTION('',(0.,-1.,0.));
#9579=DIRECTION('',(0.,0.,-1.));
#9580=DIRECTION('',(0.,-1.,0.));
#9581=DIRECTION('',(1.,0.,0.));
#9582=DIRECTION('',(0.,-1.,0.));
#9583=DIRECTION('',(0.,0.,-1.));
#9584=DIRECTION('',(0.,-1.,0.));
#9585=DIRECTION('',(0.,0.,-1.));
#9586=DIRECTION('',(0.,-1.,0.));
#9587=DIRECTION('',(1.,0.,0.));
#9588=DIRECTION('',(0.,-1.,0.));
#9589=DIRECTION('',(0.,0.,-1.));
#9590=DIRECTION('',(0.,-1.,0.));
#9591=DIRECTION('',(0.,0.,-1.));
#9592=DIRECTION('',(0.,-1.,0.));
#9593=DIRECTION('',(1.,0.,0.));
#9594=DIRECTION('',(0.,-1.,0.));
#9595=DIRECTION('',(0.,0.,-1.));
#9596=DIRECTION('',(0.,-1.,0.));
#9597=DIRECTION('',(0.,0.,-1.));
#9598=DIRECTION('',(0.,-1.,0.));
#9599=DIRECTION('',(1.,0.,0.));
#9600=DIRECTION('',(0.,-1.,0.));
#9601=DIRECTION('',(0.,0.,-1.));
#9602=DIRECTION('',(0.,-1.,0.));
#9603=DIRECTION('',(0.,0.,-1.));
#9604=DIRECTION('',(0.,-1.,0.));
#9605=DIRECTION('',(1.,0.,0.));
#9606=DIRECTION('',(0.,-1.,0.));
#9607=DIRECTION('',(0.,0.,-1.));
#9608=DIRECTION('',(0.,-1.,0.));
#9609=DIRECTION('',(0.,0.,-1.));
#9610=DIRECTION('',(0.,-1.,0.));
#9611=DIRECTION('',(1.,0.,0.));
#9612=DIRECTION('',(0.,-1.,0.));
#9613=DIRECTION('',(0.,0.,-1.));
#9614=DIRECTION('',(0.,-1.,0.));
#9615=DIRECTION('',(0.,0.,-1.));
#9616=DIRECTION('',(0.,-1.,0.));
#9617=DIRECTION('',(1.,0.,0.));
#9618=DIRECTION('',(0.,-1.,0.));
#9619=DIRECTION('',(0.,0.,-1.));
#9620=DIRECTION('',(0.,-1.,0.));
#9621=DIRECTION('',(0.,0.,-1.));
#9622=DIRECTION('',(0.,-1.,0.));
#9623=DIRECTION('',(1.,0.,0.));
#9624=DIRECTION('',(0.,-1.,0.));
#9625=DIRECTION('',(0.,0.,-1.));
#9626=DIRECTION('',(0.,-1.,0.));
#9627=DIRECTION('',(0.,0.,-1.));
#9628=DIRECTION('',(0.,-1.,0.));
#9629=DIRECTION('',(1.,0.,0.));
#9630=DIRECTION('',(0.,-1.,0.));
#9631=DIRECTION('',(0.,0.,-1.));
#9632=DIRECTION('',(0.,-1.,0.));
#9633=DIRECTION('',(0.,0.,-1.));
#9634=DIRECTION('',(0.,-1.,0.));
#9635=DIRECTION('',(1.,0.,0.));
#9636=DIRECTION('',(0.,-1.,0.));
#9637=DIRECTION('',(0.,0.,-1.));
#9638=DIRECTION('',(0.,-1.,0.));
#9639=DIRECTION('',(0.,0.,-1.));
#9640=DIRECTION('',(0.,-1.,0.));
#9641=DIRECTION('',(1.,0.,0.));
#9642=DIRECTION('',(0.,-1.,0.));
#9643=DIRECTION('',(0.,0.,-1.));
#9644=DIRECTION('',(0.,-1.,0.));
#9645=DIRECTION('',(0.,0.,-1.));
#9646=DIRECTION('',(0.,-1.,0.));
#9647=DIRECTION('',(1.,0.,0.));
#9648=DIRECTION('',(0.,-1.,0.));
#9649=DIRECTION('',(0.,0.,-1.));
#9650=DIRECTION('',(0.,-1.,0.));
#9651=DIRECTION('',(0.,0.,-1.));
#9652=DIRECTION('',(0.,-1.,0.));
#9653=DIRECTION('',(1.,0.,0.));
#9654=DIRECTION('',(0.,-1.,0.));
#9655=DIRECTION('',(0.,0.,-1.));
#9656=DIRECTION('',(0.,-1.,0.));
#9657=DIRECTION('',(0.,0.,-1.));
#9658=DIRECTION('',(0.,-1.,0.));
#9659=DIRECTION('',(1.,0.,0.));
#9660=DIRECTION('',(0.,-1.,0.));
#9661=DIRECTION('',(0.,0.,-1.));
#9662=DIRECTION('',(0.,-1.,0.));
#9663=DIRECTION('',(0.,0.,-1.));
#9664=DIRECTION('',(0.,-1.,0.));
#9665=DIRECTION('',(1.,0.,0.));
#9666=DIRECTION('',(0.,-1.,0.));
#9667=DIRECTION('',(0.,0.,-1.));
#9668=DIRECTION('',(0.,-1.,0.));
#9669=DIRECTION('',(0.,0.,-1.));
#9670=DIRECTION('',(0.,-1.,0.));
#9671=DIRECTION('',(1.,0.,0.));
#9672=DIRECTION('',(0.,-1.,0.));
#9673=DIRECTION('',(0.,0.,-1.));
#9674=DIRECTION('',(0.,-1.,0.));
#9675=DIRECTION('',(0.,0.,-1.));
#9676=DIRECTION('',(0.,-1.,0.));
#9677=DIRECTION('',(1.,0.,0.));
#9678=DIRECTION('',(0.,-1.,0.));
#9679=DIRECTION('',(0.,0.,-1.));
#9680=DIRECTION('',(0.,-1.,0.));
#9681=DIRECTION('',(0.,0.,-1.));
#9682=DIRECTION('',(0.,-1.,0.));
#9683=DIRECTION('',(1.,0.,0.));
#9684=DIRECTION('',(0.,-1.,0.));
#9685=DIRECTION('',(0.,0.,-1.));
#9686=DIRECTION('',(0.,-1.,0.));
#9687=DIRECTION('',(0.,0.,-1.));
#9688=DIRECTION('',(0.,-1.,0.));
#9689=DIRECTION('',(1.,0.,0.));
#9690=DIRECTION('',(0.,-1.,0.));
#9691=DIRECTION('',(0.,0.,-1.));
#9692=DIRECTION('',(0.,-1.,0.));
#9693=DIRECTION('',(0.,0.,-1.));
#9694=DIRECTION('',(0.,-1.,0.));
#9695=DIRECTION('',(1.,0.,0.));
#9696=DIRECTION('',(0.,-1.,0.));
#9697=DIRECTION('',(0.,0.,-1.));
#9698=DIRECTION('',(0.,-1.,0.));
#9699=DIRECTION('',(0.,0.,-1.));
#9700=DIRECTION('',(0.,-1.,0.));
#9701=DIRECTION('',(1.,0.,0.));
#9702=DIRECTION('',(0.,-1.,0.));
#9703=DIRECTION('',(0.,0.,-1.));
#9704=DIRECTION('',(0.,-1.,0.));
#9705=DIRECTION('',(0.,0.,-1.));
#9706=DIRECTION('',(0.,-1.,0.));
#9707=DIRECTION('',(1.,0.,0.));
#9708=DIRECTION('',(0.,-1.,0.));
#9709=DIRECTION('',(0.,0.,-1.));
#9710=DIRECTION('',(0.,-1.,0.));
#9711=DIRECTION('',(0.,0.,-1.));
#9712=DIRECTION('',(0.,-1.,0.));
#9713=DIRECTION('',(1.,0.,0.));
#9714=DIRECTION('',(0.,-1.,0.));
#9715=DIRECTION('',(0.,0.,-1.));
#9716=DIRECTION('',(0.,-1.,0.));
#9717=DIRECTION('',(0.,0.,-1.));
#9718=DIRECTION('',(0.,-1.,0.));
#9719=DIRECTION('',(1.,0.,0.));
#9720=DIRECTION('',(0.,-1.,0.));
#9721=DIRECTION('',(0.,0.,-1.));
#9722=DIRECTION('',(0.,-1.,0.));
#9723=DIRECTION('',(0.,0.,-1.));
#9724=DIRECTION('',(0.,-1.,0.));
#9725=DIRECTION('',(1.,0.,0.));
#9726=DIRECTION('',(0.,-1.,0.));
#9727=DIRECTION('',(0.,0.,-1.));
#9728=DIRECTION('',(0.,-1.,0.));
#9729=DIRECTION('',(0.,0.,-1.));
#9730=DIRECTION('',(0.,-1.,0.));
#9731=DIRECTION('',(1.,0.,0.));
#9732=DIRECTION('',(0.,-1.,0.));
#9733=DIRECTION('',(0.,0.,-1.));
#9734=DIRECTION('',(0.,-1.,0.));
#9735=DIRECTION('',(0.,0.,-1.));
#9736=DIRECTION('',(0.,-1.,0.));
#9737=DIRECTION('',(1.,0.,0.));
#9738=DIRECTION('',(0.,-1.,0.));
#9739=DIRECTION('',(0.,0.,-1.));
#9740=DIRECTION('',(0.,-1.,0.));
#9741=DIRECTION('',(0.,0.,-1.));
#9742=DIRECTION('',(0.,-1.,0.));
#9743=DIRECTION('',(1.,0.,0.));
#9744=DIRECTION('',(0.,-1.,0.));
#9745=DIRECTION('',(0.,0.,-1.));
#9746=DIRECTION('',(0.,-1.,0.));
#9747=DIRECTION('',(0.,0.,-1.));
#9748=DIRECTION('',(0.,-1.,0.));
#9749=DIRECTION('',(1.,0.,0.));
#9750=DIRECTION('',(0.,-1.,0.));
#9751=DIRECTION('',(0.,0.,-1.));
#9752=DIRECTION('',(0.,-1.,0.));
#9753=DIRECTION('',(0.,0.,-1.));
#9754=DIRECTION('',(0.,-1.,0.));
#9755=DIRECTION('',(1.,0.,0.));
#9756=DIRECTION('',(0.,0.,1.));
#9757=DIRECTION('',(1.,0.,0.));
#9758=DIRECTION('',(1.,0.,3.46944695195362E-16));
#9759=DIRECTION('',(3.46944695195362E-16,0.,-1.));
#9760=DIRECTION('',(3.46944695195362E-16,0.,-1.));
#9761=DIRECTION('',(-2.4532694666934E-16,-0.707106781186547,0.707106781186548));
#9762=DIRECTION('',(0.,-1.,0.));
#9763=DIRECTION('',(3.46944695195362E-16,0.,-1.));
#9764=DIRECTION('',(0.,1.,0.));
#9765=DIRECTION('',(0.,-1.,0.));
#9766=DIRECTION('',(1.,0.,0.));
#9767=DIRECTION('',(0.,-1.,0.));
#9768=DIRECTION('',(0.,0.,-1.));
#9769=DIRECTION('',(0.,-1.,0.));
#9770=DIRECTION('',(0.,0.,-1.));
#9771=DIRECTION('',(0.,-1.,0.));
#9772=DIRECTION('',(0.,0.,-1.));
#9773=DIRECTION('',(0.,-1.,0.));
#9774=DIRECTION('',(0.,0.,-1.));
#9775=DIRECTION('',(0.,-1.,0.));
#9776=DIRECTION('',(0.,0.,-1.));
#9777=DIRECTION('',(0.,-1.,0.));
#9778=DIRECTION('',(0.,0.,-1.));
#9779=DIRECTION('',(0.,-1.,0.));
#9780=DIRECTION('',(0.,0.,-1.));
#9781=DIRECTION('',(0.,-1.,0.));
#9782=DIRECTION('',(0.,0.,-1.));
#9783=DIRECTION('',(0.,-1.,0.));
#9784=DIRECTION('',(0.,0.,-1.));
#9785=DIRECTION('',(0.,-1.,0.));
#9786=DIRECTION('',(0.,0.,-1.));
#9787=DIRECTION('',(0.,-1.,0.));
#9788=DIRECTION('',(0.,0.,-1.));
#9789=DIRECTION('',(0.,-1.,0.));
#9790=DIRECTION('',(0.,0.,-1.));
#9791=DIRECTION('',(0.,-1.,0.));
#9792=DIRECTION('',(0.,0.,-1.));
#9793=DIRECTION('',(0.,-1.,0.));
#9794=DIRECTION('',(0.,0.,-1.));
#9795=DIRECTION('',(0.,-1.,0.));
#9796=DIRECTION('',(0.,0.,-1.));
#9797=DIRECTION('',(0.,-1.,0.));
#9798=DIRECTION('',(0.,0.,-1.));
#9799=DIRECTION('',(0.,-1.,0.));
#9800=DIRECTION('',(0.,0.,-1.));
#9801=DIRECTION('',(0.,-1.,0.));
#9802=DIRECTION('',(0.,0.,-1.));
#9803=DIRECTION('',(0.,-1.,0.));
#9804=DIRECTION('',(0.,0.,-1.));
#9805=DIRECTION('',(0.,-1.,0.));
#9806=DIRECTION('',(0.,0.,-1.));
#9807=DIRECTION('',(0.,-1.,0.));
#9808=DIRECTION('',(0.,0.,-1.));
#9809=DIRECTION('',(0.,-1.,0.));
#9810=DIRECTION('',(0.,0.,-1.));
#9811=DIRECTION('',(0.,-1.,0.));
#9812=DIRECTION('',(0.,0.,-1.));
#9813=DIRECTION('',(0.,-1.,0.));
#9814=DIRECTION('',(0.,0.,-1.));
#9815=DIRECTION('',(0.,-1.,0.));
#9816=DIRECTION('',(0.,0.,-1.));
#9817=DIRECTION('',(0.,-1.,0.));
#9818=DIRECTION('',(0.,0.,-1.));
#9819=DIRECTION('',(0.,-1.,0.));
#9820=DIRECTION('',(0.,0.,-1.));
#9821=DIRECTION('',(0.,-1.,0.));
#9822=DIRECTION('',(0.,0.,-1.));
#9823=DIRECTION('',(0.,-1.,0.));
#9824=DIRECTION('',(0.,0.,-1.));
#9825=DIRECTION('',(0.,-1.,0.));
#9826=DIRECTION('',(0.,0.,-1.));
#9827=DIRECTION('',(0.,-1.,0.));
#9828=DIRECTION('',(0.,0.,-1.));
#9829=DIRECTION('',(0.,-1.,0.));
#9830=DIRECTION('',(0.,0.,-1.));
#9831=DIRECTION('',(-1.,0.,-1.7347234759768E-16));
#9832=DIRECTION('',(0.,0.,1.));
#9833=DIRECTION('',(-1.,0.,-8.67361737988404E-17));
#9834=DIRECTION('',(8.67361737988404E-17,0.,-1.));
#9835=DIRECTION('',(-1.,0.,-8.67361737988404E-17));
#9836=DIRECTION('',(-1.,0.,-8.67361737988404E-17));
#9837=DIRECTION('',(0.,1.,0.));
#9838=DIRECTION('',(-1.,0.,0.));
#9839=DIRECTION('',(0.,0.,1.));
#9840=DIRECTION('',(0.,-1.,0.));
#9841=DIRECTION('',(0.,0.707106781186547,-0.707106781186548));
#9842=DIRECTION('',(0.,0.,1.));
#9843=DIRECTION('',(-1.7347234759768E-16,0.,1.));
#9844=DIRECTION('',(1.,0.,1.7347234759768E-16));
#9845=DIRECTION('',(-1.,0.,-1.7347234759768E-16));
#9846=DIRECTION('',(1.,0.,0.));
#9847=DIRECTION('',(0.,0.,-1.));
#9848=DIRECTION('',(0.,0.,1.));
#9849=DIRECTION('',(0.,-1.,0.));
#9850=DIRECTION('',(0.,0.,1.));
#9851=DIRECTION('',(0.,-1.,0.));
#9852=DIRECTION('',(1.7347234759768E-16,0.,1.));
#9853=DIRECTION('',(1.,0.,-1.7347234759768E-16));
#9854=DIRECTION('',(-1.,0.,1.7347234759768E-16));
#9855=DIRECTION('',(0.,-1.,0.));
#9856=DIRECTION('',(-1.,0.,1.7347234759768E-16));
#9857=DIRECTION('',(1.,0.,0.));
#9858=DIRECTION('',(0.,0.,-1.));
#9859=DIRECTION('',(0.,0.,1.));
#9860=DIRECTION('',(0.,-1.,0.));
#9861=DIRECTION('',(0.,0.,1.));
#9862=DIRECTION('',(1.7347234759768E-16,0.,1.));
#9863=DIRECTION('',(1.,0.,-1.7347234759768E-16));
#9864=DIRECTION('',(-1.,0.,1.7347234759768E-16));
#9865=DIRECTION('',(-1.,0.,1.7347234759768E-16));
#9866=DIRECTION('',(0.,-1.,0.));
#9867=DIRECTION('',(1.,0.,0.));
#9868=DIRECTION('',(1.,0.,1.7347234759768E-16));
#9869=DIRECTION('',(0.,-1.,0.));
#9870=DIRECTION('',(1.,0.,0.));
#9871=DIRECTION('',(-1.2266347333467E-16,0.707106781186548,0.707106781186547));
#9872=DIRECTION('',(-1.,0.,-1.7347234759768E-16));
#9873=DIRECTION('',(0.,1.,0.));
#9874=DIRECTION('',(0.,0.,1.));
#9875=DIRECTION('',(0.,-1.,0.));
#9876=DIRECTION('',(0.,0.,-1.));
#9877=DIRECTION('',(0.,-1.,0.));
#9878=DIRECTION('',(1.,0.,0.));
#9879=DIRECTION('',(0.,1.,0.));
#9880=DIRECTION('',(0.,0.,1.));
#9881=DIRECTION('',(0.,-1.,0.));
#9882=DIRECTION('',(0.,0.,-1.));
#9883=DIRECTION('',(0.,-1.,0.));
#9884=DIRECTION('',(1.,0.,0.));
#9885=DIRECTION('',(0.,1.,0.));
#9886=DIRECTION('',(0.,0.,1.));
#9887=DIRECTION('',(0.,-1.,0.));
#9888=DIRECTION('',(0.,0.,-1.));
#9889=DIRECTION('',(0.,-1.,0.));
#9890=DIRECTION('',(1.,0.,0.));
#9891=DIRECTION('',(0.,1.,0.));
#9892=DIRECTION('',(0.,0.,1.));
#9893=DIRECTION('',(0.,-1.,0.));
#9894=DIRECTION('',(0.,0.,-1.));
#9895=DIRECTION('',(0.,-1.,0.));
#9896=DIRECTION('',(1.,0.,0.));
#9897=DIRECTION('',(0.,1.,0.));
#9898=DIRECTION('',(0.,0.,1.));
#9899=DIRECTION('',(0.,-1.,0.));
#9900=DIRECTION('',(0.,0.,-1.));
#9901=DIRECTION('',(0.,-1.,0.));
#9902=DIRECTION('',(1.,0.,0.));
#9903=DIRECTION('',(0.,1.,0.));
#9904=DIRECTION('',(0.,0.,1.));
#9905=DIRECTION('',(0.,-1.,0.));
#9906=DIRECTION('',(0.,0.,-1.));
#9907=DIRECTION('',(0.,-1.,0.));
#9908=DIRECTION('',(1.,0.,0.));
#9909=DIRECTION('',(0.,1.,0.));
#9910=DIRECTION('',(0.,0.,1.));
#9911=DIRECTION('',(0.,-1.,0.));
#9912=DIRECTION('',(0.,0.,-1.));
#9913=DIRECTION('',(0.,-1.,0.));
#9914=DIRECTION('',(1.,0.,0.));
#9915=DIRECTION('',(0.,1.,0.));
#9916=DIRECTION('',(0.,0.,1.));
#9917=DIRECTION('',(0.,-1.,0.));
#9918=DIRECTION('',(0.,0.,-1.));
#9919=DIRECTION('',(0.,-1.,0.));
#9920=DIRECTION('',(1.,0.,0.));
#9921=DIRECTION('',(0.,1.,0.));
#9922=DIRECTION('',(0.,0.,1.));
#9923=DIRECTION('',(0.,-1.,0.));
#9924=DIRECTION('',(0.,0.,-1.));
#9925=DIRECTION('',(0.,-1.,0.));
#9926=DIRECTION('',(1.,0.,0.));
#9927=DIRECTION('',(0.,1.,0.));
#9928=DIRECTION('',(0.,0.,1.));
#9929=DIRECTION('',(0.,-1.,0.));
#9930=DIRECTION('',(0.,0.,-1.));
#9931=DIRECTION('',(0.,-1.,0.));
#9932=DIRECTION('',(1.,0.,0.));
#9933=DIRECTION('',(0.,1.,0.));
#9934=DIRECTION('',(0.,0.,1.));
#9935=DIRECTION('',(0.,-1.,0.));
#9936=DIRECTION('',(0.,0.,-1.));
#9937=DIRECTION('',(0.,-1.,0.));
#9938=DIRECTION('',(1.,0.,0.));
#9939=DIRECTION('',(0.,1.,0.));
#9940=DIRECTION('',(0.,0.,1.));
#9941=DIRECTION('',(0.,-1.,0.));
#9942=DIRECTION('',(0.,0.,-1.));
#9943=DIRECTION('',(0.,-1.,0.));
#9944=DIRECTION('',(1.,0.,0.));
#9945=DIRECTION('',(0.,1.,0.));
#9946=DIRECTION('',(0.,0.,1.));
#9947=DIRECTION('',(0.,-1.,0.));
#9948=DIRECTION('',(0.,0.,-1.));
#9949=DIRECTION('',(0.,-1.,0.));
#9950=DIRECTION('',(1.,0.,0.));
#9951=DIRECTION('',(0.,1.,0.));
#9952=DIRECTION('',(0.,0.,1.));
#9953=DIRECTION('',(0.,-1.,0.));
#9954=DIRECTION('',(0.,0.,-1.));
#9955=DIRECTION('',(0.,-1.,0.));
#9956=DIRECTION('',(1.,0.,0.));
#9957=DIRECTION('',(0.,1.,0.));
#9958=DIRECTION('',(0.,0.,1.));
#9959=DIRECTION('',(0.,-1.,0.));
#9960=DIRECTION('',(0.,0.,-1.));
#9961=DIRECTION('',(0.,-1.,0.));
#9962=DIRECTION('',(1.,0.,0.));
#9963=DIRECTION('',(0.,1.,0.));
#9964=DIRECTION('',(0.,0.,1.));
#9965=DIRECTION('',(0.,-1.,0.));
#9966=DIRECTION('',(0.,0.,-1.));
#9967=DIRECTION('',(0.,-1.,0.));
#9968=DIRECTION('',(1.,0.,0.));
#9969=DIRECTION('',(0.,1.,0.));
#9970=DIRECTION('',(0.,0.,1.));
#9971=DIRECTION('',(0.,-1.,0.));
#9972=DIRECTION('',(0.,0.,-1.));
#9973=DIRECTION('',(0.,-1.,0.));
#9974=DIRECTION('',(1.,0.,0.));
#9975=DIRECTION('',(0.,1.,0.));
#9976=DIRECTION('',(0.,0.,1.));
#9977=DIRECTION('',(0.,-1.,0.));
#9978=DIRECTION('',(0.,0.,-1.));
#9979=DIRECTION('',(0.,-1.,0.));
#9980=DIRECTION('',(1.,0.,0.));
#9981=DIRECTION('',(0.,1.,0.));
#9982=DIRECTION('',(0.,0.,1.));
#9983=DIRECTION('',(0.,-1.,0.));
#9984=DIRECTION('',(0.,0.,-1.));
#9985=DIRECTION('',(0.,-1.,0.));
#9986=DIRECTION('',(1.,0.,0.));
#9987=DIRECTION('',(0.,1.,0.));
#9988=DIRECTION('',(0.,0.,1.));
#9989=DIRECTION('',(0.,-1.,0.));
#9990=DIRECTION('',(0.,0.,-1.));
#9991=DIRECTION('',(0.,-1.,0.));
#9992=DIRECTION('',(1.,0.,0.));
#9993=DIRECTION('',(0.,1.,0.));
#9994=DIRECTION('',(0.,0.,1.));
#9995=DIRECTION('',(0.,-1.,0.));
#9996=DIRECTION('',(0.,0.,-1.));
#9997=DIRECTION('',(0.,-1.,0.));
#9998=DIRECTION('',(1.,0.,0.));
#9999=DIRECTION('',(0.,1.,0.));
#10000=DIRECTION('',(0.,0.,1.));
#10001=DIRECTION('',(0.,-1.,0.));
#10002=DIRECTION('',(0.,0.,-1.));
#10003=DIRECTION('',(0.,-1.,0.));
#10004=DIRECTION('',(1.,0.,0.));
#10005=DIRECTION('',(0.,1.,0.));
#10006=DIRECTION('',(0.,0.,1.));
#10007=DIRECTION('',(0.,-1.,0.));
#10008=DIRECTION('',(0.,0.,-1.));
#10009=DIRECTION('',(0.,-1.,0.));
#10010=DIRECTION('',(1.,0.,0.));
#10011=DIRECTION('',(0.,1.,0.));
#10012=DIRECTION('',(0.,0.,1.));
#10013=DIRECTION('',(0.,-1.,0.));
#10014=DIRECTION('',(0.,0.,-1.));
#10015=DIRECTION('',(0.,-1.,0.));
#10016=DIRECTION('',(1.,0.,0.));
#10017=DIRECTION('',(0.,1.,0.));
#10018=DIRECTION('',(0.,0.,1.));
#10019=DIRECTION('',(0.,-1.,0.));
#10020=DIRECTION('',(0.,0.,-1.));
#10021=DIRECTION('',(0.,-1.,0.));
#10022=DIRECTION('',(1.,0.,0.));
#10023=DIRECTION('',(0.,1.,0.));
#10024=DIRECTION('',(0.,0.,1.));
#10025=DIRECTION('',(0.,-1.,0.));
#10026=DIRECTION('',(0.,0.,-1.));
#10027=DIRECTION('',(0.,-1.,0.));
#10028=DIRECTION('',(1.,0.,0.));
#10029=DIRECTION('',(0.,1.,0.));
#10030=DIRECTION('',(0.,0.,1.));
#10031=DIRECTION('',(0.,-1.,0.));
#10032=DIRECTION('',(0.,0.,-1.));
#10033=DIRECTION('',(0.,-1.,0.));
#10034=DIRECTION('',(1.,0.,0.));
#10035=DIRECTION('',(0.,1.,0.));
#10036=DIRECTION('',(0.,0.,1.));
#10037=DIRECTION('',(0.,-1.,0.));
#10038=DIRECTION('',(0.,0.,-1.));
#10039=DIRECTION('',(0.,-1.,0.));
#10040=DIRECTION('',(1.,0.,0.));
#10041=DIRECTION('',(0.,1.,0.));
#10042=DIRECTION('',(0.,0.,1.));
#10043=DIRECTION('',(0.,-1.,0.));
#10044=DIRECTION('',(0.,0.,-1.));
#10045=DIRECTION('',(0.,-1.,0.));
#10046=DIRECTION('',(1.,0.,0.));
#10047=DIRECTION('',(0.,1.,0.));
#10048=DIRECTION('',(0.,0.,1.));
#10049=DIRECTION('',(0.,-1.,0.));
#10050=DIRECTION('',(0.,0.,-1.));
#10051=DIRECTION('',(0.,-1.,0.));
#10052=DIRECTION('',(1.,0.,0.));
#10053=DIRECTION('',(0.,1.,0.));
#10054=DIRECTION('',(0.,0.,1.));
#10055=DIRECTION('',(0.,-1.,0.));
#10056=DIRECTION('',(0.,0.,-1.));
#10057=DIRECTION('',(0.,-1.,0.));
#10058=DIRECTION('',(1.,0.,0.));
#10059=DIRECTION('',(0.,1.,0.));
#10060=DIRECTION('',(0.,0.,1.));
#10061=DIRECTION('',(0.,-1.,0.));
#10062=DIRECTION('',(0.,0.,-1.));
#10063=DIRECTION('',(0.,-1.,0.));
#10064=DIRECTION('',(1.,0.,0.));
#10065=DIRECTION('',(0.,0.,1.));
#10066=DIRECTION('',(1.,0.,0.));
#10067=DIRECTION('',(1.,0.,3.46944695195362E-16));
#10068=DIRECTION('',(3.46944695195362E-16,0.,-1.));
#10069=DIRECTION('',(3.46944695195362E-16,0.,-1.));
#10070=DIRECTION('',(-2.4532694666934E-16,-0.707106781186547,0.707106781186548));
#10071=DIRECTION('',(0.,-1.,0.));
#10072=DIRECTION('',(3.46944695195362E-16,0.,-1.));
#10073=DIRECTION('',(0.,1.,0.));
#10074=DIRECTION('',(0.,-1.,0.));
#10075=DIRECTION('',(1.,0.,0.));
#10076=DIRECTION('',(0.,-1.,0.));
#10077=DIRECTION('',(0.,0.,-1.));
#10078=DIRECTION('',(0.,-1.,0.));
#10079=DIRECTION('',(0.,0.,-1.));
#10080=DIRECTION('',(0.,-1.,0.));
#10081=DIRECTION('',(0.,0.,-1.));
#10082=DIRECTION('',(0.,-1.,0.));
#10083=DIRECTION('',(0.,0.,-1.));
#10084=DIRECTION('',(0.,-1.,0.));
#10085=DIRECTION('',(0.,0.,-1.));
#10086=DIRECTION('',(0.,-1.,0.));
#10087=DIRECTION('',(0.,0.,-1.));
#10088=DIRECTION('',(0.,-1.,0.));
#10089=DIRECTION('',(0.,0.,-1.));
#10090=DIRECTION('',(0.,-1.,0.));
#10091=DIRECTION('',(0.,0.,-1.));
#10092=DIRECTION('',(0.,-1.,0.));
#10093=DIRECTION('',(0.,0.,-1.));
#10094=DIRECTION('',(0.,-1.,0.));
#10095=DIRECTION('',(0.,0.,-1.));
#10096=DIRECTION('',(0.,-1.,0.));
#10097=DIRECTION('',(0.,0.,-1.));
#10098=DIRECTION('',(0.,-1.,0.));
#10099=DIRECTION('',(0.,0.,-1.));
#10100=DIRECTION('',(0.,-1.,0.));
#10101=DIRECTION('',(0.,0.,-1.));
#10102=DIRECTION('',(0.,-1.,0.));
#10103=DIRECTION('',(0.,0.,-1.));
#10104=DIRECTION('',(0.,-1.,0.));
#10105=DIRECTION('',(0.,0.,-1.));
#10106=DIRECTION('',(0.,-1.,0.));
#10107=DIRECTION('',(0.,0.,-1.));
#10108=DIRECTION('',(0.,-1.,0.));
#10109=DIRECTION('',(0.,0.,-1.));
#10110=DIRECTION('',(0.,-1.,0.));
#10111=DIRECTION('',(0.,0.,-1.));
#10112=DIRECTION('',(0.,-1.,0.));
#10113=DIRECTION('',(0.,0.,-1.));
#10114=DIRECTION('',(0.,-1.,0.));
#10115=DIRECTION('',(0.,0.,-1.));
#10116=DIRECTION('',(0.,-1.,0.));
#10117=DIRECTION('',(0.,0.,-1.));
#10118=DIRECTION('',(0.,-1.,0.));
#10119=DIRECTION('',(0.,0.,-1.));
#10120=DIRECTION('',(0.,-1.,0.));
#10121=DIRECTION('',(0.,0.,-1.));
#10122=DIRECTION('',(0.,-1.,0.));
#10123=DIRECTION('',(0.,0.,-1.));
#10124=DIRECTION('',(0.,-1.,0.));
#10125=DIRECTION('',(0.,0.,-1.));
#10126=DIRECTION('',(0.,-1.,0.));
#10127=DIRECTION('',(0.,0.,-1.));
#10128=DIRECTION('',(0.,-1.,0.));
#10129=DIRECTION('',(0.,0.,-1.));
#10130=DIRECTION('',(0.,-1.,0.));
#10131=DIRECTION('',(0.,0.,-1.));
#10132=DIRECTION('',(0.,-1.,0.));
#10133=DIRECTION('',(0.,0.,-1.));
#10134=DIRECTION('',(0.,-1.,0.));
#10135=DIRECTION('',(0.,0.,-1.));
#10136=DIRECTION('',(0.,-1.,0.));
#10137=DIRECTION('',(0.,0.,-1.));
#10138=DIRECTION('',(0.,-1.,0.));
#10139=DIRECTION('',(0.,0.,-1.));
#10140=DIRECTION('',(-1.,0.,-1.7347234759768E-16));
#10141=DIRECTION('',(0.,0.,1.));
#10142=DIRECTION('',(-1.,0.,-8.67361737988404E-17));
#10143=DIRECTION('',(8.67361737988404E-17,0.,-1.));
#10144=DIRECTION('',(-1.,0.,-8.67361737988404E-17));
#10145=DIRECTION('',(-1.,0.,-8.67361737988404E-17));
#10146=DIRECTION('',(0.,1.,0.));
#10147=DIRECTION('',(-1.,0.,0.));
#10148=DIRECTION('',(0.,0.,1.));
#10149=DIRECTION('',(0.,-1.,0.));
#10150=DIRECTION('',(0.,0.707106781186547,-0.707106781186548));
#10151=DIRECTION('',(0.,0.,1.));
#10152=DIRECTION('',(-1.7347234759768E-16,0.,1.));
#10153=DIRECTION('',(1.,0.,1.7347234759768E-16));
#10154=DIRECTION('',(-1.,0.,-1.7347234759768E-16));
#10155=DIRECTION('',(1.,0.,-3.46944695195362E-16));
#10156=DIRECTION('',(-3.46944695195362E-16,0.,-1.));
#10157=DIRECTION('',(3.46944695195362E-16,0.,1.));
#10158=DIRECTION('',(0.,-1.,0.));
#10159=DIRECTION('',(3.46944695195362E-16,0.,1.));
#10160=DIRECTION('',(0.,-1.,0.));
#10161=DIRECTION('',(1.7347234759768E-16,0.,1.));
#10162=DIRECTION('',(1.,0.,-1.7347234759768E-16));
#10163=DIRECTION('',(-1.,0.,1.7347234759768E-16));
#10164=DIRECTION('',(0.,-1.,0.));
#10165=DIRECTION('',(-1.,0.,1.7347234759768E-16));
#10166=DIRECTION('',(1.,0.,-3.46944695195362E-16));
#10167=DIRECTION('',(-3.46944695195362E-16,0.,-1.));
#10168=DIRECTION('',(3.46944695195362E-16,0.,1.));
#10169=DIRECTION('',(0.,-1.,0.));
#10170=DIRECTION('',(3.46944695195362E-16,0.,1.));
#10171=DIRECTION('',(1.7347234759768E-16,0.,1.));
#10172=DIRECTION('',(1.,0.,-1.7347234759768E-16));
#10173=DIRECTION('',(-1.,0.,1.7347234759768E-16));
#10174=DIRECTION('',(-1.,0.,1.7347234759768E-16));
#10175=DIRECTION('',(0.,-1.,0.));
#10176=DIRECTION('',(1.,0.,0.));
#10177=DIRECTION('',(1.,0.,1.7347234759768E-16));
#10178=DIRECTION('',(0.,-1.,0.));
#10179=DIRECTION('',(1.,0.,0.));
#10180=DIRECTION('',(-1.2266347333467E-16,0.707106781186548,0.707106781186547));
#10181=DIRECTION('',(-1.,0.,-1.7347234759768E-16));
#10182=DIRECTION('',(0.,1.,0.));
#10183=DIRECTION('',(0.,0.,1.));
#10184=DIRECTION('',(0.,-1.,0.));
#10185=DIRECTION('',(0.,0.,-1.));
#10186=DIRECTION('',(0.,-1.,0.));
#10187=DIRECTION('',(1.,0.,0.));
#10188=DIRECTION('',(0.,1.,0.));
#10189=DIRECTION('',(0.,0.,1.));
#10190=DIRECTION('',(0.,-1.,0.));
#10191=DIRECTION('',(0.,0.,-1.));
#10192=DIRECTION('',(0.,-1.,0.));
#10193=DIRECTION('',(1.,0.,0.));
#10194=DIRECTION('',(0.,1.,0.));
#10195=DIRECTION('',(0.,0.,1.));
#10196=DIRECTION('',(0.,-1.,0.));
#10197=DIRECTION('',(0.,0.,-1.));
#10198=DIRECTION('',(0.,-1.,0.));
#10199=DIRECTION('',(1.,0.,0.));
#10200=DIRECTION('',(0.,1.,0.));
#10201=DIRECTION('',(0.,0.,1.));
#10202=DIRECTION('',(0.,-1.,0.));
#10203=DIRECTION('',(0.,0.,-1.));
#10204=DIRECTION('',(0.,-1.,0.));
#10205=DIRECTION('',(1.,0.,0.));
#10206=DIRECTION('',(0.,1.,0.));
#10207=DIRECTION('',(0.,0.,1.));
#10208=DIRECTION('',(0.,-1.,0.));
#10209=DIRECTION('',(0.,0.,-1.));
#10210=DIRECTION('',(0.,-1.,0.));
#10211=DIRECTION('',(1.,0.,0.));
#10212=DIRECTION('',(0.,1.,0.));
#10213=DIRECTION('',(0.,0.,1.));
#10214=DIRECTION('',(0.,-1.,0.));
#10215=DIRECTION('',(0.,0.,-1.));
#10216=DIRECTION('',(0.,-1.,0.));
#10217=DIRECTION('',(1.,0.,0.));
#10218=DIRECTION('',(0.,1.,0.));
#10219=DIRECTION('',(0.,0.,1.));
#10220=DIRECTION('',(0.,-1.,0.));
#10221=DIRECTION('',(0.,0.,-1.));
#10222=DIRECTION('',(0.,-1.,0.));
#10223=DIRECTION('',(1.,0.,0.));
#10224=DIRECTION('',(0.,1.,0.));
#10225=DIRECTION('',(0.,0.,1.));
#10226=DIRECTION('',(0.,-1.,0.));
#10227=DIRECTION('',(0.,0.,-1.));
#10228=DIRECTION('',(0.,-1.,0.));
#10229=DIRECTION('',(1.,0.,0.));
#10230=DIRECTION('',(0.,1.,0.));
#10231=DIRECTION('',(0.,0.,1.));
#10232=DIRECTION('',(0.,-1.,0.));
#10233=DIRECTION('',(0.,0.,-1.));
#10234=DIRECTION('',(0.,-1.,0.));
#10235=DIRECTION('',(1.,0.,0.));
#10236=DIRECTION('',(0.,1.,0.));
#10237=DIRECTION('',(0.,0.,1.));
#10238=DIRECTION('',(0.,-1.,0.));
#10239=DIRECTION('',(0.,0.,-1.));
#10240=DIRECTION('',(0.,-1.,0.));
#10241=DIRECTION('',(1.,0.,0.));
#10242=DIRECTION('',(0.,1.,0.));
#10243=DIRECTION('',(0.,0.,1.));
#10244=DIRECTION('',(0.,-1.,0.));
#10245=DIRECTION('',(0.,0.,-1.));
#10246=DIRECTION('',(0.,-1.,0.));
#10247=DIRECTION('',(1.,0.,0.));
#10248=DIRECTION('',(0.,1.,0.));
#10249=DIRECTION('',(0.,0.,1.));
#10250=DIRECTION('',(0.,-1.,0.));
#10251=DIRECTION('',(0.,0.,-1.));
#10252=DIRECTION('',(0.,-1.,0.));
#10253=DIRECTION('',(1.,0.,0.));
#10254=DIRECTION('',(0.,1.,0.));
#10255=DIRECTION('',(0.,0.,1.));
#10256=DIRECTION('',(0.,-1.,0.));
#10257=DIRECTION('',(0.,0.,-1.));
#10258=DIRECTION('',(0.,-1.,0.));
#10259=DIRECTION('',(1.,0.,0.));
#10260=DIRECTION('',(0.,1.,0.));
#10261=DIRECTION('',(0.,0.,1.));
#10262=DIRECTION('',(0.,-1.,0.));
#10263=DIRECTION('',(0.,0.,-1.));
#10264=DIRECTION('',(0.,-1.,0.));
#10265=DIRECTION('',(1.,0.,0.));
#10266=DIRECTION('',(0.,1.,0.));
#10267=DIRECTION('',(0.,0.,1.));
#10268=DIRECTION('',(0.,-1.,0.));
#10269=DIRECTION('',(0.,0.,-1.));
#10270=DIRECTION('',(0.,-1.,0.));
#10271=DIRECTION('',(1.,0.,0.));
#10272=DIRECTION('',(0.,1.,0.));
#10273=DIRECTION('',(0.,0.,1.));
#10274=DIRECTION('',(0.,-1.,0.));
#10275=DIRECTION('',(0.,0.,-1.));
#10276=DIRECTION('',(0.,-1.,0.));
#10277=DIRECTION('',(1.,0.,0.));
#10278=DIRECTION('',(0.,1.,0.));
#10279=DIRECTION('',(0.,0.,1.));
#10280=DIRECTION('',(0.,-1.,0.));
#10281=DIRECTION('',(0.,0.,-1.));
#10282=DIRECTION('',(0.,-1.,0.));
#10283=DIRECTION('',(1.,0.,0.));
#10284=DIRECTION('',(0.,1.,0.));
#10285=DIRECTION('',(0.,0.,1.));
#10286=DIRECTION('',(0.,-1.,0.));
#10287=DIRECTION('',(0.,0.,-1.));
#10288=DIRECTION('',(0.,-1.,0.));
#10289=DIRECTION('',(1.,0.,0.));
#10290=DIRECTION('',(0.,1.,0.));
#10291=DIRECTION('',(0.,0.,1.));
#10292=DIRECTION('',(0.,-1.,0.));
#10293=DIRECTION('',(0.,0.,-1.));
#10294=DIRECTION('',(0.,-1.,0.));
#10295=DIRECTION('',(1.,0.,0.));
#10296=DIRECTION('',(0.,1.,0.));
#10297=DIRECTION('',(0.,0.,1.));
#10298=DIRECTION('',(0.,-1.,0.));
#10299=DIRECTION('',(0.,0.,-1.));
#10300=DIRECTION('',(0.,-1.,0.));
#10301=DIRECTION('',(1.,0.,0.));
#10302=DIRECTION('',(0.,1.,0.));
#10303=DIRECTION('',(0.,0.,1.));
#10304=DIRECTION('',(0.,-1.,0.));
#10305=DIRECTION('',(0.,0.,-1.));
#10306=DIRECTION('',(0.,-1.,0.));
#10307=DIRECTION('',(1.,0.,0.));
#10308=DIRECTION('',(0.,1.,0.));
#10309=DIRECTION('',(0.,0.,1.));
#10310=DIRECTION('',(0.,-1.,0.));
#10311=DIRECTION('',(0.,0.,-1.));
#10312=DIRECTION('',(0.,-1.,0.));
#10313=DIRECTION('',(1.,0.,0.));
#10314=DIRECTION('',(0.,1.,0.));
#10315=DIRECTION('',(0.,0.,1.));
#10316=DIRECTION('',(0.,-1.,0.));
#10317=DIRECTION('',(0.,0.,-1.));
#10318=DIRECTION('',(0.,-1.,0.));
#10319=DIRECTION('',(1.,0.,0.));
#10320=DIRECTION('',(0.,1.,0.));
#10321=DIRECTION('',(0.,0.,1.));
#10322=DIRECTION('',(0.,-1.,0.));
#10323=DIRECTION('',(0.,0.,-1.));
#10324=DIRECTION('',(0.,-1.,0.));
#10325=DIRECTION('',(1.,0.,0.));
#10326=DIRECTION('',(0.,1.,0.));
#10327=DIRECTION('',(0.,0.,1.));
#10328=DIRECTION('',(0.,-1.,0.));
#10329=DIRECTION('',(0.,0.,-1.));
#10330=DIRECTION('',(0.,-1.,0.));
#10331=DIRECTION('',(1.,0.,0.));
#10332=DIRECTION('',(0.,1.,0.));
#10333=DIRECTION('',(0.,0.,1.));
#10334=DIRECTION('',(0.,-1.,0.));
#10335=DIRECTION('',(0.,0.,-1.));
#10336=DIRECTION('',(0.,-1.,0.));
#10337=DIRECTION('',(1.,0.,0.));
#10338=DIRECTION('',(0.,1.,0.));
#10339=DIRECTION('',(0.,0.,1.));
#10340=DIRECTION('',(0.,-1.,0.));
#10341=DIRECTION('',(0.,0.,-1.));
#10342=DIRECTION('',(0.,-1.,0.));
#10343=DIRECTION('',(1.,0.,0.));
#10344=DIRECTION('',(0.,1.,0.));
#10345=DIRECTION('',(0.,0.,1.));
#10346=DIRECTION('',(0.,-1.,0.));
#10347=DIRECTION('',(0.,0.,-1.));
#10348=DIRECTION('',(0.,-1.,0.));
#10349=DIRECTION('',(1.,0.,0.));
#10350=DIRECTION('',(0.,1.,0.));
#10351=DIRECTION('',(0.,0.,1.));
#10352=DIRECTION('',(0.,-1.,0.));
#10353=DIRECTION('',(0.,0.,-1.));
#10354=DIRECTION('',(0.,-1.,0.));
#10355=DIRECTION('',(1.,0.,0.));
#10356=DIRECTION('',(0.,1.,0.));
#10357=DIRECTION('',(0.,0.,1.));
#10358=DIRECTION('',(0.,-1.,0.));
#10359=DIRECTION('',(0.,0.,-1.));
#10360=DIRECTION('',(0.,-1.,0.));
#10361=DIRECTION('',(1.,0.,0.));
#10362=DIRECTION('',(0.,1.,0.));
#10363=DIRECTION('',(0.,0.,1.));
#10364=DIRECTION('',(0.,-1.,0.));
#10365=DIRECTION('',(0.,0.,-1.));
#10366=DIRECTION('',(0.,-1.,0.));
#10367=DIRECTION('',(1.,0.,0.));
#10368=DIRECTION('',(0.,1.,0.));
#10369=DIRECTION('',(0.,0.,1.));
#10370=DIRECTION('',(0.,-1.,0.));
#10371=DIRECTION('',(0.,0.,-1.));
#10372=DIRECTION('',(0.,-1.,0.));
#10373=DIRECTION('',(1.,0.,0.));
#10374=CARTESIAN_POINT('',(0.,0.,0.));
#10375=CARTESIAN_POINT('',(0.02,-0.01,2.60208521396521E-18));
#10376=CARTESIAN_POINT('',(0.02,-0.0002,2.60208521396521E-18));
#10377=CARTESIAN_POINT('',(0.02,-0.0002,0.0085));
#10378=CARTESIAN_POINT('',(0.02,-0.0002,-0.01));
#10379=CARTESIAN_POINT('',(0.02,-0.00085,0.00915));
#10380=CARTESIAN_POINT('',(0.02,-0.0007,0.009));
#10381=CARTESIAN_POINT('',(0.02,2.00000000000027E-6,0.009));
#10382=CARTESIAN_POINT('',(0.02,-0.01,0.009));
#10383=CARTESIAN_POINT('',(0.02,-0.01,2.60208521396521E-18));
#10384=CARTESIAN_POINT('',(0.02,-0.01,-0.01));
#10385=CARTESIAN_POINT('',(0.02,-0.01,-0.01));
#10386=CARTESIAN_POINT('',(0.04,-0.01,4.33680868994202E-18));
#10387=CARTESIAN_POINT('',(0.0066,-0.01,0.0017));
#10388=CARTESIAN_POINT('',(0.0066,-0.01,0.00135));
#10389=CARTESIAN_POINT('',(0.00745,-0.01,0.0017));
#10390=CARTESIAN_POINT('',(0.00745,-0.01,0.00135));
#10391=CARTESIAN_POINT('',(0.00575,-0.01,0.00085));
#10392=CARTESIAN_POINT('',(0.00575,-0.01,0.0005));
#10393=CARTESIAN_POINT('',(0.00575,-0.01,2.14313189850787E-20));
#10394=CARTESIAN_POINT('',(0.00575,-0.01,-0.00035));
#10395=CARTESIAN_POINT('',(0.00575,-0.01,-0.00085));
#10396=CARTESIAN_POINT('',(0.00575,-0.01,-0.0012));
#10397=CARTESIAN_POINT('',(0.00575,-0.01,-0.0017));
#10398=CARTESIAN_POINT('',(0.00575,-0.01,-0.00205));
#10399=CARTESIAN_POINT('',(0.0066,-0.01,-0.0017));
#10400=CARTESIAN_POINT('',(0.0066,-0.01,-0.00205));
#10401=CARTESIAN_POINT('',(0.00745,-0.01,-0.0017));
#10402=CARTESIAN_POINT('',(0.00745,-0.01,-0.00205));
#10403=CARTESIAN_POINT('',(0.00915,-0.01,0.0017));
#10404=CARTESIAN_POINT('',(0.00915,-0.01,0.00135));
#10405=CARTESIAN_POINT('',(0.01085,-0.01,0.0017));
#10406=CARTESIAN_POINT('',(0.01085,-0.01,0.00135));
#10407=CARTESIAN_POINT('',(0.00915,-0.01,0.00085));
#10408=CARTESIAN_POINT('',(0.00915,-0.01,0.0005));
#10409=CARTESIAN_POINT('',(0.01085,-0.01,0.00085));
#10410=CARTESIAN_POINT('',(0.01085,-0.01,0.0005));
#10411=CARTESIAN_POINT('',(0.00915,-0.01,2.14313189850787E-20));
#10412=CARTESIAN_POINT('',(0.00915,-0.01,-0.00035));
#10413=CARTESIAN_POINT('',(0.01,-0.01,2.14313189850787E-20));
#10414=CARTESIAN_POINT('',(0.01,-0.01,-0.00035));
#10415=CARTESIAN_POINT('',(0.01085,-0.01,2.14313189850787E-20));
#10416=CARTESIAN_POINT('',(0.01085,-0.01,-0.00035));
#10417=CARTESIAN_POINT('',(0.01085,-0.01,-0.00085));
#10418=CARTESIAN_POINT('',(0.01085,-0.01,-0.0012));
#10419=CARTESIAN_POINT('',(0.01255,-0.01,-0.00085));
#10420=CARTESIAN_POINT('',(0.01255,-0.01,-0.0012));
#10421=CARTESIAN_POINT('',(0.01425,-0.01,-0.00085));
#10422=CARTESIAN_POINT('',(0.01425,-0.01,-0.0012));
#10423=CARTESIAN_POINT('',(0.01255,-0.01,-0.0017));
#10424=CARTESIAN_POINT('',(0.01255,-0.01,-0.00205));
#10425=CARTESIAN_POINT('',(0.0134,-0.01,-0.0017));
#10426=CARTESIAN_POINT('',(0.0134,-0.01,-0.00205));
#10427=CARTESIAN_POINT('',(0.01425,-0.01,-0.0017));
#10428=CARTESIAN_POINT('',(0.01425,-0.01,-0.00205));
#10429=CARTESIAN_POINT('',(0.01085,-0.01,-0.0017));
#10430=CARTESIAN_POINT('',(0.01085,-0.01,-0.00205));
#10431=CARTESIAN_POINT('',(0.01255,-0.01,0.0017));
#10432=CARTESIAN_POINT('',(0.01255,-0.01,0.00135));
#10433=CARTESIAN_POINT('',(0.0134,-0.01,0.0017));
#10434=CARTESIAN_POINT('',(0.0134,-0.01,0.00135));
#10435=CARTESIAN_POINT('',(0.01425,-0.01,0.0017));
#10436=CARTESIAN_POINT('',(0.01425,-0.01,0.00135));
#10437=CARTESIAN_POINT('',(0.01255,-0.01,0.00085));
#10438=CARTESIAN_POINT('',(0.01255,-0.01,0.0005));
#10439=CARTESIAN_POINT('',(0.01425,-0.01,0.00085));
#10440=CARTESIAN_POINT('',(0.01425,-0.01,0.0005));
#10441=CARTESIAN_POINT('',(0.01255,-0.01,2.14313189850787E-20));
#10442=CARTESIAN_POINT('',(0.01255,-0.01,-0.00035));
#10443=CARTESIAN_POINT('',(0.01425,-0.01,2.14313189850787E-20));
#10444=CARTESIAN_POINT('',(0.01425,-0.01,-0.00035));
#10445=CARTESIAN_POINT('',(0.00575,-0.01,0.0017));
#10446=CARTESIAN_POINT('',(0.00575,-0.01,0.00135));
#10447=CARTESIAN_POINT('',(0.01,-0.01,0.009));
#10448=CARTESIAN_POINT('',(0.,-0.01,0.009));
#10449=CARTESIAN_POINT('',(0.,-0.01,-8.67361737988404E-19));
#10450=CARTESIAN_POINT('',(0.,-0.01,-0.01));
#10451=CARTESIAN_POINT('',(0.01,-0.01,-0.01));
#10452=CARTESIAN_POINT('',(0.01,-0.01,-0.01));
#10453=CARTESIAN_POINT('',(0.01,-0.0002,-0.01));
#10454=CARTESIAN_POINT('',(0.,-0.0002,-0.01));
#10455=CARTESIAN_POINT('',(0.,-0.01,-0.01));
#10456=CARTESIAN_POINT('',(0.,-0.01,-8.67361737988404E-19));
#10457=CARTESIAN_POINT('',(0.,2.00000000000027E-6,0.009));
#10458=CARTESIAN_POINT('',(0.,-0.0007,0.009));
#10459=CARTESIAN_POINT('',(0.,-0.00085,0.00915));
#10460=CARTESIAN_POINT('',(0.,-0.0002,0.0085));
#10461=CARTESIAN_POINT('',(0.,-0.0002,-8.67361737988404E-19));
#10462=CARTESIAN_POINT('',(0.01,2.00000000000027E-6,0.009));
#10463=CARTESIAN_POINT('',(4.21297175334708E-34,-0.0007,0.009));
#10464=CARTESIAN_POINT('',(0.0148,0.01,6.93889390390723E-20));
#10465=CARTESIAN_POINT('',(0.0148,0.01,1.30798150088651E-17));
#10466=CARTESIAN_POINT('',(0.0148,0.01,-0.0048));
#10467=CARTESIAN_POINT('',(0.0148,0.01,0.0048));
#10468=CARTESIAN_POINT('',(0.0148,0.01,0.0048));
#10469=CARTESIAN_POINT('',(0.0148,-0.0002,0.0048));
#10470=CARTESIAN_POINT('',(0.0148,-0.0002,-5.13478148889135E-18));
#10471=CARTESIAN_POINT('',(0.0148,-0.0002,-0.0048));
#10472=CARTESIAN_POINT('',(0.0148,0.01,-0.0048));
#10473=CARTESIAN_POINT('',(0.01,0.01,-0.0048));
#10474=CARTESIAN_POINT('',(-8.32667268468867E-19,-0.0002,-0.0048));
#10475=CARTESIAN_POINT('',(0.0052,-0.0002,-0.0048));
#10476=CARTESIAN_POINT('',(0.0052,0.01,-0.0048));
#10477=CARTESIAN_POINT('',(0.0052,0.01,-0.0048));
#10478=CARTESIAN_POINT('',(0.04,0.01,-0.0048));
#10479=CARTESIAN_POINT('',(0.0052,0.01,7.97972798949331E-19));
#10480=CARTESIAN_POINT('',(0.0052,-0.0002,-1.80411241501588E-18));
#10481=CARTESIAN_POINT('',(0.0052,-0.0002,0.0048));
#10482=CARTESIAN_POINT('',(0.0052,0.01,0.0048));
#10483=CARTESIAN_POINT('',(0.0052,0.01,0.0048));
#10484=CARTESIAN_POINT('',(0.0052,0.01,1.64104840827406E-17));
#10485=CARTESIAN_POINT('',(0.01,0.01,0.0048));
#10486=CARTESIAN_POINT('',(0.04,0.01,0.0048));
#10487=CARTESIAN_POINT('',(8.32667268468868E-19,-0.0002,0.0048));
#10488=CARTESIAN_POINT('',(0.,-0.0002,0.));
#10489=CARTESIAN_POINT('',(0.02,-0.0002,0.0085));
#10490=CARTESIAN_POINT('',(0.04,0.01,4.33680868994202E-18));
#10491=CARTESIAN_POINT('',(-1.47451495458029E-18,-0.0002,0.0085));
#10492=CARTESIAN_POINT('',(0.00575,-0.01,0.0017));
#10493=CARTESIAN_POINT('',(0.00575,-0.0096,0.0017));
#10494=CARTESIAN_POINT('',(0.00575,-0.0096,0.00135));
#10495=CARTESIAN_POINT('',(0.,-0.0096,0.));
#10496=CARTESIAN_POINT('',(0.01425,-0.01,2.14313189850787E-20));
#10497=CARTESIAN_POINT('',(0.01425,-0.0096,2.14313189850787E-20));
#10498=CARTESIAN_POINT('',(0.01425,-0.0096,-0.00035));
#10499=CARTESIAN_POINT('',(0.,-0.0096,0.));
#10500=CARTESIAN_POINT('',(0.01255,-0.01,2.14313189850787E-20));
#10501=CARTESIAN_POINT('',(0.01255,-0.0096,2.14313189850787E-20));
#10502=CARTESIAN_POINT('',(0.01255,-0.0096,-0.00035));
#10503=CARTESIAN_POINT('',(0.,-0.0096,0.));
#10504=CARTESIAN_POINT('',(0.01425,-0.01,0.00085));
#10505=CARTESIAN_POINT('',(0.01425,-0.0096,0.00085));
#10506=CARTESIAN_POINT('',(0.01425,-0.0096,0.0005));
#10507=CARTESIAN_POINT('',(0.,-0.0096,0.));
#10508=CARTESIAN_POINT('',(0.01255,-0.01,0.00085));
#10509=CARTESIAN_POINT('',(0.01255,-0.0096,0.00085));
#10510=CARTESIAN_POINT('',(0.01255,-0.0096,0.0005));
#10511=CARTESIAN_POINT('',(0.,-0.0096,0.));
#10512=CARTESIAN_POINT('',(0.01425,-0.01,0.0017));
#10513=CARTESIAN_POINT('',(0.01425,-0.0096,0.0017));
#10514=CARTESIAN_POINT('',(0.01425,-0.0096,0.00135));
#10515=CARTESIAN_POINT('',(0.,-0.0096,0.));
#10516=CARTESIAN_POINT('',(0.0134,-0.01,0.0017));
#10517=CARTESIAN_POINT('',(0.0134,-0.0096,0.0017));
#10518=CARTESIAN_POINT('',(0.0134,-0.0096,0.00135));
#10519=CARTESIAN_POINT('',(0.,-0.0096,0.));
#10520=CARTESIAN_POINT('',(0.01255,-0.01,0.0017));
#10521=CARTESIAN_POINT('',(0.01255,-0.0096,0.0017));
#10522=CARTESIAN_POINT('',(0.01255,-0.0096,0.00135));
#10523=CARTESIAN_POINT('',(0.,-0.0096,0.));
#10524=CARTESIAN_POINT('',(0.01085,-0.01,-0.0017));
#10525=CARTESIAN_POINT('',(0.01085,-0.0096,-0.0017));
#10526=CARTESIAN_POINT('',(0.01085,-0.0096,-0.00205));
#10527=CARTESIAN_POINT('',(0.,-0.0096,0.));
#10528=CARTESIAN_POINT('',(0.01425,-0.01,-0.0017));
#10529=CARTESIAN_POINT('',(0.01425,-0.0096,-0.0017));
#10530=CARTESIAN_POINT('',(0.01425,-0.0096,-0.00205));
#10531=CARTESIAN_POINT('',(0.,-0.0096,0.));
#10532=CARTESIAN_POINT('',(0.0134,-0.01,-0.0017));
#10533=CARTESIAN_POINT('',(0.0134,-0.0096,-0.0017));
#10534=CARTESIAN_POINT('',(0.0134,-0.0096,-0.00205));
#10535=CARTESIAN_POINT('',(0.,-0.0096,0.));
#10536=CARTESIAN_POINT('',(0.01255,-0.01,-0.0017));
#10537=CARTESIAN_POINT('',(0.01255,-0.0096,-0.0017));
#10538=CARTESIAN_POINT('',(0.01255,-0.0096,-0.00205));
#10539=CARTESIAN_POINT('',(0.,-0.0096,0.));
#10540=CARTESIAN_POINT('',(0.01425,-0.01,-0.00085));
#10541=CARTESIAN_POINT('',(0.01425,-0.0096,-0.00085));
#10542=CARTESIAN_POINT('',(0.01425,-0.0096,-0.0012));
#10543=CARTESIAN_POINT('',(0.,-0.0096,0.));
#10544=CARTESIAN_POINT('',(0.01255,-0.01,-0.00085));
#10545=CARTESIAN_POINT('',(0.01255,-0.0096,-0.00085));
#10546=CARTESIAN_POINT('',(0.01255,-0.0096,-0.0012));
#10547=CARTESIAN_POINT('',(0.,-0.0096,0.));
#10548=CARTESIAN_POINT('',(0.01085,-0.01,-0.00085));
#10549=CARTESIAN_POINT('',(0.01085,-0.0096,-0.00085));
#10550=CARTESIAN_POINT('',(0.01085,-0.0096,-0.0012));
#10551=CARTESIAN_POINT('',(0.,-0.0096,0.));
#10552=CARTESIAN_POINT('',(0.01085,-0.01,2.14313189850787E-20));
#10553=CARTESIAN_POINT('',(0.01085,-0.0096,2.14313189850787E-20));
#10554=CARTESIAN_POINT('',(0.01085,-0.0096,-0.00035));
#10555=CARTESIAN_POINT('',(0.,-0.0096,0.));
#10556=CARTESIAN_POINT('',(0.01,-0.01,2.14313189850787E-20));
#10557=CARTESIAN_POINT('',(0.01,-0.0096,2.14313189850787E-20));
#10558=CARTESIAN_POINT('',(0.01,-0.0096,-0.00035));
#10559=CARTESIAN_POINT('',(0.,-0.0096,0.));
#10560=CARTESIAN_POINT('',(0.00915,-0.01,2.14313189850787E-20));
#10561=CARTESIAN_POINT('',(0.00915,-0.0096,2.14313189850787E-20));
#10562=CARTESIAN_POINT('',(0.00915,-0.0096,-0.00035));
#10563=CARTESIAN_POINT('',(0.,-0.0096,0.));
#10564=CARTESIAN_POINT('',(0.01085,-0.01,0.00085));
#10565=CARTESIAN_POINT('',(0.01085,-0.0096,0.00085));
#10566=CARTESIAN_POINT('',(0.01085,-0.0096,0.0005));
#10567=CARTESIAN_POINT('',(0.,-0.0096,0.));
#10568=CARTESIAN_POINT('',(0.00915,-0.01,0.00085));
#10569=CARTESIAN_POINT('',(0.00915,-0.0096,0.00085));
#10570=CARTESIAN_POINT('',(0.00915,-0.0096,0.0005));
#10571=CARTESIAN_POINT('',(0.,-0.0096,0.));
#10572=CARTESIAN_POINT('',(0.01085,-0.01,0.0017));
#10573=CARTESIAN_POINT('',(0.01085,-0.0096,0.0017));
#10574=CARTESIAN_POINT('',(0.01085,-0.0096,0.00135));
#10575=CARTESIAN_POINT('',(0.,-0.0096,0.));
#10576=CARTESIAN_POINT('',(0.00915,-0.01,0.0017));
#10577=CARTESIAN_POINT('',(0.00915,-0.0096,0.0017));
#10578=CARTESIAN_POINT('',(0.00915,-0.0096,0.00135));
#10579=CARTESIAN_POINT('',(0.,-0.0096,0.));
#10580=CARTESIAN_POINT('',(0.00745,-0.01,-0.0017));
#10581=CARTESIAN_POINT('',(0.00745,-0.0096,-0.0017));
#10582=CARTESIAN_POINT('',(0.00745,-0.0096,-0.00205));
#10583=CARTESIAN_POINT('',(0.,-0.0096,0.));
#10584=CARTESIAN_POINT('',(0.0066,-0.01,-0.0017));
#10585=CARTESIAN_POINT('',(0.0066,-0.0096,-0.0017));
#10586=CARTESIAN_POINT('',(0.0066,-0.0096,-0.00205));
#10587=CARTESIAN_POINT('',(0.,-0.0096,0.));
#10588=CARTESIAN_POINT('',(0.00575,-0.01,-0.0017));
#10589=CARTESIAN_POINT('',(0.00575,-0.0096,-0.0017));
#10590=CARTESIAN_POINT('',(0.00575,-0.0096,-0.00205));
#10591=CARTESIAN_POINT('',(0.,-0.0096,0.));
#10592=CARTESIAN_POINT('',(0.00575,-0.01,-0.00085));
#10593=CARTESIAN_POINT('',(0.00575,-0.0096,-0.00085));
#10594=CARTESIAN_POINT('',(0.00575,-0.0096,-0.0012));
#10595=CARTESIAN_POINT('',(0.,-0.0096,0.));
#10596=CARTESIAN_POINT('',(0.00575,-0.01,2.14313189850787E-20));
#10597=CARTESIAN_POINT('',(0.00575,-0.0096,2.14313189850787E-20));
#10598=CARTESIAN_POINT('',(0.00575,-0.0096,-0.00035));
#10599=CARTESIAN_POINT('',(0.,-0.0096,0.));
#10600=CARTESIAN_POINT('',(0.00575,-0.01,0.00085));
#10601=CARTESIAN_POINT('',(0.00575,-0.0096,0.00085));
#10602=CARTESIAN_POINT('',(0.00575,-0.0096,0.0005));
#10603=CARTESIAN_POINT('',(0.,-0.0096,0.));
#10604=CARTESIAN_POINT('',(0.00745,-0.01,0.0017));
#10605=CARTESIAN_POINT('',(0.00745,-0.0096,0.0017));
#10606=CARTESIAN_POINT('',(0.00745,-0.0096,0.00135));
#10607=CARTESIAN_POINT('',(0.,-0.0096,0.));
#10608=CARTESIAN_POINT('',(0.0066,-0.01,0.0017));
#10609=CARTESIAN_POINT('',(0.0066,-0.0096,0.0017));
#10610=CARTESIAN_POINT('',(0.0066,-0.0096,0.00135));
#10611=CARTESIAN_POINT('',(0.,-0.0096,0.));
#10612=CARTESIAN_POINT('',(0.,0.,0.));
#10613=CARTESIAN_POINT('',(-0.02,-0.01,-1.7347234759768E-18));
#10614=CARTESIAN_POINT('',(-0.02,-0.0001,-1.7347234759768E-18));
#10615=CARTESIAN_POINT('',(-0.02,-0.0001,0.0085));
#10616=CARTESIAN_POINT('',(-0.02,-0.0001,-0.01));
#10617=CARTESIAN_POINT('',(-0.02,-0.0008,0.0092));
#10618=CARTESIAN_POINT('',(-0.02,-0.0006,0.009));
#10619=CARTESIAN_POINT('',(-0.02,2.00000000000027E-6,0.009));
#10620=CARTESIAN_POINT('',(-0.02,-0.01,0.009));
#10621=CARTESIAN_POINT('',(-0.02,-0.01,-1.7347234759768E-18));
#10622=CARTESIAN_POINT('',(-0.02,-0.01,-0.01));
#10623=CARTESIAN_POINT('',(-0.02,-0.01,-0.01));
#10624=CARTESIAN_POINT('',(0.,-0.01,0.));
#10625=CARTESIAN_POINT('',(-0.0334,-0.01,0.0017));
#10626=CARTESIAN_POINT('',(-0.0334,-0.01,0.00135));
#10627=CARTESIAN_POINT('',(-0.03255,-0.01,0.0017));
#10628=CARTESIAN_POINT('',(-0.03255,-0.01,0.00135));
#10629=CARTESIAN_POINT('',(-0.03425,-0.01,0.00085));
#10630=CARTESIAN_POINT('',(-0.03425,-0.01,0.0005));
#10631=CARTESIAN_POINT('',(-0.03425,-0.01,2.14313189850787E-20));
#10632=CARTESIAN_POINT('',(-0.03425,-0.01,-0.00035));
#10633=CARTESIAN_POINT('',(-0.03425,-0.01,-0.00085));
#10634=CARTESIAN_POINT('',(-0.03425,-0.01,-0.0012));
#10635=CARTESIAN_POINT('',(-0.03425,-0.01,-0.0017));
#10636=CARTESIAN_POINT('',(-0.03425,-0.01,-0.00205));
#10637=CARTESIAN_POINT('',(-0.0334,-0.01,-0.0017));
#10638=CARTESIAN_POINT('',(-0.0334,-0.01,-0.00205));
#10639=CARTESIAN_POINT('',(-0.03255,-0.01,-0.0017));
#10640=CARTESIAN_POINT('',(-0.03255,-0.01,-0.00205));
#10641=CARTESIAN_POINT('',(-0.03085,-0.01,0.0017));
#10642=CARTESIAN_POINT('',(-0.03085,-0.01,0.00135));
#10643=CARTESIAN_POINT('',(-0.03,-0.01,0.0017));
#10644=CARTESIAN_POINT('',(-0.03,-0.01,0.00135));
#10645=CARTESIAN_POINT('',(-0.02915,-0.01,0.0017));
#10646=CARTESIAN_POINT('',(-0.02915,-0.01,0.00135));
#10647=CARTESIAN_POINT('',(-0.02915,-0.01,0.00085));
#10648=CARTESIAN_POINT('',(-0.02915,-0.01,0.0005));
#10649=CARTESIAN_POINT('',(-0.03085,-0.01,-0.00085));
#10650=CARTESIAN_POINT('',(-0.03085,-0.01,-0.0012));
#10651=CARTESIAN_POINT('',(-0.02915,-0.01,2.14313189850787E-20));
#10652=CARTESIAN_POINT('',(-0.02915,-0.01,-0.00035));
#10653=CARTESIAN_POINT('',(-0.03,-0.01,2.14313189850787E-20));
#10654=CARTESIAN_POINT('',(-0.03,-0.01,-0.00035));
#10655=CARTESIAN_POINT('',(-0.03085,-0.01,2.14313189850787E-20));
#10656=CARTESIAN_POINT('',(-0.03085,-0.01,-0.00035));
#10657=CARTESIAN_POINT('',(-0.02575,-0.01,-0.0017));
#10658=CARTESIAN_POINT('',(-0.02575,-0.01,-0.00205));
#10659=CARTESIAN_POINT('',(-0.0266,-0.01,-0.0017));
#10660=CARTESIAN_POINT('',(-0.0266,-0.01,-0.00205));
#10661=CARTESIAN_POINT('',(-0.02745,-0.01,-0.0017));
#10662=CARTESIAN_POINT('',(-0.02745,-0.01,-0.00205));
#10663=CARTESIAN_POINT('',(-0.02575,-0.01,-0.00085));
#10664=CARTESIAN_POINT('',(-0.02575,-0.01,-0.0012));
#10665=CARTESIAN_POINT('',(-0.02745,-0.01,-0.00085));
#10666=CARTESIAN_POINT('',(-0.02745,-0.01,-0.0012));
#10667=CARTESIAN_POINT('',(-0.02575,-0.01,2.14313189850787E-20));
#10668=CARTESIAN_POINT('',(-0.02575,-0.01,-0.00035));
#10669=CARTESIAN_POINT('',(-0.02745,-0.01,2.14313189850787E-20));
#10670=CARTESIAN_POINT('',(-0.02745,-0.01,-0.00035));
#10671=CARTESIAN_POINT('',(-0.03085,-0.01,-0.0017));
#10672=CARTESIAN_POINT('',(-0.03085,-0.01,-0.00205));
#10673=CARTESIAN_POINT('',(-0.03,-0.01,-0.0017));
#10674=CARTESIAN_POINT('',(-0.03,-0.01,-0.00205));
#10675=CARTESIAN_POINT('',(-0.02915,-0.01,-0.0017));
#10676=CARTESIAN_POINT('',(-0.02915,-0.01,-0.00205));
#10677=CARTESIAN_POINT('',(-0.02745,-0.01,0.0017));
#10678=CARTESIAN_POINT('',(-0.02745,-0.01,0.00135));
#10679=CARTESIAN_POINT('',(-0.0266,-0.01,0.0017));
#10680=CARTESIAN_POINT('',(-0.0266,-0.01,0.00135));
#10681=CARTESIAN_POINT('',(-0.02575,-0.01,0.0017));
#10682=CARTESIAN_POINT('',(-0.02575,-0.01,0.00135));
#10683=CARTESIAN_POINT('',(-0.02745,-0.01,0.00085));
#10684=CARTESIAN_POINT('',(-0.02745,-0.01,0.0005));
#10685=CARTESIAN_POINT('',(-0.02575,-0.01,0.00085));
#10686=CARTESIAN_POINT('',(-0.02575,-0.01,0.0005));
#10687=CARTESIAN_POINT('',(-0.03425,-0.01,0.0017));
#10688=CARTESIAN_POINT('',(-0.03425,-0.01,0.00135));
#10689=CARTESIAN_POINT('',(-0.03,-0.01,0.009));
#10690=CARTESIAN_POINT('',(-0.04,-0.01,0.009));
#10691=CARTESIAN_POINT('',(-0.04,-0.01,-5.20417042793042E-18));
#10692=CARTESIAN_POINT('',(-0.04,-0.01,-0.01));
#10693=CARTESIAN_POINT('',(-0.03,-0.01,-0.01));
#10694=CARTESIAN_POINT('',(-0.03,-0.01,-0.01));
#10695=CARTESIAN_POINT('',(-0.03,-0.0001,-0.01));
#10696=CARTESIAN_POINT('',(-0.04,-0.0001,-0.01));
#10697=CARTESIAN_POINT('',(-0.04,-0.01,-0.01));
#10698=CARTESIAN_POINT('',(-0.04,-0.01,-5.20417042793042E-18));
#10699=CARTESIAN_POINT('',(-0.04,2.00000000000027E-6,0.009));
#10700=CARTESIAN_POINT('',(-0.04,-0.0006,0.009));
#10701=CARTESIAN_POINT('',(-0.04,-0.0008,0.0092));
#10702=CARTESIAN_POINT('',(-0.04,-0.0001,0.0085));
#10703=CARTESIAN_POINT('',(-0.04,-0.0001,-5.20417042793042E-18));
#10704=CARTESIAN_POINT('',(-0.03,2.00000000000027E-6,0.009));
#10705=CARTESIAN_POINT('',(-0.04,-0.0006,0.009));
#10706=CARTESIAN_POINT('',(-0.0251,0.01,0.));
#10707=CARTESIAN_POINT('',(-0.0251,0.01,0.));
#10708=CARTESIAN_POINT('',(-0.0251,0.01,-0.0049));
#10709=CARTESIAN_POINT('',(-0.0251,0.01,0.0049));
#10710=CARTESIAN_POINT('',(-0.0251,0.01,0.0049));
#10711=CARTESIAN_POINT('',(-0.0251,-0.0001,0.0049));
#10712=CARTESIAN_POINT('',(-0.0251,-0.0001,0.));
#10713=CARTESIAN_POINT('',(-0.0251,-0.0001,-0.0049));
#10714=CARTESIAN_POINT('',(-0.0251,0.01,-0.0049));
#10715=CARTESIAN_POINT('',(-0.03,0.01,-0.0049));
#10716=CARTESIAN_POINT('',(-8.50014503228636E-19,-0.0001,-0.0049));
#10717=CARTESIAN_POINT('',(-0.0349,-0.0001,-0.0049));
#10718=CARTESIAN_POINT('',(-0.0349,0.01,-0.0049));
#10719=CARTESIAN_POINT('',(-0.0349,0.01,-0.0049));
#10720=CARTESIAN_POINT('',(-8.50014503228636E-19,0.01,-0.0049));
#10721=CARTESIAN_POINT('',(-0.0349,0.01,8.67361737988404E-19));
#10722=CARTESIAN_POINT('',(-0.0349,-0.0001,0.));
#10723=CARTESIAN_POINT('',(-0.0349,-0.0001,0.0049));
#10724=CARTESIAN_POINT('',(-0.0349,0.01,0.0049));
#10725=CARTESIAN_POINT('',(-0.0349,0.01,0.0049));
#10726=CARTESIAN_POINT('',(-0.0349,0.01,0.));
#10727=CARTESIAN_POINT('',(-0.03,0.01,0.0049));
#10728=CARTESIAN_POINT('',(8.50014503228635E-19,0.01,0.0049));
#10729=CARTESIAN_POINT('',(8.50014503228635E-19,-0.0001,0.0049));
#10730=CARTESIAN_POINT('',(0.,-0.0001,0.));
#10731=CARTESIAN_POINT('',(-0.02,-0.0001,0.0085));
#10732=CARTESIAN_POINT('',(0.,0.01,0.));
#10733=CARTESIAN_POINT('',(-1.47451495458029E-18,-0.0001,0.0085));
#10734=CARTESIAN_POINT('',(-0.03425,-0.01,0.0017));
#10735=CARTESIAN_POINT('',(-0.03425,-0.0096,0.0017));
#10736=CARTESIAN_POINT('',(-0.03425,-0.0096,0.00135));
#10737=CARTESIAN_POINT('',(0.,-0.0096,0.));
#10738=CARTESIAN_POINT('',(-0.02575,-0.01,0.00085));
#10739=CARTESIAN_POINT('',(-0.02575,-0.0096,0.00085));
#10740=CARTESIAN_POINT('',(-0.02575,-0.0096,0.0005));
#10741=CARTESIAN_POINT('',(0.,-0.0096,0.));
#10742=CARTESIAN_POINT('',(-0.02745,-0.01,0.00085));
#10743=CARTESIAN_POINT('',(-0.02745,-0.0096,0.00085));
#10744=CARTESIAN_POINT('',(-0.02745,-0.0096,0.0005));
#10745=CARTESIAN_POINT('',(0.,-0.0096,0.));
#10746=CARTESIAN_POINT('',(-0.02575,-0.01,0.0017));
#10747=CARTESIAN_POINT('',(-0.02575,-0.0096,0.0017));
#10748=CARTESIAN_POINT('',(-0.02575,-0.0096,0.00135));
#10749=CARTESIAN_POINT('',(0.,-0.0096,0.));
#10750=CARTESIAN_POINT('',(-0.0266,-0.01,0.0017));
#10751=CARTESIAN_POINT('',(-0.0266,-0.0096,0.0017));
#10752=CARTESIAN_POINT('',(-0.0266,-0.0096,0.00135));
#10753=CARTESIAN_POINT('',(0.,-0.0096,0.));
#10754=CARTESIAN_POINT('',(-0.02745,-0.01,0.0017));
#10755=CARTESIAN_POINT('',(-0.02745,-0.0096,0.0017));
#10756=CARTESIAN_POINT('',(-0.02745,-0.0096,0.00135));
#10757=CARTESIAN_POINT('',(0.,-0.0096,0.));
#10758=CARTESIAN_POINT('',(-0.02915,-0.01,-0.0017));
#10759=CARTESIAN_POINT('',(-0.02915,-0.0096,-0.0017));
#10760=CARTESIAN_POINT('',(-0.02915,-0.0096,-0.00205));
#10761=CARTESIAN_POINT('',(0.,-0.0096,0.));
#10762=CARTESIAN_POINT('',(-0.03,-0.01,-0.0017));
#10763=CARTESIAN_POINT('',(-0.03,-0.0096,-0.0017));
#10764=CARTESIAN_POINT('',(-0.03,-0.0096,-0.00205));
#10765=CARTESIAN_POINT('',(0.,-0.0096,0.));
#10766=CARTESIAN_POINT('',(-0.03085,-0.01,-0.0017));
#10767=CARTESIAN_POINT('',(-0.03085,-0.0096,-0.0017));
#10768=CARTESIAN_POINT('',(-0.03085,-0.0096,-0.00205));
#10769=CARTESIAN_POINT('',(0.,-0.0096,0.));
#10770=CARTESIAN_POINT('',(-0.02745,-0.01,2.14313189850787E-20));
#10771=CARTESIAN_POINT('',(-0.02745,-0.0096,2.14313189850787E-20));
#10772=CARTESIAN_POINT('',(-0.02745,-0.0096,-0.00035));
#10773=CARTESIAN_POINT('',(0.,-0.0096,0.));
#10774=CARTESIAN_POINT('',(-0.02575,-0.01,2.14313189850787E-20));
#10775=CARTESIAN_POINT('',(-0.02575,-0.0096,2.14313189850787E-20));
#10776=CARTESIAN_POINT('',(-0.02575,-0.0096,-0.00035));
#10777=CARTESIAN_POINT('',(0.,-0.0096,0.));
#10778=CARTESIAN_POINT('',(-0.02745,-0.01,-0.00085));
#10779=CARTESIAN_POINT('',(-0.02745,-0.0096,-0.00085));
#10780=CARTESIAN_POINT('',(-0.02745,-0.0096,-0.0012));
#10781=CARTESIAN_POINT('',(0.,-0.0096,0.));
#10782=CARTESIAN_POINT('',(-0.02575,-0.01,-0.00085));
#10783=CARTESIAN_POINT('',(-0.02575,-0.0096,-0.00085));
#10784=CARTESIAN_POINT('',(-0.02575,-0.0096,-0.0012));
#10785=CARTESIAN_POINT('',(0.,-0.0096,0.));
#10786=CARTESIAN_POINT('',(-0.02745,-0.01,-0.0017));
#10787=CARTESIAN_POINT('',(-0.02745,-0.0096,-0.0017));
#10788=CARTESIAN_POINT('',(-0.02745,-0.0096,-0.00205));
#10789=CARTESIAN_POINT('',(0.,-0.0096,0.));
#10790=CARTESIAN_POINT('',(-0.0266,-0.01,-0.0017));
#10791=CARTESIAN_POINT('',(-0.0266,-0.0096,-0.0017));
#10792=CARTESIAN_POINT('',(-0.0266,-0.0096,-0.00205));
#10793=CARTESIAN_POINT('',(0.,-0.0096,0.));
#10794=CARTESIAN_POINT('',(-0.02575,-0.01,-0.0017));
#10795=CARTESIAN_POINT('',(-0.02575,-0.0096,-0.0017));
#10796=CARTESIAN_POINT('',(-0.02575,-0.0096,-0.00205));
#10797=CARTESIAN_POINT('',(0.,-0.0096,0.));
#10798=CARTESIAN_POINT('',(-0.03085,-0.01,2.14313189850787E-20));
#10799=CARTESIAN_POINT('',(-0.03085,-0.0096,2.14313189850787E-20));
#10800=CARTESIAN_POINT('',(-0.03085,-0.0096,-0.00035));
#10801=CARTESIAN_POINT('',(0.,-0.0096,0.));
#10802=CARTESIAN_POINT('',(-0.03,-0.01,2.14313189850787E-20));
#10803=CARTESIAN_POINT('',(-0.03,-0.0096,2.14313189850787E-20));
#10804=CARTESIAN_POINT('',(-0.03,-0.0096,-0.00035));
#10805=CARTESIAN_POINT('',(0.,-0.0096,0.));
#10806=CARTESIAN_POINT('',(-0.02915,-0.01,2.14313189850787E-20));
#10807=CARTESIAN_POINT('',(-0.02915,-0.0096,2.14313189850787E-20));
#10808=CARTESIAN_POINT('',(-0.02915,-0.0096,-0.00035));
#10809=CARTESIAN_POINT('',(0.,-0.0096,0.));
#10810=CARTESIAN_POINT('',(-0.03085,-0.01,-0.00085));
#10811=CARTESIAN_POINT('',(-0.03085,-0.0096,-0.00085));
#10812=CARTESIAN_POINT('',(-0.03085,-0.0096,-0.0012));
#10813=CARTESIAN_POINT('',(0.,-0.0096,0.));
#10814=CARTESIAN_POINT('',(-0.02915,-0.01,0.00085));
#10815=CARTESIAN_POINT('',(-0.02915,-0.0096,0.00085));
#10816=CARTESIAN_POINT('',(-0.02915,-0.0096,0.0005));
#10817=CARTESIAN_POINT('',(0.,-0.0096,0.));
#10818=CARTESIAN_POINT('',(-0.02915,-0.01,0.0017));
#10819=CARTESIAN_POINT('',(-0.02915,-0.0096,0.0017));
#10820=CARTESIAN_POINT('',(-0.02915,-0.0096,0.00135));
#10821=CARTESIAN_POINT('',(0.,-0.0096,0.));
#10822=CARTESIAN_POINT('',(-0.03,-0.01,0.0017));
#10823=CARTESIAN_POINT('',(-0.03,-0.0096,0.0017));
#10824=CARTESIAN_POINT('',(-0.03,-0.0096,0.00135));
#10825=CARTESIAN_POINT('',(0.,-0.0096,0.));
#10826=CARTESIAN_POINT('',(-0.03085,-0.01,0.0017));
#10827=CARTESIAN_POINT('',(-0.03085,-0.0096,0.0017));
#10828=CARTESIAN_POINT('',(-0.03085,-0.0096,0.00135));
#10829=CARTESIAN_POINT('',(0.,-0.0096,0.));
#10830=CARTESIAN_POINT('',(-0.03255,-0.01,-0.0017));
#10831=CARTESIAN_POINT('',(-0.03255,-0.0096,-0.0017));
#10832=CARTESIAN_POINT('',(-0.03255,-0.0096,-0.00205));
#10833=CARTESIAN_POINT('',(0.,-0.0096,0.));
#10834=CARTESIAN_POINT('',(-0.0334,-0.01,-0.0017));
#10835=CARTESIAN_POINT('',(-0.0334,-0.0096,-0.0017));
#10836=CARTESIAN_POINT('',(-0.0334,-0.0096,-0.00205));
#10837=CARTESIAN_POINT('',(0.,-0.0096,0.));
#10838=CARTESIAN_POINT('',(-0.03425,-0.01,-0.0017));
#10839=CARTESIAN_POINT('',(-0.03425,-0.0096,-0.0017));
#10840=CARTESIAN_POINT('',(-0.03425,-0.0096,-0.00205));
#10841=CARTESIAN_POINT('',(0.,-0.0096,0.));
#10842=CARTESIAN_POINT('',(-0.03425,-0.01,-0.00085));
#10843=CARTESIAN_POINT('',(-0.03425,-0.0096,-0.00085));
#10844=CARTESIAN_POINT('',(-0.03425,-0.0096,-0.0012));
#10845=CARTESIAN_POINT('',(0.,-0.0096,0.));
#10846=CARTESIAN_POINT('',(-0.03425,-0.01,2.14313189850787E-20));
#10847=CARTESIAN_POINT('',(-0.03425,-0.0096,2.14313189850787E-20));
#10848=CARTESIAN_POINT('',(-0.03425,-0.0096,-0.00035));
#10849=CARTESIAN_POINT('',(0.,-0.0096,0.));
#10850=CARTESIAN_POINT('',(-0.03425,-0.01,0.00085));
#10851=CARTESIAN_POINT('',(-0.03425,-0.0096,0.00085));
#10852=CARTESIAN_POINT('',(-0.03425,-0.0096,0.0005));
#10853=CARTESIAN_POINT('',(0.,-0.0096,0.));
#10854=CARTESIAN_POINT('',(-0.03255,-0.01,0.0017));
#10855=CARTESIAN_POINT('',(-0.03255,-0.0096,0.0017));
#10856=CARTESIAN_POINT('',(-0.03255,-0.0096,0.00135));
#10857=CARTESIAN_POINT('',(0.,-0.0096,0.));
#10858=CARTESIAN_POINT('',(-0.0334,-0.01,0.0017));
#10859=CARTESIAN_POINT('',(-0.0334,-0.0096,0.0017));
#10860=CARTESIAN_POINT('',(-0.0334,-0.0096,0.00135));
#10861=CARTESIAN_POINT('',(0.,-0.0096,0.));
#10862=CARTESIAN_POINT('',(0.,0.,0.));
#10863=CARTESIAN_POINT('',(0.015,0.01,0.));
#10864=CARTESIAN_POINT('',(0.015,0.,0.));
#10865=CARTESIAN_POINT('',(0.015,0.,-0.005));
#10866=CARTESIAN_POINT('',(0.015,0.,0.005));
#10867=CARTESIAN_POINT('',(0.015,0.01,0.005));
#10868=CARTESIAN_POINT('',(0.015,0.01,0.005));
#10869=CARTESIAN_POINT('',(0.015,0.01,0.));
#10870=CARTESIAN_POINT('',(0.015,0.01,-0.005));
#10871=CARTESIAN_POINT('',(0.015,0.01,-0.005));
#10872=CARTESIAN_POINT('',(0.01,0.01,-0.005));
#10873=CARTESIAN_POINT('',(0.01,0.,-0.005));
#10874=CARTESIAN_POINT('',(0.005,0.,-0.005));
#10875=CARTESIAN_POINT('',(0.01,0.01,-0.005));
#10876=CARTESIAN_POINT('',(0.005,0.01,-0.005));
#10877=CARTESIAN_POINT('',(0.005,0.01,-0.005));
#10878=CARTESIAN_POINT('',(0.005,0.01,8.67361737988404E-19));
#10879=CARTESIAN_POINT('',(0.005,0.,8.67361737988404E-19));
#10880=CARTESIAN_POINT('',(0.005,0.,0.005));
#10881=CARTESIAN_POINT('',(0.005,0.01,8.67361737988404E-19));
#10882=CARTESIAN_POINT('',(0.005,0.01,0.005));
#10883=CARTESIAN_POINT('',(0.005,0.01,0.005));
#10884=CARTESIAN_POINT('',(-0.025,0.01,0.));
#10885=CARTESIAN_POINT('',(-0.025,0.,0.));
#10886=CARTESIAN_POINT('',(-0.025,0.,-0.005));
#10887=CARTESIAN_POINT('',(-0.025,0.,0.005));
#10888=CARTESIAN_POINT('',(-0.025,0.01,0.005));
#10889=CARTESIAN_POINT('',(-0.025,0.01,0.005));
#10890=CARTESIAN_POINT('',(-0.025,0.01,0.));
#10891=CARTESIAN_POINT('',(-0.025,0.01,-0.005));
#10892=CARTESIAN_POINT('',(-0.025,0.01,-0.005));
#10893=CARTESIAN_POINT('',(-0.03,0.01,-0.005));
#10894=CARTESIAN_POINT('',(-0.03,0.,-0.005));
#10895=CARTESIAN_POINT('',(-0.035,0.,-0.005));
#10896=CARTESIAN_POINT('',(-0.03,0.01,-0.005));
#10897=CARTESIAN_POINT('',(-0.035,0.01,-0.005));
#10898=CARTESIAN_POINT('',(-0.035,0.01,-0.005));
#10899=CARTESIAN_POINT('',(-0.035,0.01,8.67361737988404E-19));
#10900=CARTESIAN_POINT('',(-0.035,0.,8.67361737988404E-19));
#10901=CARTESIAN_POINT('',(-0.035,0.,0.005));
#10902=CARTESIAN_POINT('',(-0.035,0.01,8.67361737988404E-19));
#10903=CARTESIAN_POINT('',(-0.035,0.01,0.005));
#10904=CARTESIAN_POINT('',(-0.035,0.01,0.005));
#10905=CARTESIAN_POINT('',(-0.005,0.01,0.));
#10906=CARTESIAN_POINT('',(-0.005,0.,0.));
#10907=CARTESIAN_POINT('',(-0.005,0.,-0.005));
#10908=CARTESIAN_POINT('',(-0.005,0.,0.005));
#10909=CARTESIAN_POINT('',(-0.005,0.01,0.005));
#10910=CARTESIAN_POINT('',(-0.005,0.01,0.005));
#10911=CARTESIAN_POINT('',(-0.005,0.01,0.));
#10912=CARTESIAN_POINT('',(-0.005,0.01,-0.005));
#10913=CARTESIAN_POINT('',(-0.005,0.01,-0.005));
#10914=CARTESIAN_POINT('',(-0.01,0.01,-0.005));
#10915=CARTESIAN_POINT('',(-0.01,0.,-0.005));
#10916=CARTESIAN_POINT('',(-0.015,0.,-0.005));
#10917=CARTESIAN_POINT('',(-0.01,0.01,-0.005));
#10918=CARTESIAN_POINT('',(-0.015,0.01,-0.005));
#10919=CARTESIAN_POINT('',(-0.015,0.01,-0.005));
#10920=CARTESIAN_POINT('',(-0.015,0.01,8.67361737988404E-19));
#10921=CARTESIAN_POINT('',(-0.015,0.,8.67361737988404E-19));
#10922=CARTESIAN_POINT('',(-0.015,0.,0.005));
#10923=CARTESIAN_POINT('',(-0.015,0.01,8.67361737988404E-19));
#10924=CARTESIAN_POINT('',(-0.015,0.01,0.005));
#10925=CARTESIAN_POINT('',(-0.015,0.01,0.005));
#10926=CARTESIAN_POINT('',(0.03,0.01,-0.01));
#10927=CARTESIAN_POINT('',(0.04,0.01,-0.01));
#10928=CARTESIAN_POINT('',(0.04,0.01,-0.01));
#10929=CARTESIAN_POINT('',(0.04,0.0005,-0.01));
#10930=CARTESIAN_POINT('',(-0.04,0.0005,-0.01));
#10931=CARTESIAN_POINT('',(-0.04,0.0005,-0.01));
#10932=CARTESIAN_POINT('',(-0.04,0.01,-0.01));
#10933=CARTESIAN_POINT('',(-0.04,0.01,-0.01));
#10934=CARTESIAN_POINT('',(0.03,0.01,-0.01));
#10935=CARTESIAN_POINT('',(0.04,0.01,5.20417042793042E-18));
#10936=CARTESIAN_POINT('',(0.04,0.01,0.01));
#10937=CARTESIAN_POINT('',(0.04,0.01,0.01));
#10938=CARTESIAN_POINT('',(0.04,0.0005,0.01));
#10939=CARTESIAN_POINT('',(0.04,0.0005,5.20417042793042E-18));
#10940=CARTESIAN_POINT('',(0.04,0.01,5.20417042793042E-18));
#10941=CARTESIAN_POINT('',(0.03,0.01,0.01));
#10942=CARTESIAN_POINT('',(-0.04,0.01,0.01));
#10943=CARTESIAN_POINT('',(-0.04,0.01,0.01));
#10944=CARTESIAN_POINT('',(-0.04,0.0005,0.01));
#10945=CARTESIAN_POINT('',(0.03,0.0005,0.01));
#10946=CARTESIAN_POINT('',(0.03,0.01,0.01));
#10947=CARTESIAN_POINT('',(0.035,0.01,0.));
#10948=CARTESIAN_POINT('',(0.035,0.,0.));
#10949=CARTESIAN_POINT('',(0.035,0.,-0.005));
#10950=CARTESIAN_POINT('',(0.035,0.,0.005));
#10951=CARTESIAN_POINT('',(0.035,0.01,0.005));
#10952=CARTESIAN_POINT('',(0.035,0.01,0.005));
#10953=CARTESIAN_POINT('',(0.035,0.01,0.));
#10954=CARTESIAN_POINT('',(0.035,0.01,-0.005));
#10955=CARTESIAN_POINT('',(0.035,0.01,-0.005));
#10956=CARTESIAN_POINT('',(0.03,0.01,-0.005));
#10957=CARTESIAN_POINT('',(0.03,0.,-0.005));
#10958=CARTESIAN_POINT('',(0.025,0.,-0.005));
#10959=CARTESIAN_POINT('',(0.03,0.01,-0.005));
#10960=CARTESIAN_POINT('',(0.025,0.01,-0.005));
#10961=CARTESIAN_POINT('',(0.025,0.01,-0.005));
#10962=CARTESIAN_POINT('',(0.025,0.01,8.67361737988404E-19));
#10963=CARTESIAN_POINT('',(0.025,0.,8.67361737988404E-19));
#10964=CARTESIAN_POINT('',(0.025,0.,0.005));
#10965=CARTESIAN_POINT('',(0.025,0.01,8.67361737988404E-19));
#10966=CARTESIAN_POINT('',(0.025,0.01,0.005));
#10967=CARTESIAN_POINT('',(0.025,0.01,0.005));
#10968=CARTESIAN_POINT('',(-0.03,0.01,0.005));
#10969=CARTESIAN_POINT('',(-0.03,0.,0.005));
#10970=CARTESIAN_POINT('',(-0.03,0.01,0.005));
#10971=CARTESIAN_POINT('',(-0.01,0.01,0.005));
#10972=CARTESIAN_POINT('',(-0.01,0.,0.005));
#10973=CARTESIAN_POINT('',(-0.01,0.01,0.005));
#10974=CARTESIAN_POINT('',(-0.04,0.01,-5.20417042793042E-18));
#10975=CARTESIAN_POINT('',(-0.04,0.0005,0.01));
#10976=CARTESIAN_POINT('',(-0.04,0.01,-5.20417042793042E-18));
#10977=CARTESIAN_POINT('',(0.03,0.01,0.005));
#10978=CARTESIAN_POINT('',(0.03,0.,0.005));
#10979=CARTESIAN_POINT('',(0.03,0.01,0.005));
#10980=CARTESIAN_POINT('',(0.01,0.01,0.005));
#10981=CARTESIAN_POINT('',(0.01,0.,0.005));
#10982=CARTESIAN_POINT('',(0.01,0.01,0.005));
#10983=CARTESIAN_POINT('',(0.,0.01,0.));
#10984=CARTESIAN_POINT('',(0.,0.,0.));
#10985=CARTESIAN_POINT('',(-0.0134,0.,0.0089));
#10986=CARTESIAN_POINT('',(-0.0134,0.,0.00855));
#10987=CARTESIAN_POINT('',(-0.01255,0.,0.0089));
#10988=CARTESIAN_POINT('',(-0.01255,0.,0.00855));
#10989=CARTESIAN_POINT('',(-0.01425,0.,0.00805));
#10990=CARTESIAN_POINT('',(-0.01425,0.,0.0077));
#10991=CARTESIAN_POINT('',(-0.01425,0.,0.0072));
#10992=CARTESIAN_POINT('',(-0.01425,0.,0.00685));
#10993=CARTESIAN_POINT('',(-0.01425,0.,0.00635));
#10994=CARTESIAN_POINT('',(-0.01425,0.,0.006));
#10995=CARTESIAN_POINT('',(-0.01425,0.,0.0055));
#10996=CARTESIAN_POINT('',(-0.01425,0.,0.00515));
#10997=CARTESIAN_POINT('',(-0.0134,0.,0.0055));
#10998=CARTESIAN_POINT('',(-0.0134,0.,0.00515));
#10999=CARTESIAN_POINT('',(-0.01255,0.,0.0055));
#11000=CARTESIAN_POINT('',(-0.01255,0.,0.00515));
#11001=CARTESIAN_POINT('',(-0.01085,0.,0.0089));
#11002=CARTESIAN_POINT('',(-0.01085,0.,0.00855));
#11003=CARTESIAN_POINT('',(-0.01,0.,0.0089));
#11004=CARTESIAN_POINT('',(-0.01,0.,0.00855));
#11005=CARTESIAN_POINT('',(-0.00915,0.,0.0089));
#11006=CARTESIAN_POINT('',(-0.00915,0.,0.00855));
#11007=CARTESIAN_POINT('',(-0.00915,0.,0.00805));
#11008=CARTESIAN_POINT('',(-0.00915,0.,0.0077));
#11009=CARTESIAN_POINT('',(-0.01085,0.,0.0072));
#11010=CARTESIAN_POINT('',(-0.01085,0.,0.00685));
#11011=CARTESIAN_POINT('',(-0.01,0.,0.0072));
#11012=CARTESIAN_POINT('',(-0.01,0.,0.00685));
#11013=CARTESIAN_POINT('',(-0.00915,0.,0.0072));
#11014=CARTESIAN_POINT('',(-0.00915,0.,0.00685));
#11015=CARTESIAN_POINT('',(-0.00915,0.,0.00635));
#11016=CARTESIAN_POINT('',(-0.00915,0.,0.006));
#11017=CARTESIAN_POINT('',(-0.00745,0.,0.0072));
#11018=CARTESIAN_POINT('',(-0.00745,0.,0.00685));
#11019=CARTESIAN_POINT('',(-0.00575,0.,0.0072));
#11020=CARTESIAN_POINT('',(-0.00575,0.,0.00685));
#11021=CARTESIAN_POINT('',(-0.00745,0.,0.00635));
#11022=CARTESIAN_POINT('',(-0.00745,0.,0.006));
#11023=CARTESIAN_POINT('',(-0.00575,0.,0.00635));
#11024=CARTESIAN_POINT('',(-0.00575,0.,0.006));
#11025=CARTESIAN_POINT('',(-0.00745,0.,0.0055));
#11026=CARTESIAN_POINT('',(-0.00745,0.,0.00515));
#11027=CARTESIAN_POINT('',(-0.0066,0.,0.0055));
#11028=CARTESIAN_POINT('',(-0.0066,0.,0.00515));
#11029=CARTESIAN_POINT('',(-0.00575,0.,0.0055));
#11030=CARTESIAN_POINT('',(-0.00575,0.,0.00515));
#11031=CARTESIAN_POINT('',(0.00575,0.,0.0089));
#11032=CARTESIAN_POINT('',(0.00575,0.,0.00855));
#11033=CARTESIAN_POINT('',(-0.01085,0.,0.0055));
#11034=CARTESIAN_POINT('',(-0.01085,0.,0.00515));
#11035=CARTESIAN_POINT('',(-0.01,0.,0.0055));
#11036=CARTESIAN_POINT('',(-0.01,0.,0.00515));
#11037=CARTESIAN_POINT('',(-0.00915,0.,0.0055));
#11038=CARTESIAN_POINT('',(-0.00915,0.,0.00515));
#11039=CARTESIAN_POINT('',(-0.00745,0.,0.0089));
#11040=CARTESIAN_POINT('',(-0.00745,0.,0.00855));
#11041=CARTESIAN_POINT('',(-0.0066,0.,0.0089));
#11042=CARTESIAN_POINT('',(-0.0066,0.,0.00855));
#11043=CARTESIAN_POINT('',(-0.00575,0.,0.0089));
#11044=CARTESIAN_POINT('',(-0.00575,0.,0.00855));
#11045=CARTESIAN_POINT('',(-0.00745,0.,0.00805));
#11046=CARTESIAN_POINT('',(-0.00745,0.,0.0077));
#11047=CARTESIAN_POINT('',(-0.00575,0.,0.00805));
#11048=CARTESIAN_POINT('',(-0.00575,0.,0.0077));
#11049=CARTESIAN_POINT('',(-0.0334,0.,0.0089));
#11050=CARTESIAN_POINT('',(-0.0334,0.,0.00855));
#11051=CARTESIAN_POINT('',(-0.03255,0.,0.0089));
#11052=CARTESIAN_POINT('',(-0.03255,0.,0.00855));
#11053=CARTESIAN_POINT('',(-0.03425,0.,0.00805));
#11054=CARTESIAN_POINT('',(-0.03425,0.,0.0077));
#11055=CARTESIAN_POINT('',(-0.03425,0.,0.0072));
#11056=CARTESIAN_POINT('',(-0.03425,0.,0.00685));
#11057=CARTESIAN_POINT('',(-0.03425,0.,0.00635));
#11058=CARTESIAN_POINT('',(-0.03425,0.,0.006));
#11059=CARTESIAN_POINT('',(-0.03425,0.,0.0055));
#11060=CARTESIAN_POINT('',(-0.03425,0.,0.00515));
#11061=CARTESIAN_POINT('',(-0.0334,0.,0.0055));
#11062=CARTESIAN_POINT('',(-0.0334,0.,0.00515));
#11063=CARTESIAN_POINT('',(-0.03255,0.,0.0055));
#11064=CARTESIAN_POINT('',(-0.03255,0.,0.00515));
#11065=CARTESIAN_POINT('',(-0.03085,0.,0.0089));
#11066=CARTESIAN_POINT('',(-0.03085,0.,0.00855));
#11067=CARTESIAN_POINT('',(-0.03,0.,0.0089));
#11068=CARTESIAN_POINT('',(-0.03,0.,0.00855));
#11069=CARTESIAN_POINT('',(-0.02915,0.,0.0089));
#11070=CARTESIAN_POINT('',(-0.02915,0.,0.00855));
#11071=CARTESIAN_POINT('',(-0.02915,0.,0.00805));
#11072=CARTESIAN_POINT('',(-0.02915,0.,0.0077));
#11073=CARTESIAN_POINT('',(-0.03085,0.,0.00635));
#11074=CARTESIAN_POINT('',(-0.03085,0.,0.006));
#11075=CARTESIAN_POINT('',(-0.02915,0.,0.0072));
#11076=CARTESIAN_POINT('',(-0.02915,0.,0.00685));
#11077=CARTESIAN_POINT('',(-0.03,0.,0.0072));
#11078=CARTESIAN_POINT('',(-0.03,0.,0.00685));
#11079=CARTESIAN_POINT('',(-0.03085,0.,0.0072));
#11080=CARTESIAN_POINT('',(-0.03085,0.,0.00685));
#11081=CARTESIAN_POINT('',(-0.02745,0.,0.0072));
#11082=CARTESIAN_POINT('',(-0.02745,0.,0.00685));
#11083=CARTESIAN_POINT('',(-0.02575,0.,0.0072));
#11084=CARTESIAN_POINT('',(-0.02575,0.,0.00685));
#11085=CARTESIAN_POINT('',(-0.02745,0.,0.00635));
#11086=CARTESIAN_POINT('',(-0.02745,0.,0.006));
#11087=CARTESIAN_POINT('',(-0.02575,0.,0.00635));
#11088=CARTESIAN_POINT('',(-0.02575,0.,0.006));
#11089=CARTESIAN_POINT('',(-0.02745,0.,0.0055));
#11090=CARTESIAN_POINT('',(-0.02745,0.,0.00515));
#11091=CARTESIAN_POINT('',(-0.0266,0.,0.0055));
#11092=CARTESIAN_POINT('',(-0.0266,0.,0.00515));
#11093=CARTESIAN_POINT('',(-0.02575,0.,0.0055));
#11094=CARTESIAN_POINT('',(-0.02575,0.,0.00515));
#11095=CARTESIAN_POINT('',(-0.01425,0.,0.0089));
#11096=CARTESIAN_POINT('',(-0.01425,0.,0.00855));
#11097=CARTESIAN_POINT('',(-0.03085,0.,0.0055));
#11098=CARTESIAN_POINT('',(-0.03085,0.,0.00515));
#11099=CARTESIAN_POINT('',(-0.03,0.,0.0055));
#11100=CARTESIAN_POINT('',(-0.03,0.,0.00515));
#11101=CARTESIAN_POINT('',(-0.02915,0.,0.0055));
#11102=CARTESIAN_POINT('',(-0.02915,0.,0.00515));
#11103=CARTESIAN_POINT('',(-0.02745,0.,0.0089));
#11104=CARTESIAN_POINT('',(-0.02745,0.,0.00855));
#11105=CARTESIAN_POINT('',(-0.0266,0.,0.0089));
#11106=CARTESIAN_POINT('',(-0.0266,0.,0.00855));
#11107=CARTESIAN_POINT('',(-0.02575,0.,0.0089));
#11108=CARTESIAN_POINT('',(-0.02575,0.,0.00855));
#11109=CARTESIAN_POINT('',(-0.02745,0.,0.00805));
#11110=CARTESIAN_POINT('',(-0.02745,0.,0.0077));
#11111=CARTESIAN_POINT('',(-0.02575,0.,0.00805));
#11112=CARTESIAN_POINT('',(-0.02575,0.,0.0077));
#11113=CARTESIAN_POINT('',(0.03085,0.,0.0089));
#11114=CARTESIAN_POINT('',(0.03085,0.,0.00855));
#11115=CARTESIAN_POINT('',(0.02915,0.,0.00805));
#11116=CARTESIAN_POINT('',(0.02915,0.,0.0077));
#11117=CARTESIAN_POINT('',(0.02915,0.,0.0072));
#11118=CARTESIAN_POINT('',(0.02915,0.,0.00685));
#11119=CARTESIAN_POINT('',(0.03,0.,0.0072));
#11120=CARTESIAN_POINT('',(0.03,0.,0.00685));
#11121=CARTESIAN_POINT('',(0.03085,0.,0.0072));
#11122=CARTESIAN_POINT('',(0.03085,0.,0.00685));
#11123=CARTESIAN_POINT('',(0.03085,0.,0.00635));
#11124=CARTESIAN_POINT('',(0.03085,0.,0.006));
#11125=CARTESIAN_POINT('',(0.02915,0.,0.0055));
#11126=CARTESIAN_POINT('',(0.02915,0.,0.00515));
#11127=CARTESIAN_POINT('',(0.03,0.,0.0055));
#11128=CARTESIAN_POINT('',(0.03,0.,0.00515));
#11129=CARTESIAN_POINT('',(0.03,0.,0.0089));
#11130=CARTESIAN_POINT('',(0.03,0.,0.00855));
#11131=CARTESIAN_POINT('',(0.02915,0.,0.0089));
#11132=CARTESIAN_POINT('',(0.02915,0.,0.00855));
#11133=CARTESIAN_POINT('',(0.02745,0.,0.0055));
#11134=CARTESIAN_POINT('',(0.02745,0.,0.00515));
#11135=CARTESIAN_POINT('',(0.0266,0.,0.0055));
#11136=CARTESIAN_POINT('',(0.0266,0.,0.00515));
#11137=CARTESIAN_POINT('',(0.02575,0.,0.0055));
#11138=CARTESIAN_POINT('',(0.02575,0.,0.00515));
#11139=CARTESIAN_POINT('',(0.02575,0.,0.00635));
#11140=CARTESIAN_POINT('',(0.02575,0.,0.006));
#11141=CARTESIAN_POINT('',(0.02575,0.,0.0072));
#11142=CARTESIAN_POINT('',(0.02575,0.,0.00685));
#11143=CARTESIAN_POINT('',(0.02575,0.,0.00805));
#11144=CARTESIAN_POINT('',(0.02575,0.,0.0077));
#11145=CARTESIAN_POINT('',(0.03255,0.,0.00635));
#11146=CARTESIAN_POINT('',(0.03255,0.,0.006));
#11147=CARTESIAN_POINT('',(0.03425,0.,0.00635));
#11148=CARTESIAN_POINT('',(0.03425,0.,0.006));
#11149=CARTESIAN_POINT('',(0.03255,0.,0.0055));
#11150=CARTESIAN_POINT('',(0.03255,0.,0.00515));
#11151=CARTESIAN_POINT('',(0.0334,0.,0.0055));
#11152=CARTESIAN_POINT('',(0.0334,0.,0.00515));
#11153=CARTESIAN_POINT('',(0.03425,0.,0.0055));
#11154=CARTESIAN_POINT('',(0.03425,0.,0.00515));
#11155=CARTESIAN_POINT('',(0.03085,0.,0.0055));
#11156=CARTESIAN_POINT('',(0.03085,0.,0.00515));
#11157=CARTESIAN_POINT('',(0.03255,0.,0.0089));
#11158=CARTESIAN_POINT('',(0.03255,0.,0.00855));
#11159=CARTESIAN_POINT('',(0.0334,0.,0.0089));
#11160=CARTESIAN_POINT('',(0.0334,0.,0.00855));
#11161=CARTESIAN_POINT('',(0.03425,0.,0.0089));
#11162=CARTESIAN_POINT('',(0.03425,0.,0.00855));
#11163=CARTESIAN_POINT('',(0.03255,0.,0.00805));
#11164=CARTESIAN_POINT('',(0.03255,0.,0.0077));
#11165=CARTESIAN_POINT('',(0.03425,0.,0.00805));
#11166=CARTESIAN_POINT('',(0.03425,0.,0.0077));
#11167=CARTESIAN_POINT('',(0.03255,0.,0.0072));
#11168=CARTESIAN_POINT('',(0.03255,0.,0.00685));
#11169=CARTESIAN_POINT('',(0.03425,0.,0.0072));
#11170=CARTESIAN_POINT('',(0.03425,0.,0.00685));
#11171=CARTESIAN_POINT('',(0.0066,0.,0.0089));
#11172=CARTESIAN_POINT('',(0.0066,0.,0.00855));
#11173=CARTESIAN_POINT('',(0.00745,0.,0.0089));
#11174=CARTESIAN_POINT('',(0.00745,0.,0.00855));
#11175=CARTESIAN_POINT('',(0.00575,0.,0.00805));
#11176=CARTESIAN_POINT('',(0.00575,0.,0.0077));
#11177=CARTESIAN_POINT('',(0.00575,0.,0.0072));
#11178=CARTESIAN_POINT('',(0.00575,0.,0.00685));
#11179=CARTESIAN_POINT('',(0.00575,0.,0.00635));
#11180=CARTESIAN_POINT('',(0.00575,0.,0.006));
#11181=CARTESIAN_POINT('',(0.00575,0.,0.0055));
#11182=CARTESIAN_POINT('',(0.00575,0.,0.00515));
#11183=CARTESIAN_POINT('',(0.0066,0.,0.0055));
#11184=CARTESIAN_POINT('',(0.0066,0.,0.00515));
#11185=CARTESIAN_POINT('',(0.00745,0.,0.0055));
#11186=CARTESIAN_POINT('',(0.00745,0.,0.00515));
#11187=CARTESIAN_POINT('',(0.00915,0.,0.0089));
#11188=CARTESIAN_POINT('',(0.00915,0.,0.00855));
#11189=CARTESIAN_POINT('',(0.01085,0.,0.0089));
#11190=CARTESIAN_POINT('',(0.01085,0.,0.00855));
#11191=CARTESIAN_POINT('',(0.00915,0.,0.00805));
#11192=CARTESIAN_POINT('',(0.00915,0.,0.0077));
#11193=CARTESIAN_POINT('',(0.01085,0.,0.00805));
#11194=CARTESIAN_POINT('',(0.01085,0.,0.0077));
#11195=CARTESIAN_POINT('',(0.00915,0.,0.0072));
#11196=CARTESIAN_POINT('',(0.00915,0.,0.00685));
#11197=CARTESIAN_POINT('',(0.01,0.,0.0072));
#11198=CARTESIAN_POINT('',(0.01,0.,0.00685));
#11199=CARTESIAN_POINT('',(0.01085,0.,0.0072));
#11200=CARTESIAN_POINT('',(0.01085,0.,0.00685));
#11201=CARTESIAN_POINT('',(0.01085,0.,0.00635));
#11202=CARTESIAN_POINT('',(0.01085,0.,0.006));
#11203=CARTESIAN_POINT('',(0.01255,0.,0.00635));
#11204=CARTESIAN_POINT('',(0.01255,0.,0.006));
#11205=CARTESIAN_POINT('',(0.01425,0.,0.00635));
#11206=CARTESIAN_POINT('',(0.01425,0.,0.006));
#11207=CARTESIAN_POINT('',(0.01255,0.,0.0055));
#11208=CARTESIAN_POINT('',(0.01255,0.,0.00515));
#11209=CARTESIAN_POINT('',(0.0134,0.,0.0055));
#11210=CARTESIAN_POINT('',(0.0134,0.,0.00515));
#11211=CARTESIAN_POINT('',(0.01425,0.,0.0055));
#11212=CARTESIAN_POINT('',(0.01425,0.,0.00515));
#11213=CARTESIAN_POINT('',(0.02575,0.,0.0089));
#11214=CARTESIAN_POINT('',(0.02575,0.,0.00855));
#11215=CARTESIAN_POINT('',(0.0266,0.,0.0089));
#11216=CARTESIAN_POINT('',(0.0266,0.,0.00855));
#11217=CARTESIAN_POINT('',(0.02745,0.,0.0089));
#11218=CARTESIAN_POINT('',(0.02745,0.,0.00855));
#11219=CARTESIAN_POINT('',(0.01085,0.,0.0055));
#11220=CARTESIAN_POINT('',(0.01085,0.,0.00515));
#11221=CARTESIAN_POINT('',(0.01255,0.,0.0089));
#11222=CARTESIAN_POINT('',(0.01255,0.,0.00855));
#11223=CARTESIAN_POINT('',(0.0134,0.,0.0089));
#11224=CARTESIAN_POINT('',(0.0134,0.,0.00855));
#11225=CARTESIAN_POINT('',(0.01425,0.,0.0089));
#11226=CARTESIAN_POINT('',(0.01425,0.,0.00855));
#11227=CARTESIAN_POINT('',(0.01255,0.,0.00805));
#11228=CARTESIAN_POINT('',(0.01255,0.,0.0077));
#11229=CARTESIAN_POINT('',(0.01425,0.,0.00805));
#11230=CARTESIAN_POINT('',(0.01425,0.,0.0077));
#11231=CARTESIAN_POINT('',(0.01255,0.,0.0072));
#11232=CARTESIAN_POINT('',(0.01255,0.,0.00685));
#11233=CARTESIAN_POINT('',(0.01425,0.,0.0072));
#11234=CARTESIAN_POINT('',(0.01425,0.,0.00685));
#11235=CARTESIAN_POINT('',(-0.03425,0.,0.0089));
#11236=CARTESIAN_POINT('',(-0.03425,0.,0.00855));
#11237=CARTESIAN_POINT('',(-1.64798730217796E-18,0.,0.0095));
#11238=CARTESIAN_POINT('',(0.0395,0.,0.0095));
#11239=CARTESIAN_POINT('',(-0.0395,0.,0.0095));
#11240=CARTESIAN_POINT('',(-0.0395,0.,-0.01));
#11241=CARTESIAN_POINT('',(-0.0395,0.,-0.0095));
#11242=CARTESIAN_POINT('',(0.04,0.,-0.0095));
#11243=CARTESIAN_POINT('',(0.0395,0.,-0.0095));
#11244=CARTESIAN_POINT('',(0.0395,0.,0.));
#11245=CARTESIAN_POINT('',(0.0395,0.,0.));
#11246=CARTESIAN_POINT('',(0.0263333333333334,-0.0131666666666667,-0.00366666666666666));
#11247=CARTESIAN_POINT('',(0.0363333333333333,-0.00316666666666666,-0.00633333333333333));
#11248=CARTESIAN_POINT('',(0.03,0.0005,-0.01));
#11249=CARTESIAN_POINT('',(-0.0166666666666667,-0.0228333333333333,0.0133333333333333));
#11250=CARTESIAN_POINT('',(-1.64798730217796E-18,0.,0.0095));
#11251=CARTESIAN_POINT('',(-0.0263333333333334,-0.0131666666666667,-0.00366666666666667));
#11252=CARTESIAN_POINT('',(-0.04,0.0005,-5.20417042793042E-18));
#11253=CARTESIAN_POINT('',(-0.03425,0.0004,0.0089));
#11254=CARTESIAN_POINT('',(-0.03425,0.0004,0.0089));
#11255=CARTESIAN_POINT('',(-0.03425,0.0004,0.00855));
#11256=CARTESIAN_POINT('',(0.,0.0004,0.0072));
#11257=CARTESIAN_POINT('',(0.01425,0.0004,0.0072));
#11258=CARTESIAN_POINT('',(0.01425,0.0004,0.0072));
#11259=CARTESIAN_POINT('',(0.01425,0.0004,0.00685));
#11260=CARTESIAN_POINT('',(0.,0.0004,0.0072));
#11261=CARTESIAN_POINT('',(0.01255,0.0004,0.0072));
#11262=CARTESIAN_POINT('',(0.01255,0.0004,0.0072));
#11263=CARTESIAN_POINT('',(0.01255,0.0004,0.00685));
#11264=CARTESIAN_POINT('',(0.,0.0004,0.0072));
#11265=CARTESIAN_POINT('',(0.01425,0.0004,0.00805));
#11266=CARTESIAN_POINT('',(0.01425,0.0004,0.00805));
#11267=CARTESIAN_POINT('',(0.01425,0.0004,0.0077));
#11268=CARTESIAN_POINT('',(0.,0.0004,0.0072));
#11269=CARTESIAN_POINT('',(0.01255,0.0004,0.00805));
#11270=CARTESIAN_POINT('',(0.01255,0.0004,0.00805));
#11271=CARTESIAN_POINT('',(0.01255,0.0004,0.0077));
#11272=CARTESIAN_POINT('',(0.,0.0004,0.0072));
#11273=CARTESIAN_POINT('',(0.01425,0.0004,0.0089));
#11274=CARTESIAN_POINT('',(0.01425,0.0004,0.0089));
#11275=CARTESIAN_POINT('',(0.01425,0.0004,0.00855));
#11276=CARTESIAN_POINT('',(0.,0.0004,0.0072));
#11277=CARTESIAN_POINT('',(0.0134,0.0004,0.0089));
#11278=CARTESIAN_POINT('',(0.0134,0.0004,0.0089));
#11279=CARTESIAN_POINT('',(0.0134,0.0004,0.00855));
#11280=CARTESIAN_POINT('',(0.,0.0004,0.0072));
#11281=CARTESIAN_POINT('',(0.01255,0.0004,0.0089));
#11282=CARTESIAN_POINT('',(0.01255,0.0004,0.0089));
#11283=CARTESIAN_POINT('',(0.01255,0.0004,0.00855));
#11284=CARTESIAN_POINT('',(0.,0.0004,0.0072));
#11285=CARTESIAN_POINT('',(0.01085,0.0004,0.0055));
#11286=CARTESIAN_POINT('',(0.01085,0.0004,0.0055));
#11287=CARTESIAN_POINT('',(0.01085,0.0004,0.00515));
#11288=CARTESIAN_POINT('',(0.,0.0004,0.0072));
#11289=CARTESIAN_POINT('',(0.02745,0.0004,0.0089));
#11290=CARTESIAN_POINT('',(0.02745,0.0004,0.0089));
#11291=CARTESIAN_POINT('',(0.02745,0.0004,0.00855));
#11292=CARTESIAN_POINT('',(0.,0.0004,0.0072));
#11293=CARTESIAN_POINT('',(0.0266,0.0004,0.0089));
#11294=CARTESIAN_POINT('',(0.0266,0.0004,0.0089));
#11295=CARTESIAN_POINT('',(0.0266,0.0004,0.00855));
#11296=CARTESIAN_POINT('',(0.,0.0004,0.0072));
#11297=CARTESIAN_POINT('',(0.02575,0.0004,0.0089));
#11298=CARTESIAN_POINT('',(0.02575,0.0004,0.0089));
#11299=CARTESIAN_POINT('',(0.02575,0.0004,0.00855));
#11300=CARTESIAN_POINT('',(0.,0.0004,0.0072));
#11301=CARTESIAN_POINT('',(0.01425,0.0004,0.0055));
#11302=CARTESIAN_POINT('',(0.01425,0.0004,0.0055));
#11303=CARTESIAN_POINT('',(0.01425,0.0004,0.00515));
#11304=CARTESIAN_POINT('',(0.,0.0004,0.0072));
#11305=CARTESIAN_POINT('',(0.0134,0.0004,0.0055));
#11306=CARTESIAN_POINT('',(0.0134,0.0004,0.0055));
#11307=CARTESIAN_POINT('',(0.0134,0.0004,0.00515));
#11308=CARTESIAN_POINT('',(0.,0.0004,0.0072));
#11309=CARTESIAN_POINT('',(0.01255,0.0004,0.0055));
#11310=CARTESIAN_POINT('',(0.01255,0.0004,0.0055));
#11311=CARTESIAN_POINT('',(0.01255,0.0004,0.00515));
#11312=CARTESIAN_POINT('',(0.,0.0004,0.0072));
#11313=CARTESIAN_POINT('',(0.01425,0.0004,0.00635));
#11314=CARTESIAN_POINT('',(0.01425,0.0004,0.00635));
#11315=CARTESIAN_POINT('',(0.01425,0.0004,0.006));
#11316=CARTESIAN_POINT('',(0.,0.0004,0.0072));
#11317=CARTESIAN_POINT('',(0.01255,0.0004,0.00635));
#11318=CARTESIAN_POINT('',(0.01255,0.0004,0.00635));
#11319=CARTESIAN_POINT('',(0.01255,0.0004,0.006));
#11320=CARTESIAN_POINT('',(0.,0.0004,0.0072));
#11321=CARTESIAN_POINT('',(0.01085,0.0004,0.00635));
#11322=CARTESIAN_POINT('',(0.01085,0.0004,0.00635));
#11323=CARTESIAN_POINT('',(0.01085,0.0004,0.006));
#11324=CARTESIAN_POINT('',(0.,0.0004,0.0072));
#11325=CARTESIAN_POINT('',(0.01085,0.0004,0.0072));
#11326=CARTESIAN_POINT('',(0.01085,0.0004,0.0072));
#11327=CARTESIAN_POINT('',(0.01085,0.0004,0.00685));
#11328=CARTESIAN_POINT('',(0.,0.0004,0.0072));
#11329=CARTESIAN_POINT('',(0.01,0.0004,0.0072));
#11330=CARTESIAN_POINT('',(0.01,0.0004,0.0072));
#11331=CARTESIAN_POINT('',(0.01,0.0004,0.00685));
#11332=CARTESIAN_POINT('',(0.,0.0004,0.0072));
#11333=CARTESIAN_POINT('',(0.00915,0.0004,0.0072));
#11334=CARTESIAN_POINT('',(0.00915,0.0004,0.0072));
#11335=CARTESIAN_POINT('',(0.00915,0.0004,0.00685));
#11336=CARTESIAN_POINT('',(0.,0.0004,0.0072));
#11337=CARTESIAN_POINT('',(0.01085,0.0004,0.00805));
#11338=CARTESIAN_POINT('',(0.01085,0.0004,0.00805));
#11339=CARTESIAN_POINT('',(0.01085,0.0004,0.0077));
#11340=CARTESIAN_POINT('',(0.,0.0004,0.0072));
#11341=CARTESIAN_POINT('',(0.00915,0.0004,0.00805));
#11342=CARTESIAN_POINT('',(0.00915,0.0004,0.00805));
#11343=CARTESIAN_POINT('',(0.00915,0.0004,0.0077));
#11344=CARTESIAN_POINT('',(0.,0.0004,0.0072));
#11345=CARTESIAN_POINT('',(0.01085,0.0004,0.0089));
#11346=CARTESIAN_POINT('',(0.01085,0.0004,0.0089));
#11347=CARTESIAN_POINT('',(0.01085,0.0004,0.00855));
#11348=CARTESIAN_POINT('',(0.,0.0004,0.0072));
#11349=CARTESIAN_POINT('',(0.00915,0.0004,0.0089));
#11350=CARTESIAN_POINT('',(0.00915,0.0004,0.0089));
#11351=CARTESIAN_POINT('',(0.00915,0.0004,0.00855));
#11352=CARTESIAN_POINT('',(0.,0.0004,0.0072));
#11353=CARTESIAN_POINT('',(0.00745,0.0004,0.0055));
#11354=CARTESIAN_POINT('',(0.00745,0.0004,0.0055));
#11355=CARTESIAN_POINT('',(0.00745,0.0004,0.00515));
#11356=CARTESIAN_POINT('',(0.,0.0004,0.0072));
#11357=CARTESIAN_POINT('',(0.0066,0.0004,0.0055));
#11358=CARTESIAN_POINT('',(0.0066,0.0004,0.0055));
#11359=CARTESIAN_POINT('',(0.0066,0.0004,0.00515));
#11360=CARTESIAN_POINT('',(0.,0.0004,0.0072));
#11361=CARTESIAN_POINT('',(0.00575,0.0004,0.0055));
#11362=CARTESIAN_POINT('',(0.00575,0.0004,0.0055));
#11363=CARTESIAN_POINT('',(0.00575,0.0004,0.00515));
#11364=CARTESIAN_POINT('',(0.,0.0004,0.0072));
#11365=CARTESIAN_POINT('',(0.00575,0.0004,0.00635));
#11366=CARTESIAN_POINT('',(0.00575,0.0004,0.00635));
#11367=CARTESIAN_POINT('',(0.00575,0.0004,0.006));
#11368=CARTESIAN_POINT('',(0.,0.0004,0.0072));
#11369=CARTESIAN_POINT('',(0.00575,0.0004,0.0072));
#11370=CARTESIAN_POINT('',(0.00575,0.0004,0.0072));
#11371=CARTESIAN_POINT('',(0.00575,0.0004,0.00685));
#11372=CARTESIAN_POINT('',(0.,0.0004,0.0072));
#11373=CARTESIAN_POINT('',(0.00575,0.0004,0.00805));
#11374=CARTESIAN_POINT('',(0.00575,0.0004,0.00805));
#11375=CARTESIAN_POINT('',(0.00575,0.0004,0.0077));
#11376=CARTESIAN_POINT('',(0.,0.0004,0.0072));
#11377=CARTESIAN_POINT('',(0.00745,0.0004,0.0089));
#11378=CARTESIAN_POINT('',(0.00745,0.0004,0.0089));
#11379=CARTESIAN_POINT('',(0.00745,0.0004,0.00855));
#11380=CARTESIAN_POINT('',(0.,0.0004,0.0072));
#11381=CARTESIAN_POINT('',(0.0066,0.0004,0.0089));
#11382=CARTESIAN_POINT('',(0.0066,0.0004,0.0089));
#11383=CARTESIAN_POINT('',(0.0066,0.0004,0.00855));
#11384=CARTESIAN_POINT('',(0.,0.0004,0.0072));
#11385=CARTESIAN_POINT('',(0.03425,0.0004,0.0072));
#11386=CARTESIAN_POINT('',(0.03425,0.0004,0.0072));
#11387=CARTESIAN_POINT('',(0.03425,0.0004,0.00685));
#11388=CARTESIAN_POINT('',(0.,0.0004,0.0072));
#11389=CARTESIAN_POINT('',(0.03255,0.0004,0.0072));
#11390=CARTESIAN_POINT('',(0.03255,0.0004,0.0072));
#11391=CARTESIAN_POINT('',(0.03255,0.0004,0.00685));
#11392=CARTESIAN_POINT('',(0.,0.0004,0.0072));
#11393=CARTESIAN_POINT('',(0.03425,0.0004,0.00805));
#11394=CARTESIAN_POINT('',(0.03425,0.0004,0.00805));
#11395=CARTESIAN_POINT('',(0.03425,0.0004,0.0077));
#11396=CARTESIAN_POINT('',(0.,0.0004,0.0072));
#11397=CARTESIAN_POINT('',(0.03255,0.0004,0.00805));
#11398=CARTESIAN_POINT('',(0.03255,0.0004,0.00805));
#11399=CARTESIAN_POINT('',(0.03255,0.0004,0.0077));
#11400=CARTESIAN_POINT('',(0.,0.0004,0.0072));
#11401=CARTESIAN_POINT('',(0.03425,0.0004,0.0089));
#11402=CARTESIAN_POINT('',(0.03425,0.0004,0.0089));
#11403=CARTESIAN_POINT('',(0.03425,0.0004,0.00855));
#11404=CARTESIAN_POINT('',(0.,0.0004,0.0072));
#11405=CARTESIAN_POINT('',(0.0334,0.0004,0.0089));
#11406=CARTESIAN_POINT('',(0.0334,0.0004,0.0089));
#11407=CARTESIAN_POINT('',(0.0334,0.0004,0.00855));
#11408=CARTESIAN_POINT('',(0.,0.0004,0.0072));
#11409=CARTESIAN_POINT('',(0.03255,0.0004,0.0089));
#11410=CARTESIAN_POINT('',(0.03255,0.0004,0.0089));
#11411=CARTESIAN_POINT('',(0.03255,0.0004,0.00855));
#11412=CARTESIAN_POINT('',(0.,0.0004,0.0072));
#11413=CARTESIAN_POINT('',(0.03085,0.0004,0.0055));
#11414=CARTESIAN_POINT('',(0.03085,0.0004,0.0055));
#11415=CARTESIAN_POINT('',(0.03085,0.0004,0.00515));
#11416=CARTESIAN_POINT('',(0.,0.0004,0.0072));
#11417=CARTESIAN_POINT('',(0.03425,0.0004,0.0055));
#11418=CARTESIAN_POINT('',(0.03425,0.0004,0.0055));
#11419=CARTESIAN_POINT('',(0.03425,0.0004,0.00515));
#11420=CARTESIAN_POINT('',(0.,0.0004,0.0072));
#11421=CARTESIAN_POINT('',(0.0334,0.0004,0.0055));
#11422=CARTESIAN_POINT('',(0.0334,0.0004,0.0055));
#11423=CARTESIAN_POINT('',(0.0334,0.0004,0.00515));
#11424=CARTESIAN_POINT('',(0.,0.0004,0.0072));
#11425=CARTESIAN_POINT('',(0.03255,0.0004,0.0055));
#11426=CARTESIAN_POINT('',(0.03255,0.0004,0.0055));
#11427=CARTESIAN_POINT('',(0.03255,0.0004,0.00515));
#11428=CARTESIAN_POINT('',(0.,0.0004,0.0072));
#11429=CARTESIAN_POINT('',(0.03425,0.0004,0.00635));
#11430=CARTESIAN_POINT('',(0.03425,0.0004,0.00635));
#11431=CARTESIAN_POINT('',(0.03425,0.0004,0.006));
#11432=CARTESIAN_POINT('',(0.,0.0004,0.0072));
#11433=CARTESIAN_POINT('',(0.03255,0.0004,0.00635));
#11434=CARTESIAN_POINT('',(0.03255,0.0004,0.00635));
#11435=CARTESIAN_POINT('',(0.03255,0.0004,0.006));
#11436=CARTESIAN_POINT('',(0.,0.0004,0.0072));
#11437=CARTESIAN_POINT('',(0.02575,0.0004,0.00805));
#11438=CARTESIAN_POINT('',(0.02575,0.0004,0.00805));
#11439=CARTESIAN_POINT('',(0.02575,0.0004,0.0077));
#11440=CARTESIAN_POINT('',(0.,0.0004,0.0072));
#11441=CARTESIAN_POINT('',(0.02575,0.0004,0.0072));
#11442=CARTESIAN_POINT('',(0.02575,0.0004,0.0072));
#11443=CARTESIAN_POINT('',(0.02575,0.0004,0.00685));
#11444=CARTESIAN_POINT('',(0.,0.0004,0.0072));
#11445=CARTESIAN_POINT('',(0.02575,0.0004,0.00635));
#11446=CARTESIAN_POINT('',(0.02575,0.0004,0.00635));
#11447=CARTESIAN_POINT('',(0.02575,0.0004,0.006));
#11448=CARTESIAN_POINT('',(0.,0.0004,0.0072));
#11449=CARTESIAN_POINT('',(0.02575,0.0004,0.0055));
#11450=CARTESIAN_POINT('',(0.02575,0.0004,0.0055));
#11451=CARTESIAN_POINT('',(0.02575,0.0004,0.00515));
#11452=CARTESIAN_POINT('',(0.,0.0004,0.0072));
#11453=CARTESIAN_POINT('',(0.0266,0.0004,0.0055));
#11454=CARTESIAN_POINT('',(0.0266,0.0004,0.0055));
#11455=CARTESIAN_POINT('',(0.0266,0.0004,0.00515));
#11456=CARTESIAN_POINT('',(0.,0.0004,0.0072));
#11457=CARTESIAN_POINT('',(0.02745,0.0004,0.0055));
#11458=CARTESIAN_POINT('',(0.02745,0.0004,0.0055));
#11459=CARTESIAN_POINT('',(0.02745,0.0004,0.00515));
#11460=CARTESIAN_POINT('',(0.,0.0004,0.0072));
#11461=CARTESIAN_POINT('',(0.02915,0.0004,0.0089));
#11462=CARTESIAN_POINT('',(0.02915,0.0004,0.0089));
#11463=CARTESIAN_POINT('',(0.02915,0.0004,0.00855));
#11464=CARTESIAN_POINT('',(0.,0.0004,0.0072));
#11465=CARTESIAN_POINT('',(0.03,0.0004,0.0089));
#11466=CARTESIAN_POINT('',(0.03,0.0004,0.0089));
#11467=CARTESIAN_POINT('',(0.03,0.0004,0.00855));
#11468=CARTESIAN_POINT('',(0.,0.0004,0.0072));
#11469=CARTESIAN_POINT('',(0.03,0.0004,0.0055));
#11470=CARTESIAN_POINT('',(0.03,0.0004,0.0055));
#11471=CARTESIAN_POINT('',(0.03,0.0004,0.00515));
#11472=CARTESIAN_POINT('',(0.,0.0004,0.0072));
#11473=CARTESIAN_POINT('',(0.02915,0.0004,0.0055));
#11474=CARTESIAN_POINT('',(0.02915,0.0004,0.0055));
#11475=CARTESIAN_POINT('',(0.02915,0.0004,0.00515));
#11476=CARTESIAN_POINT('',(0.,0.0004,0.0072));
#11477=CARTESIAN_POINT('',(0.03085,0.0004,0.00635));
#11478=CARTESIAN_POINT('',(0.03085,0.0004,0.00635));
#11479=CARTESIAN_POINT('',(0.03085,0.0004,0.006));
#11480=CARTESIAN_POINT('',(0.,0.0004,0.0072));
#11481=CARTESIAN_POINT('',(0.03085,0.0004,0.0072));
#11482=CARTESIAN_POINT('',(0.03085,0.0004,0.0072));
#11483=CARTESIAN_POINT('',(0.03085,0.0004,0.00685));
#11484=CARTESIAN_POINT('',(0.,0.0004,0.0072));
#11485=CARTESIAN_POINT('',(0.03,0.0004,0.0072));
#11486=CARTESIAN_POINT('',(0.03,0.0004,0.0072));
#11487=CARTESIAN_POINT('',(0.03,0.0004,0.00685));
#11488=CARTESIAN_POINT('',(0.,0.0004,0.0072));
#11489=CARTESIAN_POINT('',(0.02915,0.0004,0.0072));
#11490=CARTESIAN_POINT('',(0.02915,0.0004,0.0072));
#11491=CARTESIAN_POINT('',(0.02915,0.0004,0.00685));
#11492=CARTESIAN_POINT('',(0.,0.0004,0.0072));
#11493=CARTESIAN_POINT('',(0.02915,0.0004,0.00805));
#11494=CARTESIAN_POINT('',(0.02915,0.0004,0.00805));
#11495=CARTESIAN_POINT('',(0.02915,0.0004,0.0077));
#11496=CARTESIAN_POINT('',(0.,0.0004,0.0072));
#11497=CARTESIAN_POINT('',(0.03085,0.0004,0.0089));
#11498=CARTESIAN_POINT('',(0.03085,0.0004,0.0089));
#11499=CARTESIAN_POINT('',(0.03085,0.0004,0.00855));
#11500=CARTESIAN_POINT('',(0.,0.0004,0.0072));
#11501=CARTESIAN_POINT('',(-0.02575,0.0004,0.00805));
#11502=CARTESIAN_POINT('',(-0.02575,0.0004,0.00805));
#11503=CARTESIAN_POINT('',(-0.02575,0.0004,0.0077));
#11504=CARTESIAN_POINT('',(0.,0.0004,0.0072));
#11505=CARTESIAN_POINT('',(-0.02745,0.0004,0.00805));
#11506=CARTESIAN_POINT('',(-0.02745,0.0004,0.00805));
#11507=CARTESIAN_POINT('',(-0.02745,0.0004,0.0077));
#11508=CARTESIAN_POINT('',(0.,0.0004,0.0072));
#11509=CARTESIAN_POINT('',(-0.02575,0.0004,0.0089));
#11510=CARTESIAN_POINT('',(-0.02575,0.0004,0.0089));
#11511=CARTESIAN_POINT('',(-0.02575,0.0004,0.00855));
#11512=CARTESIAN_POINT('',(0.,0.0004,0.0072));
#11513=CARTESIAN_POINT('',(-0.0266,0.0004,0.0089));
#11514=CARTESIAN_POINT('',(-0.0266,0.0004,0.0089));
#11515=CARTESIAN_POINT('',(-0.0266,0.0004,0.00855));
#11516=CARTESIAN_POINT('',(0.,0.0004,0.0072));
#11517=CARTESIAN_POINT('',(-0.02745,0.0004,0.0089));
#11518=CARTESIAN_POINT('',(-0.02745,0.0004,0.0089));
#11519=CARTESIAN_POINT('',(-0.02745,0.0004,0.00855));
#11520=CARTESIAN_POINT('',(0.,0.0004,0.0072));
#11521=CARTESIAN_POINT('',(-0.02915,0.0004,0.0055));
#11522=CARTESIAN_POINT('',(-0.02915,0.0004,0.0055));
#11523=CARTESIAN_POINT('',(-0.02915,0.0004,0.00515));
#11524=CARTESIAN_POINT('',(0.,0.0004,0.0072));
#11525=CARTESIAN_POINT('',(-0.03,0.0004,0.0055));
#11526=CARTESIAN_POINT('',(-0.03,0.0004,0.0055));
#11527=CARTESIAN_POINT('',(-0.03,0.0004,0.00515));
#11528=CARTESIAN_POINT('',(0.,0.0004,0.0072));
#11529=CARTESIAN_POINT('',(-0.03085,0.0004,0.0055));
#11530=CARTESIAN_POINT('',(-0.03085,0.0004,0.0055));
#11531=CARTESIAN_POINT('',(-0.03085,0.0004,0.00515));
#11532=CARTESIAN_POINT('',(0.,0.0004,0.0072));
#11533=CARTESIAN_POINT('',(-0.01425,0.0004,0.0089));
#11534=CARTESIAN_POINT('',(-0.01425,0.0004,0.0089));
#11535=CARTESIAN_POINT('',(-0.01425,0.0004,0.00855));
#11536=CARTESIAN_POINT('',(0.,0.0004,0.0072));
#11537=CARTESIAN_POINT('',(-0.02575,0.0004,0.0055));
#11538=CARTESIAN_POINT('',(-0.02575,0.0004,0.0055));
#11539=CARTESIAN_POINT('',(-0.02575,0.0004,0.00515));
#11540=CARTESIAN_POINT('',(0.,0.0004,0.0072));
#11541=CARTESIAN_POINT('',(-0.0266,0.0004,0.0055));
#11542=CARTESIAN_POINT('',(-0.0266,0.0004,0.0055));
#11543=CARTESIAN_POINT('',(-0.0266,0.0004,0.00515));
#11544=CARTESIAN_POINT('',(0.,0.0004,0.0072));
#11545=CARTESIAN_POINT('',(-0.02745,0.0004,0.0055));
#11546=CARTESIAN_POINT('',(-0.02745,0.0004,0.0055));
#11547=CARTESIAN_POINT('',(-0.02745,0.0004,0.00515));
#11548=CARTESIAN_POINT('',(0.,0.0004,0.0072));
#11549=CARTESIAN_POINT('',(-0.02575,0.0004,0.00635));
#11550=CARTESIAN_POINT('',(-0.02575,0.0004,0.00635));
#11551=CARTESIAN_POINT('',(-0.02575,0.0004,0.006));
#11552=CARTESIAN_POINT('',(0.,0.0004,0.0072));
#11553=CARTESIAN_POINT('',(-0.02745,0.0004,0.00635));
#11554=CARTESIAN_POINT('',(-0.02745,0.0004,0.00635));
#11555=CARTESIAN_POINT('',(-0.02745,0.0004,0.006));
#11556=CARTESIAN_POINT('',(0.,0.0004,0.0072));
#11557=CARTESIAN_POINT('',(-0.02575,0.0004,0.0072));
#11558=CARTESIAN_POINT('',(-0.02575,0.0004,0.0072));
#11559=CARTESIAN_POINT('',(-0.02575,0.0004,0.00685));
#11560=CARTESIAN_POINT('',(0.,0.0004,0.0072));
#11561=CARTESIAN_POINT('',(-0.02745,0.0004,0.0072));
#11562=CARTESIAN_POINT('',(-0.02745,0.0004,0.0072));
#11563=CARTESIAN_POINT('',(-0.02745,0.0004,0.00685));
#11564=CARTESIAN_POINT('',(0.,0.0004,0.0072));
#11565=CARTESIAN_POINT('',(-0.03085,0.0004,0.0072));
#11566=CARTESIAN_POINT('',(-0.03085,0.0004,0.0072));
#11567=CARTESIAN_POINT('',(-0.03085,0.0004,0.00685));
#11568=CARTESIAN_POINT('',(0.,0.0004,0.0072));
#11569=CARTESIAN_POINT('',(-0.03,0.0004,0.0072));
#11570=CARTESIAN_POINT('',(-0.03,0.0004,0.0072));
#11571=CARTESIAN_POINT('',(-0.03,0.0004,0.00685));
#11572=CARTESIAN_POINT('',(0.,0.0004,0.0072));
#11573=CARTESIAN_POINT('',(-0.02915,0.0004,0.0072));
#11574=CARTESIAN_POINT('',(-0.02915,0.0004,0.0072));
#11575=CARTESIAN_POINT('',(-0.02915,0.0004,0.00685));
#11576=CARTESIAN_POINT('',(0.,0.0004,0.0072));
#11577=CARTESIAN_POINT('',(-0.03085,0.0004,0.00635));
#11578=CARTESIAN_POINT('',(-0.03085,0.0004,0.00635));
#11579=CARTESIAN_POINT('',(-0.03085,0.0004,0.006));
#11580=CARTESIAN_POINT('',(0.,0.0004,0.0072));
#11581=CARTESIAN_POINT('',(-0.02915,0.0004,0.00805));
#11582=CARTESIAN_POINT('',(-0.02915,0.0004,0.00805));
#11583=CARTESIAN_POINT('',(-0.02915,0.0004,0.0077));
#11584=CARTESIAN_POINT('',(0.,0.0004,0.0072));
#11585=CARTESIAN_POINT('',(-0.02915,0.0004,0.0089));
#11586=CARTESIAN_POINT('',(-0.02915,0.0004,0.0089));
#11587=CARTESIAN_POINT('',(-0.02915,0.0004,0.00855));
#11588=CARTESIAN_POINT('',(0.,0.0004,0.0072));
#11589=CARTESIAN_POINT('',(-0.03,0.0004,0.0089));
#11590=CARTESIAN_POINT('',(-0.03,0.0004,0.0089));
#11591=CARTESIAN_POINT('',(-0.03,0.0004,0.00855));
#11592=CARTESIAN_POINT('',(0.,0.0004,0.0072));
#11593=CARTESIAN_POINT('',(-0.03085,0.0004,0.0089));
#11594=CARTESIAN_POINT('',(-0.03085,0.0004,0.0089));
#11595=CARTESIAN_POINT('',(-0.03085,0.0004,0.00855));
#11596=CARTESIAN_POINT('',(0.,0.0004,0.0072));
#11597=CARTESIAN_POINT('',(-0.03255,0.0004,0.0055));
#11598=CARTESIAN_POINT('',(-0.03255,0.0004,0.0055));
#11599=CARTESIAN_POINT('',(-0.03255,0.0004,0.00515));
#11600=CARTESIAN_POINT('',(0.,0.0004,0.0072));
#11601=CARTESIAN_POINT('',(-0.0334,0.0004,0.0055));
#11602=CARTESIAN_POINT('',(-0.0334,0.0004,0.0055));
#11603=CARTESIAN_POINT('',(-0.0334,0.0004,0.00515));
#11604=CARTESIAN_POINT('',(0.,0.0004,0.0072));
#11605=CARTESIAN_POINT('',(-0.03425,0.0004,0.0055));
#11606=CARTESIAN_POINT('',(-0.03425,0.0004,0.0055));
#11607=CARTESIAN_POINT('',(-0.03425,0.0004,0.00515));
#11608=CARTESIAN_POINT('',(0.,0.0004,0.0072));
#11609=CARTESIAN_POINT('',(-0.03425,0.0004,0.00635));
#11610=CARTESIAN_POINT('',(-0.03425,0.0004,0.00635));
#11611=CARTESIAN_POINT('',(-0.03425,0.0004,0.006));
#11612=CARTESIAN_POINT('',(0.,0.0004,0.0072));
#11613=CARTESIAN_POINT('',(-0.03425,0.0004,0.0072));
#11614=CARTESIAN_POINT('',(-0.03425,0.0004,0.0072));
#11615=CARTESIAN_POINT('',(-0.03425,0.0004,0.00685));
#11616=CARTESIAN_POINT('',(0.,0.0004,0.0072));
#11617=CARTESIAN_POINT('',(-0.03425,0.0004,0.00805));
#11618=CARTESIAN_POINT('',(-0.03425,0.0004,0.00805));
#11619=CARTESIAN_POINT('',(-0.03425,0.0004,0.0077));
#11620=CARTESIAN_POINT('',(0.,0.0004,0.0072));
#11621=CARTESIAN_POINT('',(-0.03255,0.0004,0.0089));
#11622=CARTESIAN_POINT('',(-0.03255,0.0004,0.0089));
#11623=CARTESIAN_POINT('',(-0.03255,0.0004,0.00855));
#11624=CARTESIAN_POINT('',(0.,0.0004,0.0072));
#11625=CARTESIAN_POINT('',(-0.0334,0.0004,0.0089));
#11626=CARTESIAN_POINT('',(-0.0334,0.0004,0.0089));
#11627=CARTESIAN_POINT('',(-0.0334,0.0004,0.00855));
#11628=CARTESIAN_POINT('',(0.,0.0004,0.0072));
#11629=CARTESIAN_POINT('',(-0.00575,0.0004,0.00805));
#11630=CARTESIAN_POINT('',(-0.00575,0.0004,0.00805));
#11631=CARTESIAN_POINT('',(-0.00575,0.0004,0.0077));
#11632=CARTESIAN_POINT('',(0.,0.0004,0.0072));
#11633=CARTESIAN_POINT('',(-0.00745,0.0004,0.00805));
#11634=CARTESIAN_POINT('',(-0.00745,0.0004,0.00805));
#11635=CARTESIAN_POINT('',(-0.00745,0.0004,0.0077));
#11636=CARTESIAN_POINT('',(0.,0.0004,0.0072));
#11637=CARTESIAN_POINT('',(-0.00575,0.0004,0.0089));
#11638=CARTESIAN_POINT('',(-0.00575,0.0004,0.0089));
#11639=CARTESIAN_POINT('',(-0.00575,0.0004,0.00855));
#11640=CARTESIAN_POINT('',(0.,0.0004,0.0072));
#11641=CARTESIAN_POINT('',(-0.0066,0.0004,0.0089));
#11642=CARTESIAN_POINT('',(-0.0066,0.0004,0.0089));
#11643=CARTESIAN_POINT('',(-0.0066,0.0004,0.00855));
#11644=CARTESIAN_POINT('',(0.,0.0004,0.0072));
#11645=CARTESIAN_POINT('',(-0.00745,0.0004,0.0089));
#11646=CARTESIAN_POINT('',(-0.00745,0.0004,0.0089));
#11647=CARTESIAN_POINT('',(-0.00745,0.0004,0.00855));
#11648=CARTESIAN_POINT('',(0.,0.0004,0.0072));
#11649=CARTESIAN_POINT('',(-0.00915,0.0004,0.0055));
#11650=CARTESIAN_POINT('',(-0.00915,0.0004,0.0055));
#11651=CARTESIAN_POINT('',(-0.00915,0.0004,0.00515));
#11652=CARTESIAN_POINT('',(0.,0.0004,0.0072));
#11653=CARTESIAN_POINT('',(-0.01,0.0004,0.0055));
#11654=CARTESIAN_POINT('',(-0.01,0.0004,0.0055));
#11655=CARTESIAN_POINT('',(-0.01,0.0004,0.00515));
#11656=CARTESIAN_POINT('',(0.,0.0004,0.0072));
#11657=CARTESIAN_POINT('',(-0.01085,0.0004,0.0055));
#11658=CARTESIAN_POINT('',(-0.01085,0.0004,0.0055));
#11659=CARTESIAN_POINT('',(-0.01085,0.0004,0.00515));
#11660=CARTESIAN_POINT('',(0.,0.0004,0.0072));
#11661=CARTESIAN_POINT('',(0.00575,0.0004,0.0089));
#11662=CARTESIAN_POINT('',(0.00575,0.0004,0.0089));
#11663=CARTESIAN_POINT('',(0.00575,0.0004,0.00855));
#11664=CARTESIAN_POINT('',(0.,0.0004,0.0072));
#11665=CARTESIAN_POINT('',(-0.00575,0.0004,0.0055));
#11666=CARTESIAN_POINT('',(-0.00575,0.0004,0.0055));
#11667=CARTESIAN_POINT('',(-0.00575,0.0004,0.00515));
#11668=CARTESIAN_POINT('',(0.,0.0004,0.0072));
#11669=CARTESIAN_POINT('',(-0.0066,0.0004,0.0055));
#11670=CARTESIAN_POINT('',(-0.0066,0.0004,0.0055));
#11671=CARTESIAN_POINT('',(-0.0066,0.0004,0.00515));
#11672=CARTESIAN_POINT('',(0.,0.0004,0.0072));
#11673=CARTESIAN_POINT('',(-0.00745,0.0004,0.0055));
#11674=CARTESIAN_POINT('',(-0.00745,0.0004,0.0055));
#11675=CARTESIAN_POINT('',(-0.00745,0.0004,0.00515));
#11676=CARTESIAN_POINT('',(0.,0.0004,0.0072));
#11677=CARTESIAN_POINT('',(-0.00575,0.0004,0.00635));
#11678=CARTESIAN_POINT('',(-0.00575,0.0004,0.00635));
#11679=CARTESIAN_POINT('',(-0.00575,0.0004,0.006));
#11680=CARTESIAN_POINT('',(0.,0.0004,0.0072));
#11681=CARTESIAN_POINT('',(-0.00745,0.0004,0.00635));
#11682=CARTESIAN_POINT('',(-0.00745,0.0004,0.00635));
#11683=CARTESIAN_POINT('',(-0.00745,0.0004,0.006));
#11684=CARTESIAN_POINT('',(0.,0.0004,0.0072));
#11685=CARTESIAN_POINT('',(-0.00575,0.0004,0.0072));
#11686=CARTESIAN_POINT('',(-0.00575,0.0004,0.0072));
#11687=CARTESIAN_POINT('',(-0.00575,0.0004,0.00685));
#11688=CARTESIAN_POINT('',(0.,0.0004,0.0072));
#11689=CARTESIAN_POINT('',(-0.00745,0.0004,0.0072));
#11690=CARTESIAN_POINT('',(-0.00745,0.0004,0.0072));
#11691=CARTESIAN_POINT('',(-0.00745,0.0004,0.00685));
#11692=CARTESIAN_POINT('',(0.,0.0004,0.0072));
#11693=CARTESIAN_POINT('',(-0.00915,0.0004,0.00635));
#11694=CARTESIAN_POINT('',(-0.00915,0.0004,0.00635));
#11695=CARTESIAN_POINT('',(-0.00915,0.0004,0.006));
#11696=CARTESIAN_POINT('',(0.,0.0004,0.0072));
#11697=CARTESIAN_POINT('',(-0.00915,0.0004,0.0072));
#11698=CARTESIAN_POINT('',(-0.00915,0.0004,0.0072));
#11699=CARTESIAN_POINT('',(-0.00915,0.0004,0.00685));
#11700=CARTESIAN_POINT('',(0.,0.0004,0.0072));
#11701=CARTESIAN_POINT('',(-0.01,0.0004,0.0072));
#11702=CARTESIAN_POINT('',(-0.01,0.0004,0.0072));
#11703=CARTESIAN_POINT('',(-0.01,0.0004,0.00685));
#11704=CARTESIAN_POINT('',(0.,0.0004,0.0072));
#11705=CARTESIAN_POINT('',(-0.01085,0.0004,0.0072));
#11706=CARTESIAN_POINT('',(-0.01085,0.0004,0.0072));
#11707=CARTESIAN_POINT('',(-0.01085,0.0004,0.00685));
#11708=CARTESIAN_POINT('',(0.,0.0004,0.0072));
#11709=CARTESIAN_POINT('',(-0.00915,0.0004,0.00805));
#11710=CARTESIAN_POINT('',(-0.00915,0.0004,0.00805));
#11711=CARTESIAN_POINT('',(-0.00915,0.0004,0.0077));
#11712=CARTESIAN_POINT('',(0.,0.0004,0.0072));
#11713=CARTESIAN_POINT('',(-0.00915,0.0004,0.0089));
#11714=CARTESIAN_POINT('',(-0.00915,0.0004,0.0089));
#11715=CARTESIAN_POINT('',(-0.00915,0.0004,0.00855));
#11716=CARTESIAN_POINT('',(0.,0.0004,0.0072));
#11717=CARTESIAN_POINT('',(-0.01,0.0004,0.0089));
#11718=CARTESIAN_POINT('',(-0.01,0.0004,0.0089));
#11719=CARTESIAN_POINT('',(-0.01,0.0004,0.00855));
#11720=CARTESIAN_POINT('',(0.,0.0004,0.0072));
#11721=CARTESIAN_POINT('',(-0.01085,0.0004,0.0089));
#11722=CARTESIAN_POINT('',(-0.01085,0.0004,0.0089));
#11723=CARTESIAN_POINT('',(-0.01085,0.0004,0.00855));
#11724=CARTESIAN_POINT('',(0.,0.0004,0.0072));
#11725=CARTESIAN_POINT('',(-0.01255,0.0004,0.0055));
#11726=CARTESIAN_POINT('',(-0.01255,0.0004,0.0055));
#11727=CARTESIAN_POINT('',(-0.01255,0.0004,0.00515));
#11728=CARTESIAN_POINT('',(0.,0.0004,0.0072));
#11729=CARTESIAN_POINT('',(-0.0134,0.0004,0.0055));
#11730=CARTESIAN_POINT('',(-0.0134,0.0004,0.0055));
#11731=CARTESIAN_POINT('',(-0.0134,0.0004,0.00515));
#11732=CARTESIAN_POINT('',(0.,0.0004,0.0072));
#11733=CARTESIAN_POINT('',(-0.01425,0.0004,0.0055));
#11734=CARTESIAN_POINT('',(-0.01425,0.0004,0.0055));
#11735=CARTESIAN_POINT('',(-0.01425,0.0004,0.00515));
#11736=CARTESIAN_POINT('',(0.,0.0004,0.0072));
#11737=CARTESIAN_POINT('',(-0.01425,0.0004,0.00635));
#11738=CARTESIAN_POINT('',(-0.01425,0.0004,0.00635));
#11739=CARTESIAN_POINT('',(-0.01425,0.0004,0.006));
#11740=CARTESIAN_POINT('',(0.,0.0004,0.0072));
#11741=CARTESIAN_POINT('',(-0.01425,0.0004,0.0072));
#11742=CARTESIAN_POINT('',(-0.01425,0.0004,0.0072));
#11743=CARTESIAN_POINT('',(-0.01425,0.0004,0.00685));
#11744=CARTESIAN_POINT('',(0.,0.0004,0.0072));
#11745=CARTESIAN_POINT('',(-0.01425,0.0004,0.00805));
#11746=CARTESIAN_POINT('',(-0.01425,0.0004,0.00805));
#11747=CARTESIAN_POINT('',(-0.01425,0.0004,0.0077));
#11748=CARTESIAN_POINT('',(0.,0.0004,0.0072));
#11749=CARTESIAN_POINT('',(-0.01255,0.0004,0.0089));
#11750=CARTESIAN_POINT('',(-0.01255,0.0004,0.0089));
#11751=CARTESIAN_POINT('',(-0.01255,0.0004,0.00855));
#11752=CARTESIAN_POINT('',(0.,0.0004,0.0072));
#11753=CARTESIAN_POINT('',(-0.0134,0.0004,0.0089));
#11754=CARTESIAN_POINT('',(-0.0134,0.0004,0.0089));
#11755=CARTESIAN_POINT('',(-0.0134,0.0004,0.00855));
#11756=CARTESIAN_POINT('',(0.,0.0004,0.0072));
#11757=CARTESIAN_POINT('',(0.,0.,0.));
#11758=CARTESIAN_POINT('',(0.04,-0.01,4.77048955893622E-18));
#11759=CARTESIAN_POINT('',(0.04,-0.00025,4.77048955893622E-18));
#11760=CARTESIAN_POINT('',(0.04,-0.00025,0.0085));
#11761=CARTESIAN_POINT('',(0.04,-0.00025,-0.01));
#11762=CARTESIAN_POINT('',(0.04,-0.000875,0.009125));
#11763=CARTESIAN_POINT('',(0.04,-0.00075,0.009));
#11764=CARTESIAN_POINT('',(0.04,2.00000000000027E-6,0.009));
#11765=CARTESIAN_POINT('',(0.04,-0.01,0.009));
#11766=CARTESIAN_POINT('',(0.04,-0.01,4.77048955893622E-18));
#11767=CARTESIAN_POINT('',(0.04,-0.01,-0.01));
#11768=CARTESIAN_POINT('',(0.04,-0.01,-0.01));
#11769=CARTESIAN_POINT('',(0.06,-0.01,6.50521303491303E-18));
#11770=CARTESIAN_POINT('',(0.0266,-0.01,0.0017));
#11771=CARTESIAN_POINT('',(0.0266,-0.01,0.00135));
#11772=CARTESIAN_POINT('',(0.02745,-0.01,0.0017));
#11773=CARTESIAN_POINT('',(0.02745,-0.01,0.00135));
#11774=CARTESIAN_POINT('',(0.02575,-0.01,0.00085));
#11775=CARTESIAN_POINT('',(0.02575,-0.01,0.0005));
#11776=CARTESIAN_POINT('',(0.02575,-0.01,2.14313189850787E-20));
#11777=CARTESIAN_POINT('',(0.02575,-0.01,-0.00035));
#11778=CARTESIAN_POINT('',(0.02575,-0.01,-0.00085));
#11779=CARTESIAN_POINT('',(0.02575,-0.01,-0.0012));
#11780=CARTESIAN_POINT('',(0.02575,-0.01,-0.0017));
#11781=CARTESIAN_POINT('',(0.02575,-0.01,-0.00205));
#11782=CARTESIAN_POINT('',(0.0266,-0.01,-0.0017));
#11783=CARTESIAN_POINT('',(0.0266,-0.01,-0.00205));
#11784=CARTESIAN_POINT('',(0.02745,-0.01,-0.0017));
#11785=CARTESIAN_POINT('',(0.02745,-0.01,-0.00205));
#11786=CARTESIAN_POINT('',(0.02915,-0.01,0.00085));
#11787=CARTESIAN_POINT('',(0.02915,-0.01,0.0005));
#11788=CARTESIAN_POINT('',(0.03085,-0.01,0.0017));
#11789=CARTESIAN_POINT('',(0.03085,-0.01,0.00135));
#11790=CARTESIAN_POINT('',(0.03,-0.01,0.0017));
#11791=CARTESIAN_POINT('',(0.03,-0.01,0.00135));
#11792=CARTESIAN_POINT('',(0.02915,-0.01,0.0017));
#11793=CARTESIAN_POINT('',(0.02915,-0.01,0.00135));
#11794=CARTESIAN_POINT('',(0.02915,-0.01,2.14313189850787E-20));
#11795=CARTESIAN_POINT('',(0.02915,-0.01,-0.00035));
#11796=CARTESIAN_POINT('',(0.03,-0.01,2.14313189850787E-20));
#11797=CARTESIAN_POINT('',(0.03,-0.01,-0.00035));
#11798=CARTESIAN_POINT('',(0.03085,-0.01,2.14313189850787E-20));
#11799=CARTESIAN_POINT('',(0.03085,-0.01,-0.00035));
#11800=CARTESIAN_POINT('',(0.03085,-0.01,-0.00085));
#11801=CARTESIAN_POINT('',(0.03085,-0.01,-0.0012));
#11802=CARTESIAN_POINT('',(0.03425,-0.01,-0.0017));
#11803=CARTESIAN_POINT('',(0.03425,-0.01,-0.00205));
#11804=CARTESIAN_POINT('',(0.0334,-0.01,-0.0017));
#11805=CARTESIAN_POINT('',(0.0334,-0.01,-0.00205));
#11806=CARTESIAN_POINT('',(0.03255,-0.01,-0.0017));
#11807=CARTESIAN_POINT('',(0.03255,-0.01,-0.00205));
#11808=CARTESIAN_POINT('',(0.03425,-0.01,-0.00085));
#11809=CARTESIAN_POINT('',(0.03425,-0.01,-0.0012));
#11810=CARTESIAN_POINT('',(0.03255,-0.01,-0.00085));
#11811=CARTESIAN_POINT('',(0.03255,-0.01,-0.0012));
#11812=CARTESIAN_POINT('',(0.03425,-0.01,2.14313189850787E-20));
#11813=CARTESIAN_POINT('',(0.03425,-0.01,-0.00035));
#11814=CARTESIAN_POINT('',(0.03255,-0.01,2.14313189850787E-20));
#11815=CARTESIAN_POINT('',(0.03255,-0.01,-0.00035));
#11816=CARTESIAN_POINT('',(0.02915,-0.01,-0.0017));
#11817=CARTESIAN_POINT('',(0.02915,-0.01,-0.00205));
#11818=CARTESIAN_POINT('',(0.03,-0.01,-0.0017));
#11819=CARTESIAN_POINT('',(0.03,-0.01,-0.00205));
#11820=CARTESIAN_POINT('',(0.03085,-0.01,-0.0017));
#11821=CARTESIAN_POINT('',(0.03085,-0.01,-0.00205));
#11822=CARTESIAN_POINT('',(0.03255,-0.01,0.0017));
#11823=CARTESIAN_POINT('',(0.03255,-0.01,0.00135));
#11824=CARTESIAN_POINT('',(0.0334,-0.01,0.0017));
#11825=CARTESIAN_POINT('',(0.0334,-0.01,0.00135));
#11826=CARTESIAN_POINT('',(0.03425,-0.01,0.0017));
#11827=CARTESIAN_POINT('',(0.03425,-0.01,0.00135));
#11828=CARTESIAN_POINT('',(0.03255,-0.01,0.00085));
#11829=CARTESIAN_POINT('',(0.03255,-0.01,0.0005));
#11830=CARTESIAN_POINT('',(0.03425,-0.01,0.00085));
#11831=CARTESIAN_POINT('',(0.03425,-0.01,0.0005));
#11832=CARTESIAN_POINT('',(0.02575,-0.01,0.0017));
#11833=CARTESIAN_POINT('',(0.02575,-0.01,0.00135));
#11834=CARTESIAN_POINT('',(0.03,-0.01,0.009));
#11835=CARTESIAN_POINT('',(0.02,-0.01,0.009));
#11836=CARTESIAN_POINT('',(0.02,-0.01,1.3010426069826E-18));
#11837=CARTESIAN_POINT('',(0.02,-0.01,-0.01));
#11838=CARTESIAN_POINT('',(0.03,-0.01,-0.01));
#11839=CARTESIAN_POINT('',(0.03,-0.01,-0.01));
#11840=CARTESIAN_POINT('',(0.03,-0.00025,-0.01));
#11841=CARTESIAN_POINT('',(0.02,-0.00025,-0.01));
#11842=CARTESIAN_POINT('',(0.02,-0.01,-0.01));
#11843=CARTESIAN_POINT('',(0.02,-0.01,1.3010426069826E-18));
#11844=CARTESIAN_POINT('',(0.02,2.00000000000027E-6,0.009));
#11845=CARTESIAN_POINT('',(0.02,-0.00075,0.009));
#11846=CARTESIAN_POINT('',(0.02,-0.000875,0.009125));
#11847=CARTESIAN_POINT('',(0.02,-0.00025,0.0085));
#11848=CARTESIAN_POINT('',(0.02,-0.00025,1.3010426069826E-18));
#11849=CARTESIAN_POINT('',(0.03,2.00000000000027E-6,0.009));
#11850=CARTESIAN_POINT('',(0.02,-0.00075,0.009));
#11851=CARTESIAN_POINT('',(0.03475,0.01,0.));
#11852=CARTESIAN_POINT('',(0.03475,0.01,6.50521303491303E-18));
#11853=CARTESIAN_POINT('',(0.03475,0.01,-0.00475));
#11854=CARTESIAN_POINT('',(0.03475,0.01,0.00475));
#11855=CARTESIAN_POINT('',(0.03475,0.01,0.00475));
#11856=CARTESIAN_POINT('',(0.03475,-0.00025,0.00475));
#11857=CARTESIAN_POINT('',(0.03475,-0.00025,0.));
#11858=CARTESIAN_POINT('',(0.03475,-0.00025,-0.00475));
#11859=CARTESIAN_POINT('',(0.03475,0.01,-0.00475));
#11860=CARTESIAN_POINT('',(0.03,0.01,-0.00475));
#11861=CARTESIAN_POINT('',(-8.23993651088982E-19,-0.00025,-0.00475));
#11862=CARTESIAN_POINT('',(0.02525,-0.00025,-0.00475));
#11863=CARTESIAN_POINT('',(0.02525,0.01,-0.00475));
#11864=CARTESIAN_POINT('',(0.02525,0.01,-0.00475));
#11865=CARTESIAN_POINT('',(0.06,0.01,-0.00475));
#11866=CARTESIAN_POINT('',(0.02525,0.01,8.67361737988404E-19));
#11867=CARTESIAN_POINT('',(0.02525,-0.00025,0.));
#11868=CARTESIAN_POINT('',(0.02525,-0.00025,0.00475));
#11869=CARTESIAN_POINT('',(0.02525,0.01,0.00475));
#11870=CARTESIAN_POINT('',(0.02525,0.01,0.00475));
#11871=CARTESIAN_POINT('',(0.02525,0.01,6.50521303491303E-18));
#11872=CARTESIAN_POINT('',(0.03,0.01,0.00475));
#11873=CARTESIAN_POINT('',(0.06,0.01,0.00475));
#11874=CARTESIAN_POINT('',(8.23993651088984E-19,-0.00025,0.00475));
#11875=CARTESIAN_POINT('',(0.,-0.00025,0.));
#11876=CARTESIAN_POINT('',(0.04,-0.00025,0.0085));
#11877=CARTESIAN_POINT('',(0.06,0.01,6.50521303491303E-18));
#11878=CARTESIAN_POINT('',(-1.47451495458029E-18,-0.00025,0.0085));
#11879=CARTESIAN_POINT('',(0.02575,-0.01,0.0017));
#11880=CARTESIAN_POINT('',(0.02575,-0.0096,0.0017));
#11881=CARTESIAN_POINT('',(0.02575,-0.0096,0.00135));
#11882=CARTESIAN_POINT('',(0.,-0.0096,0.));
#11883=CARTESIAN_POINT('',(0.03425,-0.01,0.00085));
#11884=CARTESIAN_POINT('',(0.03425,-0.0096,0.00085));
#11885=CARTESIAN_POINT('',(0.03425,-0.0096,0.0005));
#11886=CARTESIAN_POINT('',(0.,-0.0096,0.));
#11887=CARTESIAN_POINT('',(0.03255,-0.01,0.00085));
#11888=CARTESIAN_POINT('',(0.03255,-0.0096,0.00085));
#11889=CARTESIAN_POINT('',(0.03255,-0.0096,0.0005));
#11890=CARTESIAN_POINT('',(0.,-0.0096,0.));
#11891=CARTESIAN_POINT('',(0.03425,-0.01,0.0017));
#11892=CARTESIAN_POINT('',(0.03425,-0.0096,0.0017));
#11893=CARTESIAN_POINT('',(0.03425,-0.0096,0.00135));
#11894=CARTESIAN_POINT('',(0.,-0.0096,0.));
#11895=CARTESIAN_POINT('',(0.0334,-0.01,0.0017));
#11896=CARTESIAN_POINT('',(0.0334,-0.0096,0.0017));
#11897=CARTESIAN_POINT('',(0.0334,-0.0096,0.00135));
#11898=CARTESIAN_POINT('',(0.,-0.0096,0.));
#11899=CARTESIAN_POINT('',(0.03255,-0.01,0.0017));
#11900=CARTESIAN_POINT('',(0.03255,-0.0096,0.0017));
#11901=CARTESIAN_POINT('',(0.03255,-0.0096,0.00135));
#11902=CARTESIAN_POINT('',(0.,-0.0096,0.));
#11903=CARTESIAN_POINT('',(0.03085,-0.01,-0.0017));
#11904=CARTESIAN_POINT('',(0.03085,-0.0096,-0.0017));
#11905=CARTESIAN_POINT('',(0.03085,-0.0096,-0.00205));
#11906=CARTESIAN_POINT('',(0.,-0.0096,0.));
#11907=CARTESIAN_POINT('',(0.03,-0.01,-0.0017));
#11908=CARTESIAN_POINT('',(0.03,-0.0096,-0.0017));
#11909=CARTESIAN_POINT('',(0.03,-0.0096,-0.00205));
#11910=CARTESIAN_POINT('',(0.,-0.0096,0.));
#11911=CARTESIAN_POINT('',(0.02915,-0.01,-0.0017));
#11912=CARTESIAN_POINT('',(0.02915,-0.0096,-0.0017));
#11913=CARTESIAN_POINT('',(0.02915,-0.0096,-0.00205));
#11914=CARTESIAN_POINT('',(0.,-0.0096,0.));
#11915=CARTESIAN_POINT('',(0.03255,-0.01,2.14313189850787E-20));
#11916=CARTESIAN_POINT('',(0.03255,-0.0096,2.14313189850787E-20));
#11917=CARTESIAN_POINT('',(0.03255,-0.0096,-0.00035));
#11918=CARTESIAN_POINT('',(0.,-0.0096,0.));
#11919=CARTESIAN_POINT('',(0.03425,-0.01,2.14313189850787E-20));
#11920=CARTESIAN_POINT('',(0.03425,-0.0096,2.14313189850787E-20));
#11921=CARTESIAN_POINT('',(0.03425,-0.0096,-0.00035));
#11922=CARTESIAN_POINT('',(0.,-0.0096,0.));
#11923=CARTESIAN_POINT('',(0.03255,-0.01,-0.00085));
#11924=CARTESIAN_POINT('',(0.03255,-0.0096,-0.00085));
#11925=CARTESIAN_POINT('',(0.03255,-0.0096,-0.0012));
#11926=CARTESIAN_POINT('',(0.,-0.0096,0.));
#11927=CARTESIAN_POINT('',(0.03425,-0.01,-0.00085));
#11928=CARTESIAN_POINT('',(0.03425,-0.0096,-0.00085));
#11929=CARTESIAN_POINT('',(0.03425,-0.0096,-0.0012));
#11930=CARTESIAN_POINT('',(0.,-0.0096,0.));
#11931=CARTESIAN_POINT('',(0.03255,-0.01,-0.0017));
#11932=CARTESIAN_POINT('',(0.03255,-0.0096,-0.0017));
#11933=CARTESIAN_POINT('',(0.03255,-0.0096,-0.00205));
#11934=CARTESIAN_POINT('',(0.,-0.0096,0.));
#11935=CARTESIAN_POINT('',(0.0334,-0.01,-0.0017));
#11936=CARTESIAN_POINT('',(0.0334,-0.0096,-0.0017));
#11937=CARTESIAN_POINT('',(0.0334,-0.0096,-0.00205));
#11938=CARTESIAN_POINT('',(0.,-0.0096,0.));
#11939=CARTESIAN_POINT('',(0.03425,-0.01,-0.0017));
#11940=CARTESIAN_POINT('',(0.03425,-0.0096,-0.0017));
#11941=CARTESIAN_POINT('',(0.03425,-0.0096,-0.00205));
#11942=CARTESIAN_POINT('',(0.,-0.0096,0.));
#11943=CARTESIAN_POINT('',(0.03085,-0.01,-0.00085));
#11944=CARTESIAN_POINT('',(0.03085,-0.0096,-0.00085));
#11945=CARTESIAN_POINT('',(0.03085,-0.0096,-0.0012));
#11946=CARTESIAN_POINT('',(0.,-0.0096,0.));
#11947=CARTESIAN_POINT('',(0.03085,-0.01,2.14313189850787E-20));
#11948=CARTESIAN_POINT('',(0.03085,-0.0096,2.14313189850787E-20));
#11949=CARTESIAN_POINT('',(0.03085,-0.0096,-0.00035));
#11950=CARTESIAN_POINT('',(0.,-0.0096,0.));
#11951=CARTESIAN_POINT('',(0.03,-0.01,2.14313189850787E-20));
#11952=CARTESIAN_POINT('',(0.03,-0.0096,2.14313189850787E-20));
#11953=CARTESIAN_POINT('',(0.03,-0.0096,-0.00035));
#11954=CARTESIAN_POINT('',(0.,-0.0096,0.));
#11955=CARTESIAN_POINT('',(0.02915,-0.01,2.14313189850787E-20));
#11956=CARTESIAN_POINT('',(0.02915,-0.0096,2.14313189850787E-20));
#11957=CARTESIAN_POINT('',(0.02915,-0.0096,-0.00035));
#11958=CARTESIAN_POINT('',(0.,-0.0096,0.));
#11959=CARTESIAN_POINT('',(0.02915,-0.01,0.0017));
#11960=CARTESIAN_POINT('',(0.02915,-0.0096,0.0017));
#11961=CARTESIAN_POINT('',(0.02915,-0.0096,0.00135));
#11962=CARTESIAN_POINT('',(0.,-0.0096,0.));
#11963=CARTESIAN_POINT('',(0.03,-0.01,0.0017));
#11964=CARTESIAN_POINT('',(0.03,-0.0096,0.0017));
#11965=CARTESIAN_POINT('',(0.03,-0.0096,0.00135));
#11966=CARTESIAN_POINT('',(0.,-0.0096,0.));
#11967=CARTESIAN_POINT('',(0.03085,-0.01,0.0017));
#11968=CARTESIAN_POINT('',(0.03085,-0.0096,0.0017));
#11969=CARTESIAN_POINT('',(0.03085,-0.0096,0.00135));
#11970=CARTESIAN_POINT('',(0.,-0.0096,0.));
#11971=CARTESIAN_POINT('',(0.02915,-0.01,0.00085));
#11972=CARTESIAN_POINT('',(0.02915,-0.0096,0.00085));
#11973=CARTESIAN_POINT('',(0.02915,-0.0096,0.0005));
#11974=CARTESIAN_POINT('',(0.,-0.0096,0.));
#11975=CARTESIAN_POINT('',(0.02745,-0.01,-0.0017));
#11976=CARTESIAN_POINT('',(0.02745,-0.0096,-0.0017));
#11977=CARTESIAN_POINT('',(0.02745,-0.0096,-0.00205));
#11978=CARTESIAN_POINT('',(0.,-0.0096,0.));
#11979=CARTESIAN_POINT('',(0.0266,-0.01,-0.0017));
#11980=CARTESIAN_POINT('',(0.0266,-0.0096,-0.0017));
#11981=CARTESIAN_POINT('',(0.0266,-0.0096,-0.00205));
#11982=CARTESIAN_POINT('',(0.,-0.0096,0.));
#11983=CARTESIAN_POINT('',(0.02575,-0.01,-0.0017));
#11984=CARTESIAN_POINT('',(0.02575,-0.0096,-0.0017));
#11985=CARTESIAN_POINT('',(0.02575,-0.0096,-0.00205));
#11986=CARTESIAN_POINT('',(0.,-0.0096,0.));
#11987=CARTESIAN_POINT('',(0.02575,-0.01,-0.00085));
#11988=CARTESIAN_POINT('',(0.02575,-0.0096,-0.00085));
#11989=CARTESIAN_POINT('',(0.02575,-0.0096,-0.0012));
#11990=CARTESIAN_POINT('',(0.,-0.0096,0.));
#11991=CARTESIAN_POINT('',(0.02575,-0.01,2.14313189850787E-20));
#11992=CARTESIAN_POINT('',(0.02575,-0.0096,2.14313189850787E-20));
#11993=CARTESIAN_POINT('',(0.02575,-0.0096,-0.00035));
#11994=CARTESIAN_POINT('',(0.,-0.0096,0.));
#11995=CARTESIAN_POINT('',(0.02575,-0.01,0.00085));
#11996=CARTESIAN_POINT('',(0.02575,-0.0096,0.00085));
#11997=CARTESIAN_POINT('',(0.02575,-0.0096,0.0005));
#11998=CARTESIAN_POINT('',(0.,-0.0096,0.));
#11999=CARTESIAN_POINT('',(0.02745,-0.01,0.0017));
#12000=CARTESIAN_POINT('',(0.02745,-0.0096,0.0017));
#12001=CARTESIAN_POINT('',(0.02745,-0.0096,0.00135));
#12002=CARTESIAN_POINT('',(0.,-0.0096,0.));
#12003=CARTESIAN_POINT('',(0.0266,-0.01,0.0017));
#12004=CARTESIAN_POINT('',(0.0266,-0.0096,0.0017));
#12005=CARTESIAN_POINT('',(0.0266,-0.0096,0.00135));
#12006=CARTESIAN_POINT('',(0.,-0.0096,0.));
#12007=CARTESIAN_POINT('',(0.,0.,0.));
#12008=CARTESIAN_POINT('',(0.,-0.01,4.33680868994202E-19));
#12009=CARTESIAN_POINT('',(0.,-0.00015,4.33680868994202E-19));
#12010=CARTESIAN_POINT('',(-2.94902990916057E-18,-0.00015,0.0085));
#12011=CARTESIAN_POINT('',(3.46944695195361E-18,-0.00015,-0.01));
#12012=CARTESIAN_POINT('',(-3.18321757841744E-18,-0.000825,0.009175));
#12013=CARTESIAN_POINT('',(-3.46944695195361E-18,-0.00065,0.009));
#12014=CARTESIAN_POINT('',(-3.46944695195361E-18,2.00000000000027E-6,0.009));
#12015=CARTESIAN_POINT('',(-3.46944695195361E-18,-0.01,0.009));
#12016=CARTESIAN_POINT('',(0.,-0.01,4.33680868994202E-19));
#12017=CARTESIAN_POINT('',(3.46944695195361E-18,-0.01,-0.01));
#12018=CARTESIAN_POINT('',(3.46944695195361E-18,-0.01,-0.01));
#12019=CARTESIAN_POINT('',(0.02,-0.01,2.16840434497101E-18));
#12020=CARTESIAN_POINT('',(-0.0134,-0.01,0.0017));
#12021=CARTESIAN_POINT('',(-0.0134,-0.01,0.00135));
#12022=CARTESIAN_POINT('',(-0.01255,-0.01,0.0017));
#12023=CARTESIAN_POINT('',(-0.01255,-0.01,0.00135));
#12024=CARTESIAN_POINT('',(-0.01425,-0.01,0.00085));
#12025=CARTESIAN_POINT('',(-0.01425,-0.01,0.0005));
#12026=CARTESIAN_POINT('',(-0.01425,-0.01,2.14313189850787E-20));
#12027=CARTESIAN_POINT('',(-0.01425,-0.01,-0.00035));
#12028=CARTESIAN_POINT('',(-0.01425,-0.01,-0.00085));
#12029=CARTESIAN_POINT('',(-0.01425,-0.01,-0.0012));
#12030=CARTESIAN_POINT('',(-0.01425,-0.01,-0.0017));
#12031=CARTESIAN_POINT('',(-0.01425,-0.01,-0.00205));
#12032=CARTESIAN_POINT('',(-0.0134,-0.01,-0.0017));
#12033=CARTESIAN_POINT('',(-0.0134,-0.01,-0.00205));
#12034=CARTESIAN_POINT('',(-0.01255,-0.01,-0.0017));
#12035=CARTESIAN_POINT('',(-0.01255,-0.01,-0.00205));
#12036=CARTESIAN_POINT('',(-0.01085,-0.01,0.0017));
#12037=CARTESIAN_POINT('',(-0.01085,-0.01,0.00135));
#12038=CARTESIAN_POINT('',(-0.01,-0.01,0.0017));
#12039=CARTESIAN_POINT('',(-0.01,-0.01,0.00135));
#12040=CARTESIAN_POINT('',(-0.00915,-0.01,0.0017));
#12041=CARTESIAN_POINT('',(-0.00915,-0.01,0.00135));
#12042=CARTESIAN_POINT('',(-0.00915,-0.01,0.00085));
#12043=CARTESIAN_POINT('',(-0.00915,-0.01,0.0005));
#12044=CARTESIAN_POINT('',(-0.01085,-0.01,2.14313189850787E-20));
#12045=CARTESIAN_POINT('',(-0.01085,-0.01,-0.00035));
#12046=CARTESIAN_POINT('',(-0.01,-0.01,2.14313189850787E-20));
#12047=CARTESIAN_POINT('',(-0.01,-0.01,-0.00035));
#12048=CARTESIAN_POINT('',(-0.00915,-0.01,2.14313189850787E-20));
#12049=CARTESIAN_POINT('',(-0.00915,-0.01,-0.00035));
#12050=CARTESIAN_POINT('',(-0.00915,-0.01,-0.00085));
#12051=CARTESIAN_POINT('',(-0.00915,-0.01,-0.0012));
#12052=CARTESIAN_POINT('',(-0.00575,-0.01,-0.0017));
#12053=CARTESIAN_POINT('',(-0.00575,-0.01,-0.00205));
#12054=CARTESIAN_POINT('',(-0.0066,-0.01,-0.0017));
#12055=CARTESIAN_POINT('',(-0.0066,-0.01,-0.00205));
#12056=CARTESIAN_POINT('',(-0.00745,-0.01,-0.0017));
#12057=CARTESIAN_POINT('',(-0.00745,-0.01,-0.00205));
#12058=CARTESIAN_POINT('',(-0.00575,-0.01,-0.00085));
#12059=CARTESIAN_POINT('',(-0.00575,-0.01,-0.0012));
#12060=CARTESIAN_POINT('',(-0.00745,-0.01,-0.00085));
#12061=CARTESIAN_POINT('',(-0.00745,-0.01,-0.0012));
#12062=CARTESIAN_POINT('',(-0.00575,-0.01,2.14313189850787E-20));
#12063=CARTESIAN_POINT('',(-0.00575,-0.01,-0.00035));
#12064=CARTESIAN_POINT('',(-0.00745,-0.01,2.14313189850787E-20));
#12065=CARTESIAN_POINT('',(-0.00745,-0.01,-0.00035));
#12066=CARTESIAN_POINT('',(-0.01085,-0.01,-0.0017));
#12067=CARTESIAN_POINT('',(-0.01085,-0.01,-0.00205));
#12068=CARTESIAN_POINT('',(-0.01,-0.01,-0.0017));
#12069=CARTESIAN_POINT('',(-0.01,-0.01,-0.00205));
#12070=CARTESIAN_POINT('',(-0.00915,-0.01,-0.0017));
#12071=CARTESIAN_POINT('',(-0.00915,-0.01,-0.00205));
#12072=CARTESIAN_POINT('',(-0.00745,-0.01,0.0017));
#12073=CARTESIAN_POINT('',(-0.00745,-0.01,0.00135));
#12074=CARTESIAN_POINT('',(-0.0066,-0.01,0.0017));
#12075=CARTESIAN_POINT('',(-0.0066,-0.01,0.00135));
#12076=CARTESIAN_POINT('',(-0.00575,-0.01,0.0017));
#12077=CARTESIAN_POINT('',(-0.00575,-0.01,0.00135));
#12078=CARTESIAN_POINT('',(-0.00745,-0.01,0.00085));
#12079=CARTESIAN_POINT('',(-0.00745,-0.01,0.0005));
#12080=CARTESIAN_POINT('',(-0.00575,-0.01,0.00085));
#12081=CARTESIAN_POINT('',(-0.00575,-0.01,0.0005));
#12082=CARTESIAN_POINT('',(-0.01425,-0.01,0.0017));
#12083=CARTESIAN_POINT('',(-0.01425,-0.01,0.00135));
#12084=CARTESIAN_POINT('',(-0.01,-0.01,0.009));
#12085=CARTESIAN_POINT('',(-0.02,-0.01,0.009));
#12086=CARTESIAN_POINT('',(-0.02,-0.01,-3.03576608295941E-18));
#12087=CARTESIAN_POINT('',(-0.02,-0.01,-0.01));
#12088=CARTESIAN_POINT('',(-0.01,-0.01,-0.01));
#12089=CARTESIAN_POINT('',(-0.01,-0.01,-0.01));
#12090=CARTESIAN_POINT('',(-0.01,-0.00015,-0.01));
#12091=CARTESIAN_POINT('',(-0.02,-0.00015,-0.01));
#12092=CARTESIAN_POINT('',(-0.02,-0.01,-0.01));
#12093=CARTESIAN_POINT('',(-0.02,-0.01,-3.03576608295941E-18));
#12094=CARTESIAN_POINT('',(-0.02,2.00000000000027E-6,0.009));
#12095=CARTESIAN_POINT('',(-0.02,-0.00065,0.009));
#12096=CARTESIAN_POINT('',(-0.02,-0.000825,0.009175));
#12097=CARTESIAN_POINT('',(-0.02,-0.00015,0.0085));
#12098=CARTESIAN_POINT('',(-0.02,-0.00015,-3.03576608295941E-18));
#12099=CARTESIAN_POINT('',(-0.01,2.00000000000027E-6,0.009));
#12100=CARTESIAN_POINT('',(-0.02,-0.00065,0.009));
#12101=CARTESIAN_POINT('',(-0.00515,0.01,5.20417042793042E-20));
#12102=CARTESIAN_POINT('',(-0.00515,0.01,1.08940634291343E-17));
#12103=CARTESIAN_POINT('',(-0.00515,0.01,-0.00485));
#12104=CARTESIAN_POINT('',(-0.00515,0.01,0.00485));
#12105=CARTESIAN_POINT('',(-0.00515,0.01,0.00485));
#12106=CARTESIAN_POINT('',(-0.00515,-0.00015,0.00485));
#12107=CARTESIAN_POINT('',(-0.00515,-0.00015,1.78676518025611E-18));
#12108=CARTESIAN_POINT('',(-0.00515,-0.00015,-0.00485));
#12109=CARTESIAN_POINT('',(-0.00515,0.01,-0.00485));
#12110=CARTESIAN_POINT('',(-0.01,0.01,-0.00485));
#12111=CARTESIAN_POINT('',(-8.41340885848752E-19,-0.00015,-0.00485));
#12112=CARTESIAN_POINT('',(-0.01485,-0.00015,-0.00485));
#12113=CARTESIAN_POINT('',(-0.01485,0.01,-0.00485));
#12114=CARTESIAN_POINT('',(-0.01485,0.01,-0.00485));
#12115=CARTESIAN_POINT('',(0.02,0.01,-0.00485));
#12116=CARTESIAN_POINT('',(-0.01485,0.01,8.15320033709099E-19));
#12117=CARTESIAN_POINT('',(-0.01485,-0.00015,5.15212872365112E-18));
#12118=CARTESIAN_POINT('',(-0.01485,-0.00015,0.00485));
#12119=CARTESIAN_POINT('',(-0.01485,0.01,0.00485));
#12120=CARTESIAN_POINT('',(-0.01485,0.01,0.00485));
#12121=CARTESIAN_POINT('',(-0.01485,0.01,1.42594269725294E-17));
#12122=CARTESIAN_POINT('',(-0.01,0.01,0.00485));
#12123=CARTESIAN_POINT('',(0.02,0.01,0.00485));
#12124=CARTESIAN_POINT('',(8.41340885848751E-19,-0.00015,0.00485));
#12125=CARTESIAN_POINT('',(0.,-0.00015,0.));
#12126=CARTESIAN_POINT('',(-3.38271077815477E-18,-0.00015,0.0085));
#12127=CARTESIAN_POINT('',(0.02,0.01,2.16840434497101E-18));
#12128=CARTESIAN_POINT('',(-1.47451495458029E-18,-0.00015,0.0085));
#12129=CARTESIAN_POINT('',(-0.01425,-0.01,0.0017));
#12130=CARTESIAN_POINT('',(-0.01425,-0.0096,0.0017));
#12131=CARTESIAN_POINT('',(-0.01425,-0.0096,0.00135));
#12132=CARTESIAN_POINT('',(0.,-0.0096,0.));
#12133=CARTESIAN_POINT('',(-0.00575,-0.01,0.00085));
#12134=CARTESIAN_POINT('',(-0.00575,-0.0096,0.00085));
#12135=CARTESIAN_POINT('',(-0.00575,-0.0096,0.0005));
#12136=CARTESIAN_POINT('',(0.,-0.0096,0.));
#12137=CARTESIAN_POINT('',(-0.00745,-0.01,0.00085));
#12138=CARTESIAN_POINT('',(-0.00745,-0.0096,0.00085));
#12139=CARTESIAN_POINT('',(-0.00745,-0.0096,0.0005));
#12140=CARTESIAN_POINT('',(0.,-0.0096,0.));
#12141=CARTESIAN_POINT('',(-0.00575,-0.01,0.0017));
#12142=CARTESIAN_POINT('',(-0.00575,-0.0096,0.0017));
#12143=CARTESIAN_POINT('',(-0.00575,-0.0096,0.00135));
#12144=CARTESIAN_POINT('',(0.,-0.0096,0.));
#12145=CARTESIAN_POINT('',(-0.0066,-0.01,0.0017));
#12146=CARTESIAN_POINT('',(-0.0066,-0.0096,0.0017));
#12147=CARTESIAN_POINT('',(-0.0066,-0.0096,0.00135));
#12148=CARTESIAN_POINT('',(0.,-0.0096,0.));
#12149=CARTESIAN_POINT('',(-0.00745,-0.01,0.0017));
#12150=CARTESIAN_POINT('',(-0.00745,-0.0096,0.0017));
#12151=CARTESIAN_POINT('',(-0.00745,-0.0096,0.00135));
#12152=CARTESIAN_POINT('',(0.,-0.0096,0.));
#12153=CARTESIAN_POINT('',(-0.00915,-0.01,-0.0017));
#12154=CARTESIAN_POINT('',(-0.00915,-0.0096,-0.0017));
#12155=CARTESIAN_POINT('',(-0.00915,-0.0096,-0.00205));
#12156=CARTESIAN_POINT('',(0.,-0.0096,0.));
#12157=CARTESIAN_POINT('',(-0.01,-0.01,-0.0017));
#12158=CARTESIAN_POINT('',(-0.01,-0.0096,-0.0017));
#12159=CARTESIAN_POINT('',(-0.01,-0.0096,-0.00205));
#12160=CARTESIAN_POINT('',(0.,-0.0096,0.));
#12161=CARTESIAN_POINT('',(-0.01085,-0.01,-0.0017));
#12162=CARTESIAN_POINT('',(-0.01085,-0.0096,-0.0017));
#12163=CARTESIAN_POINT('',(-0.01085,-0.0096,-0.00205));
#12164=CARTESIAN_POINT('',(0.,-0.0096,0.));
#12165=CARTESIAN_POINT('',(-0.00745,-0.01,2.14313189850787E-20));
#12166=CARTESIAN_POINT('',(-0.00745,-0.0096,2.14313189850787E-20));
#12167=CARTESIAN_POINT('',(-0.00745,-0.0096,-0.00035));
#12168=CARTESIAN_POINT('',(0.,-0.0096,0.));
#12169=CARTESIAN_POINT('',(-0.00575,-0.01,2.14313189850787E-20));
#12170=CARTESIAN_POINT('',(-0.00575,-0.0096,2.14313189850787E-20));
#12171=CARTESIAN_POINT('',(-0.00575,-0.0096,-0.00035));
#12172=CARTESIAN_POINT('',(0.,-0.0096,0.));
#12173=CARTESIAN_POINT('',(-0.00745,-0.01,-0.00085));
#12174=CARTESIAN_POINT('',(-0.00745,-0.0096,-0.00085));
#12175=CARTESIAN_POINT('',(-0.00745,-0.0096,-0.0012));
#12176=CARTESIAN_POINT('',(0.,-0.0096,0.));
#12177=CARTESIAN_POINT('',(-0.00575,-0.01,-0.00085));
#12178=CARTESIAN_POINT('',(-0.00575,-0.0096,-0.00085));
#12179=CARTESIAN_POINT('',(-0.00575,-0.0096,-0.0012));
#12180=CARTESIAN_POINT('',(0.,-0.0096,0.));
#12181=CARTESIAN_POINT('',(-0.00745,-0.01,-0.0017));
#12182=CARTESIAN_POINT('',(-0.00745,-0.0096,-0.0017));
#12183=CARTESIAN_POINT('',(-0.00745,-0.0096,-0.00205));
#12184=CARTESIAN_POINT('',(0.,-0.0096,0.));
#12185=CARTESIAN_POINT('',(-0.0066,-0.01,-0.0017));
#12186=CARTESIAN_POINT('',(-0.0066,-0.0096,-0.0017));
#12187=CARTESIAN_POINT('',(-0.0066,-0.0096,-0.00205));
#12188=CARTESIAN_POINT('',(0.,-0.0096,0.));
#12189=CARTESIAN_POINT('',(-0.00575,-0.01,-0.0017));
#12190=CARTESIAN_POINT('',(-0.00575,-0.0096,-0.0017));
#12191=CARTESIAN_POINT('',(-0.00575,-0.0096,-0.00205));
#12192=CARTESIAN_POINT('',(0.,-0.0096,0.));
#12193=CARTESIAN_POINT('',(-0.00915,-0.01,-0.00085));
#12194=CARTESIAN_POINT('',(-0.00915,-0.0096,-0.00085));
#12195=CARTESIAN_POINT('',(-0.00915,-0.0096,-0.0012));
#12196=CARTESIAN_POINT('',(0.,-0.0096,0.));
#12197=CARTESIAN_POINT('',(-0.00915,-0.01,2.14313189850787E-20));
#12198=CARTESIAN_POINT('',(-0.00915,-0.0096,2.14313189850787E-20));
#12199=CARTESIAN_POINT('',(-0.00915,-0.0096,-0.00035));
#12200=CARTESIAN_POINT('',(0.,-0.0096,0.));
#12201=CARTESIAN_POINT('',(-0.01,-0.01,2.14313189850787E-20));
#12202=CARTESIAN_POINT('',(-0.01,-0.0096,2.14313189850787E-20));
#12203=CARTESIAN_POINT('',(-0.01,-0.0096,-0.00035));
#12204=CARTESIAN_POINT('',(0.,-0.0096,0.));
#12205=CARTESIAN_POINT('',(-0.01085,-0.01,2.14313189850787E-20));
#12206=CARTESIAN_POINT('',(-0.01085,-0.0096,2.14313189850787E-20));
#12207=CARTESIAN_POINT('',(-0.01085,-0.0096,-0.00035));
#12208=CARTESIAN_POINT('',(0.,-0.0096,0.));
#12209=CARTESIAN_POINT('',(-0.00915,-0.01,0.00085));
#12210=CARTESIAN_POINT('',(-0.00915,-0.0096,0.00085));
#12211=CARTESIAN_POINT('',(-0.00915,-0.0096,0.0005));
#12212=CARTESIAN_POINT('',(0.,-0.0096,0.));
#12213=CARTESIAN_POINT('',(-0.00915,-0.01,0.0017));
#12214=CARTESIAN_POINT('',(-0.00915,-0.0096,0.0017));
#12215=CARTESIAN_POINT('',(-0.00915,-0.0096,0.00135));
#12216=CARTESIAN_POINT('',(0.,-0.0096,0.));
#12217=CARTESIAN_POINT('',(-0.01,-0.01,0.0017));
#12218=CARTESIAN_POINT('',(-0.01,-0.0096,0.0017));
#12219=CARTESIAN_POINT('',(-0.01,-0.0096,0.00135));
#12220=CARTESIAN_POINT('',(0.,-0.0096,0.));
#12221=CARTESIAN_POINT('',(-0.01085,-0.01,0.0017));
#12222=CARTESIAN_POINT('',(-0.01085,-0.0096,0.0017));
#12223=CARTESIAN_POINT('',(-0.01085,-0.0096,0.00135));
#12224=CARTESIAN_POINT('',(0.,-0.0096,0.));
#12225=CARTESIAN_POINT('',(-0.01255,-0.01,-0.0017));
#12226=CARTESIAN_POINT('',(-0.01255,-0.0096,-0.0017));
#12227=CARTESIAN_POINT('',(-0.01255,-0.0096,-0.00205));
#12228=CARTESIAN_POINT('',(0.,-0.0096,0.));
#12229=CARTESIAN_POINT('',(-0.0134,-0.01,-0.0017));
#12230=CARTESIAN_POINT('',(-0.0134,-0.0096,-0.0017));
#12231=CARTESIAN_POINT('',(-0.0134,-0.0096,-0.00205));
#12232=CARTESIAN_POINT('',(0.,-0.0096,0.));
#12233=CARTESIAN_POINT('',(-0.01425,-0.01,-0.0017));
#12234=CARTESIAN_POINT('',(-0.01425,-0.0096,-0.0017));
#12235=CARTESIAN_POINT('',(-0.01425,-0.0096,-0.00205));
#12236=CARTESIAN_POINT('',(0.,-0.0096,0.));
#12237=CARTESIAN_POINT('',(-0.01425,-0.01,-0.00085));
#12238=CARTESIAN_POINT('',(-0.01425,-0.0096,-0.00085));
#12239=CARTESIAN_POINT('',(-0.01425,-0.0096,-0.0012));
#12240=CARTESIAN_POINT('',(0.,-0.0096,0.));
#12241=CARTESIAN_POINT('',(-0.01425,-0.01,2.14313189850787E-20));
#12242=CARTESIAN_POINT('',(-0.01425,-0.0096,2.14313189850787E-20));
#12243=CARTESIAN_POINT('',(-0.01425,-0.0096,-0.00035));
#12244=CARTESIAN_POINT('',(0.,-0.0096,0.));
#12245=CARTESIAN_POINT('',(-0.01425,-0.01,0.00085));
#12246=CARTESIAN_POINT('',(-0.01425,-0.0096,0.00085));
#12247=CARTESIAN_POINT('',(-0.01425,-0.0096,0.0005));
#12248=CARTESIAN_POINT('',(0.,-0.0096,0.));
#12249=CARTESIAN_POINT('',(-0.01255,-0.01,0.0017));
#12250=CARTESIAN_POINT('',(-0.01255,-0.0096,0.0017));
#12251=CARTESIAN_POINT('',(-0.01255,-0.0096,0.00135));
#12252=CARTESIAN_POINT('',(0.,-0.0096,0.));
#12253=CARTESIAN_POINT('',(-0.0134,-0.01,0.0017));
#12254=CARTESIAN_POINT('',(-0.0134,-0.0096,0.0017));
#12255=CARTESIAN_POINT('',(-0.0134,-0.0096,0.00135));
#12256=CARTESIAN_POINT('',(0.,-0.0096,0.));
#12257=MECHANICAL_DESIGN_GEOMETRIC_PRESENTATION_REPRESENTATION('',(#6885),
#12262);
#12258=MECHANICAL_DESIGN_GEOMETRIC_PRESENTATION_REPRESENTATION('',(#6886),
#12263);
#12259=MECHANICAL_DESIGN_GEOMETRIC_PRESENTATION_REPRESENTATION('',(#6887),
#12264);
#12260=MECHANICAL_DESIGN_GEOMETRIC_PRESENTATION_REPRESENTATION('',(#6888),
#12265);
#12261=MECHANICAL_DESIGN_GEOMETRIC_PRESENTATION_REPRESENTATION('',(#6889),
#12266);
#12262=(
GEOMETRIC_REPRESENTATION_CONTEXT(3)
GLOBAL_UNCERTAINTY_ASSIGNED_CONTEXT((#12267))
GLOBAL_UNIT_ASSIGNED_CONTEXT((#12282,#12277,#12272))
REPRESENTATION_CONTEXT('Tenon C0.40','TOP_LEVEL_ASSEMBLY_PART')
);
#12263=(
GEOMETRIC_REPRESENTATION_CONTEXT(3)
GLOBAL_UNCERTAINTY_ASSIGNED_CONTEXT((#12268))
GLOBAL_UNIT_ASSIGNED_CONTEXT((#12283,#12278,#12273))
REPRESENTATION_CONTEXT('Tenon C0.20','TOP_LEVEL_ASSEMBLY_PART')
);
#12264=(
GEOMETRIC_REPRESENTATION_CONTEXT(3)
GLOBAL_UNCERTAINTY_ASSIGNED_CONTEXT((#12269))
GLOBAL_UNIT_ASSIGNED_CONTEXT((#12284,#12279,#12274))
REPRESENTATION_CONTEXT('Mortise rail - C0.20 to C0.50',
'TOP_LEVEL_ASSEMBLY_PART')
);
#12265=(
GEOMETRIC_REPRESENTATION_CONTEXT(3)
GLOBAL_UNCERTAINTY_ASSIGNED_CONTEXT((#12270))
GLOBAL_UNIT_ASSIGNED_CONTEXT((#12285,#12280,#12275))
REPRESENTATION_CONTEXT('Tenon C0.50','TOP_LEVEL_ASSEMBLY_PART')
);
#12266=(
GEOMETRIC_REPRESENTATION_CONTEXT(3)
GLOBAL_UNCERTAINTY_ASSIGNED_CONTEXT((#12271))
GLOBAL_UNIT_ASSIGNED_CONTEXT((#12286,#12281,#12276))
REPRESENTATION_CONTEXT('Tenon C0.30','TOP_LEVEL_ASSEMBLY_PART')
);
#12267=UNCERTAINTY_MEASURE_WITH_UNIT(LENGTH_MEASURE(1.E-8),#12282,
'DISTANCE_ACCURACY_VALUE','Maximum Tolerance applied to model');
#12268=UNCERTAINTY_MEASURE_WITH_UNIT(LENGTH_MEASURE(1.E-8),#12283,
'DISTANCE_ACCURACY_VALUE','Maximum Tolerance applied to model');
#12269=UNCERTAINTY_MEASURE_WITH_UNIT(LENGTH_MEASURE(1.E-8),#12284,
'DISTANCE_ACCURACY_VALUE','Maximum Tolerance applied to model');
#12270=UNCERTAINTY_MEASURE_WITH_UNIT(LENGTH_MEASURE(1.E-8),#12285,
'DISTANCE_ACCURACY_VALUE','Maximum Tolerance applied to model');
#12271=UNCERTAINTY_MEASURE_WITH_UNIT(LENGTH_MEASURE(1.E-8),#12286,
'DISTANCE_ACCURACY_VALUE','Maximum Tolerance applied to model');
#12272=(
NAMED_UNIT(*)
SI_UNIT($,.STERADIAN.)
SOLID_ANGLE_UNIT()
);
#12273=(
NAMED_UNIT(*)
SI_UNIT($,.STERADIAN.)
SOLID_ANGLE_UNIT()
);
#12274=(
NAMED_UNIT(*)
SI_UNIT($,.STERADIAN.)
SOLID_ANGLE_UNIT()
);
#12275=(
NAMED_UNIT(*)
SI_UNIT($,.STERADIAN.)
SOLID_ANGLE_UNIT()
);
#12276=(
NAMED_UNIT(*)
SI_UNIT($,.STERADIAN.)
SOLID_ANGLE_UNIT()
);
#12277=(
NAMED_UNIT(*)
PLANE_ANGLE_UNIT()
SI_UNIT($,.RADIAN.)
);
#12278=(
NAMED_UNIT(*)
PLANE_ANGLE_UNIT()
SI_UNIT($,.RADIAN.)
);
#12279=(
NAMED_UNIT(*)
PLANE_ANGLE_UNIT()
SI_UNIT($,.RADIAN.)
);
#12280=(
NAMED_UNIT(*)
PLANE_ANGLE_UNIT()
SI_UNIT($,.RADIAN.)
);
#12281=(
NAMED_UNIT(*)
PLANE_ANGLE_UNIT()
SI_UNIT($,.RADIAN.)
);
#12282=(
LENGTH_UNIT()
NAMED_UNIT(*)
SI_UNIT($,.METRE.)
);
#12283=(
LENGTH_UNIT()
NAMED_UNIT(*)
SI_UNIT($,.METRE.)
);
#12284=(
LENGTH_UNIT()
NAMED_UNIT(*)
SI_UNIT($,.METRE.)
);
#12285=(
LENGTH_UNIT()
NAMED_UNIT(*)
SI_UNIT($,.METRE.)
);
#12286=(
LENGTH_UNIT()
NAMED_UNIT(*)
SI_UNIT($,.METRE.)
);
#12287=PRODUCT_DEFINITION_SHAPE('','',#12292);
#12288=PRODUCT_DEFINITION_SHAPE('','',#12293);
#12289=PRODUCT_DEFINITION_SHAPE('','',#12294);
#12290=PRODUCT_DEFINITION_SHAPE('','',#12295);
#12291=PRODUCT_DEFINITION_SHAPE('','',#12296);
#12292=PRODUCT_DEFINITION('','',#12302,#12297);
#12293=PRODUCT_DEFINITION('','',#12303,#12298);
#12294=PRODUCT_DEFINITION('','',#12304,#12299);
#12295=PRODUCT_DEFINITION('','',#12305,#12300);
#12296=PRODUCT_DEFINITION('','',#12306,#12301);
#12297=PRODUCT_DEFINITION_CONTEXT('',#12332,'design');
#12298=PRODUCT_DEFINITION_CONTEXT('',#12333,'design');
#12299=PRODUCT_DEFINITION_CONTEXT('',#12334,'design');
#12300=PRODUCT_DEFINITION_CONTEXT('',#12335,'design');
#12301=PRODUCT_DEFINITION_CONTEXT('',#12336,'design');
#12302=PRODUCT_DEFINITION_FORMATION_WITH_SPECIFIED_SOURCE('','',#12312,
 .NOT_KNOWN.);
#12303=PRODUCT_DEFINITION_FORMATION_WITH_SPECIFIED_SOURCE('','',#12313,
 .NOT_KNOWN.);
#12304=PRODUCT_DEFINITION_FORMATION_WITH_SPECIFIED_SOURCE('','',#12314,
 .NOT_KNOWN.);
#12305=PRODUCT_DEFINITION_FORMATION_WITH_SPECIFIED_SOURCE('','',#12315,
 .NOT_KNOWN.);
#12306=PRODUCT_DEFINITION_FORMATION_WITH_SPECIFIED_SOURCE('','',#12316,
 .NOT_KNOWN.);
#12307=PRODUCT_RELATED_PRODUCT_CATEGORY('','',(#12312));
#12308=PRODUCT_RELATED_PRODUCT_CATEGORY('','',(#12313));
#12309=PRODUCT_RELATED_PRODUCT_CATEGORY('','',(#12314));
#12310=PRODUCT_RELATED_PRODUCT_CATEGORY('','',(#12315));
#12311=PRODUCT_RELATED_PRODUCT_CATEGORY('','',(#12316));
#12312=PRODUCT('Tenon C0.40','Tenon C0.40','Tenon C0.40',(#12322));
#12313=PRODUCT('Tenon C0.20','Tenon C0.20','Tenon C0.20',(#12323));
#12314=PRODUCT('Mortise rail - C0.20 to C0.50',
'Mortise rail - C0.20 to C0.50','Mortise rail - C0.20 to C0.50',(#12324));
#12315=PRODUCT('Tenon C0.50','Tenon C0.50','Tenon C0.50',(#12325));
#12316=PRODUCT('Tenon C0.30','Tenon C0.30','Tenon C0.30',(#12326));
#12317=PRODUCT_CATEGORY('','');
#12318=PRODUCT_CATEGORY('','');
#12319=PRODUCT_CATEGORY('','');
#12320=PRODUCT_CATEGORY('','');
#12321=PRODUCT_CATEGORY('','');
#12322=PRODUCT_CONTEXT('',#12332,'mechanical');
#12323=PRODUCT_CONTEXT('',#12333,'mechanical');
#12324=PRODUCT_CONTEXT('',#12334,'mechanical');
#12325=PRODUCT_CONTEXT('',#12335,'mechanical');
#12326=PRODUCT_CONTEXT('',#12336,'mechanical');
#12327=APPLICATION_PROTOCOL_DEFINITION('international standard',
'ap242_managed_model_based_3d_engineering',2020,#12332);
#12328=APPLICATION_PROTOCOL_DEFINITION('international standard',
'ap242_managed_model_based_3d_engineering',2020,#12333);
#12329=APPLICATION_PROTOCOL_DEFINITION('international standard',
'ap242_managed_model_based_3d_engineering',2020,#12334);
#12330=APPLICATION_PROTOCOL_DEFINITION('international standard',
'ap242_managed_model_based_3d_engineering',2020,#12335);
#12331=APPLICATION_PROTOCOL_DEFINITION('international standard',
'ap242_managed_model_based_3d_engineering',2020,#12336);
#12332=APPLICATION_CONTEXT('managed model based 3d engineering');
#12333=APPLICATION_CONTEXT('managed model based 3d engineering');
#12334=APPLICATION_CONTEXT('managed model based 3d engineering');
#12335=APPLICATION_CONTEXT('managed model based 3d engineering');
#12336=APPLICATION_CONTEXT('managed model based 3d engineering');
ENDSEC;
END-ISO-10303-21;
